month,employed_junior,employed_mid,employed_senior,employed_total,unemployed,junior_hires,hires_total,vacancies_posted,grads,layoffs,exits,ai_task_share,adoption,n_firms,manager_seats,unit_cost_rel,wage_junior,wage_mid,wage_senior,senior_premium,elasticity,junior_hires_per_senior,employed_junior_vs_cf,employed_total_vs_cf,variant,seed
0,2158,1443,854,4455,269,24,45,45,27,64,0,2.7960043930780468e-05,0.03960832151777864,150,702,1.003736288938464,5833.333333333333,9166.666666666666,12500.0,2.142857142857143,1.0,0.3372365339578454,1.0018570102135562,1.0022497187851518,aux_base,0
1,2168,1450,864,4482,260,38,92,92,21,62,0,3.409131232401352e-05,0.043229853876958366,149,696,1.0037056262832784,5833.333333333333,9166.666666666666,12500.0,2.142857142857143,1.0,0.4305555555555556,1.0041685965724874,1.0074173971679028,aux_base,0
2,2155,1428,849,4432,324,33,61,61,19,106,0,4.1052992202114705e-05,0.046585558574944945,149,689,1.0037530031385122,5833.333333333333,9166.666666666666,12500.0,2.142857142857143,1.0,0.44758539458186103,1.018431001890359,1.0153493699885452,aux_base,0
3,2157,1437,857,4451,320,32,73,73,16,53,0,5.1878097562881656e-05,0.05266673024040091,149,694,1.0036152845087776,5831.804495335029,9166.666666666666,12500.0,2.143418904045735,1.0,0.44457409568261375,1.025190114068441,1.0243958573072498,aux_base,0
4,2147,1426,849,4422,357,29,57,57,15,84,5,6.435488955288453e-05,0.058433752017830125,150,684,1.003380383451014,5827.69516474127,9166.666666666666,12500.0,2.1449303106359303,1.0,0.4409893992932862,1.018984337921215,1.0179558011049723,aux_base,0
5,2147,1433,856,4436,352,38,82,82,14,66,3,8.121722686463624e-05,0.06594007107964701,150,684,1.0029956602264436,5822.038584786903,9166.666666666666,12500.0,2.147014283392545,1.0,0.4532710280373832,1.0117813383600378,1.0158003205862147,aux_base,0
6,2131,1418,847,4396,398,27,51,51,13,87,3,0.00010164764029718022,0.07377549207644052,150,677,1.0024621967712142,5813.13057416427,9166.666666666666,12500.0,2.1503043567530864,1.0,0.4472929667734863,0.99719232569022,0.998863894569416,aux_base,0
7,2129,1423,844,4396,406,30,70,70,12,66,0,0.00012739966462538442,0.08264127406831022,150,673,1.001824937801943,5802.706530219402,9166.666666666666,12500.0,2.154167186450384,1.0,0.44609004739336494,1.0,1.0018231540565177,aux_base,0
8,2115,1417,851,4383,428,34,88,88,11,101,2,0.00016027713184646312,0.09290108916081975,149,673,1.0009792305810135,5789.66544545641,9166.666666666666,12500.0,2.159019397193269,1.0,0.44653349001175086,1.0119617224880382,1.0202513966480447,aux_base,0
9,2105,1412,840,4357,459,29,52,52,10,76,3,0.00019344710648439353,0.10017178267312399,149,663,1.0000824990809705,5774.624252752751,9166.666666666666,12500.0,2.1646430058269637,1.0,0.4485714285714285,1.0028585040495475,1.00437989857077,aux_base,0
10,2069,1385,826,4280,541,27,57,57,10,132,3,0.00023985118878542847,0.11093783801532237,146,652,0.9987620044350632,5754.626766956418,9164.281153676793,12500.0,2.1721651996226967,1.0,0.45036319612590797,0.9866475917978064,0.9866297833102813,aux_base,0
11,2082,1395,828,4305,517,32,73,73,9,46,6,0.00028606006014961845,0.11816215654812516,146,658,0.9976157677010816,5735.832099239708,9164.281153676793,12500.0,2.1792827585829944,1.0,0.4504830917874396,1.007256894049347,1.0100891600187705,aux_base,0
12,2102,1399,834,4335,491,41,81,81,9,51,5,0.00033383524400012213,0.12313289472710146,147,660,0.9965690303350495,5718.946523875048,9164.281153676793,12500.0,2.1857172379241345,1.0,0.4676258992805755,1.011063011063011,1.0060338825713622,aux_base,0
13,2108,1403,831,4342,484,34,74,74,9,63,5,0.0003972677121015625,0.1308255857868761,146,658,0.9955371276700258,5702.409529223189,9164.281153676793,12500.0,2.1920558206037533,1.0,0.4645006016847172,1.004287756074321,1.00462748727441,aux_base,0
14,2083,1402,830,4315,515,21,59,59,9,85,4,0.0004686485322503843,0.1377784425929432,145,654,0.994299249886184,5682.509283723246,9164.281153676793,12500.0,2.199732437886992,1.0,0.4506024096385542,0.9783936120244247,0.9797910990009082,aux_base,0
15,2078,1391,823,4292,535,28,52,52,9,69,6,0.0005436411368136075,0.1426721555323575,146,651,0.9929809300196698,5661.509913096588,9164.281153676793,12500.0,2.207891568128169,1.0,0.44957472660996356,0.9701213818860878,0.9708210812033476,aux_base,0
16,2097,1402,835,4334,490,42,88,88,8,45,10,0.0006314756643027805,0.1479302588041003,147,650,0.991785863058493,5642.778060672394,9164.281153676793,12500.0,2.215220918773917,1.0,0.45868263473053894,0.9717330861909175,0.9730579254602605,aux_base,0
17,2088,1394,827,4309,508,22,48,48,9,69,12,0.0007441162608240576,0.1555996798170375,147,647,0.9905283491575388,5623.367640258226,9164.281153676793,12500.0,2.222867292280751,1.0,0.4437726723095526,0.9707112970711297,0.9709328526363227,aux_base,0
18,2087,1400,832,4319,492,23,59,59,9,45,11,0.0008769153816094655,0.16368233486423403,147,646,0.9892841929827106,5604.104566122115,9164.281153676793,12500.0,2.230507987942426,1.0,0.4362980769230769,0.9747781410555815,0.9782559456398641,aux_base,0
19,2095,1409,834,4338,466,31,69,69,9,47,13,0.0010201835137985578,0.16999002664324095,147,645,0.9880640393935237,5585.529265983225,9164.281153676793,12500.0,2.237925790869456,1.0,0.4364508393285372,0.9821847163619315,0.9847900113507378,aux_base,0
20,2094,1406,831,4331,468,32,65,65,9,68,10,0.0011904162334712394,0.1770872901925518,147,639,0.9868028115944117,5566.998879857431,9164.281153676793,12500.0,2.24537498026587,1.0,0.43561973525872444,0.9896030245746692,0.9924381301558204,aux_base,0
21,2099,1403,832,4334,460,31,67,67,9,61,11,0.0013972129339858603,0.185590691553096,147,637,0.9855372423192554,5549.194473162553,9164.281153676793,12500.0,2.2525791915301356,1.0,0.4375,0.9952584163110479,0.9942647396191787,aux_base,0
22,2100,1400,832,4332,456,26,55,55,9,56,14,0.0016253991315838207,0.19281521265099902,147,636,0.9842976136435797,5532.045716069763,9164.281153676793,12500.0,2.259561948971133,1.0,0.4362980769230769,0.9943181818181818,0.9926672777268561,aux_base,0
23,2088,1402,823,4313,473,24,58,58,9,72,6,0.0018899474485137167,0.20027384076774848,146,627,0.9829660792671084,5513.208321722021,9164.281153676793,12500.0,2.267282364562581,1.0,0.4313487241798299,0.9825882352941177,0.9833561331509348,aux_base,0
24,2098,1397,827,4322,460,33,68,68,9,57,11,0.0021753554688409447,0.20598160332482612,146,629,0.9816152174782756,5495.656066656947,9164.281153676793,12500.0,2.274523705338761,1.0,0.4195888754534462,0.9868297271872061,0.9856328392246294,aux_base,0
25,2111,1413,835,4359,417,38,92,93,9,54,14,0.002490432314914572,0.21079202937300054,147,632,0.9804371960749023,5480.004905512084,9164.281153676793,12500.0,2.2810198559177977,1.0,0.42035928143712575,0.9864485981308411,0.9897820163487738,aux_base,0
26,2096,1397,835,4328,448,30,64,69,9,93,7,0.0028857795046743004,0.2184291814063825,147,632,0.9790322001642829,5462.526197055287,9164.281153676793,12500.0,2.288318545133649,1.0,0.4311377245508982,0.9767008387698043,0.9783001808318263,aux_base,0
27,2082,1395,834,4311,462,26,59,59,9,75,11,0.0033341327109608814,0.22579633236912972,147,632,0.9775627911208946,5443.731176419794,9164.281153676793,12500.0,2.2962191913783916,1.0,0.4292565947242206,0.9765478424015009,0.9795501022494888,aux_base,0
28,2080,1392,826,4298,472,49,96,96,9,107,10,0.0038931937106010048,0.23603631934828753,146,624,0.9758915965414571,5424.778267712357,9164.281153676793,12500.0,2.3042416451191254,1.0,0.44188861985472155,0.9746954076850984,0.9770402364173676,aux_base,0
29,2061,1374,821,4256,513,37,72,72,9,114,10,0.0044418087548795055,0.2412459688043885,145,621,0.9741230510416699,5403.691021744854,9164.281153676793,12500.0,2.313233667450465,1.0,0.4628501827040195,0.9763145428706774,0.9761467889908257,aux_base,0
30,2076,1385,824,4285,481,34,70,70,8,40,10,0.0051678053975133245,0.25162906754033787,145,622,0.972313502227684,5384.529467078789,9164.281153676793,12500.0,2.321465612998398,1.0,0.47451456310679613,0.9829545454545454,0.9805491990846682,aux_base,0
31,2097,1401,833,4331,433,42,91,94,9,43,9,0.005965474601082518,0.26062842141043696,146,627,0.9705978270128459,5367.653832207723,9164.281153676793,12500.0,2.3287641846416784,1.0,0.48259303721488594,0.9771668219944082,0.9774317309862334,aux_base,0
32,2103,1412,837,4352,413,27,61,65,9,38,6,0.006856067513861733,0.26901974138879636,147,632,0.9688606272341884,5351.206762237577,9164.281153676793,12500.0,2.335921700542402,1.0,0.4743130227001195,0.9758700696055684,0.9781973477185885,aux_base,0
33,2099,1407,834,4340,419,28,58,61,9,66,11,0.007891977562096617,0.2784078486582204,148,627,0.9669029715908299,5334.560507282877,9164.281153676793,12500.0,2.343210838631352,1.0,0.4724220623501199,0.9735621521335807,0.9770373705538046,aux_base,0
34,1959,1316,780,4055,704,21,52,52,9,334,6,0.009250363722897219,0.293724755131245,147,584,0.9635945639673577,5307.887704746462,9150.990774373357,12500.0,2.3549857674686954,1.0,0.4987179487179487,0.906524757056918,0.9098048014359434,aux_base,0
35,2005,1337,795,4137,618,59,113,113,8,27,8,0.010702533939863482,0.3062667890722155,147,588,0.960337048087043,5281.34826622273,9144.225112947754,12500.0,2.366819866802709,1.0,0.5333333333333333,0.9321245932124593,0.9321766561514195,aux_base,0
36,2014,1341,796,4151,604,29,57,57,8,41,6,0.012208299031318778,0.3152763001403513,146,591,0.9571667930148718,5255.303379095827,9138.70266961617,12500.0,2.378549647527793,1.0,0.5276381909547738,0.9319759370661731,0.9290510295434199,aux_base,0
37,2001,1334,792,4127,629,36,77,77,8,100,6,0.014205744882100383,0.33155796889775335,145,584,0.9535117149118326,5229.026862200348,9131.017992083562,12500.0,2.39050215831939,1.0,0.5277777777777778,0.9263888888888889,0.9253363228699552,aux_base,0
38,2006,1350,799,4155,592,27,71,71,8,41,15,0.016312826290248474,0.344638512913882,145,583,0.9500915873914799,5202.881727889346,9128.28548703786,12500.0,2.402514731979287,1.0,0.5193992490613266,0.925703737886479,0.9266280107047279,aux_base,0
39,2006,1342,796,4144,589,22,44,44,8,53,20,0.018660430944951328,0.35745061346846685,145,584,0.9461891126433382,5177.685006448004,9123.643985942756,12500.0,2.4142063459699052,1.0,0.5163316582914573,0.921875,0.9221183800623053,aux_base,0
40,2001,1333,793,4127,599,40,86,86,8,102,14,0.02096678493789631,0.36479074482294765,144,579,0.9422653457266056,5152.516177440509,9116.501051641686,12500.0,2.4259991758452517,1.0,0.5069356872635561,0.9128649635036497,0.9132551449435716,aux_base,0
41,1978,1315,781,4074,647,23,44,44,8,95,11,0.02377436384106085,0.37638196517434575,141,570,0.9376510746644051,5126.753596553306,9104.073397798036,12500.0,2.4381901264776396,1.0,0.4967989756722151,0.9015496809480401,0.8993377483443709,aux_base,0
42,1946,1301,774,4021,690,20,46,46,8,98,17,0.026978269057642477,0.3893670439493772,140,559,0.9327428814601244,5101.1198285705395,9087.882877057968,12500.0,2.4504423381684823,1.0,0.48320413436692505,0.8769716088328076,0.8760348583877996,aux_base,0
43,1953,1309,772,4034,668,37,79,79,8,63,14,0.029938443165104172,0.3946729490638259,140,561,0.9280071404204175,5075.614229427687,9074.46743090612,12500.0,2.4627561187622935,1.0,0.47797927461139894,0.8805229936880072,0.8821342663459436,aux_base,0
44,1947,1305,775,4027,670,27,61,61,8,67,12,0.033625964970219406,0.40569286160846396,139,559,0.9226984966921646,5050.236158280549,9060.111363983433,12500.0,2.4751317776505464,1.0,0.4761290322580645,0.8742703188145488,0.8760060909288666,aux_base,0
45,1939,1292,773,4004,679,26,44,44,8,67,22,0.0375247764943945,0.4151575793940522,140,549,0.9169749018642357,5024.984977489146,9042.85695394554,12500.0,2.487569625779443,1.0,0.47477360931435963,0.8598669623059867,0.8625592417061612,aux_base,0
46,1939,1299,776,4014,653,32,71,71,8,60,23,0.0415569768131314,0.4224429854687172,142,545,0.9114436163919293,4999.860052601701,9028.893445877025,12500.0,2.500069975657732,1.0,0.48711340206185566,0.8587245349867139,0.8621134020618557,aux_base,0
47,1953,1309,782,4044,613,33,72,72,8,42,18,0.046476951955006576,0.4349515843569383,143,547,0.9052083390150613,4974.860752338693,9019.70941680493,12500.0,2.5126331413645544,1.0,0.45012787723785164,0.863395225464191,0.866695242177454,aux_base,0
48,1963,1311,784,4058,582,34,75,75,7,57,20,0.052329725417875755,0.4517186697115945,141,547,0.8981727470213928,4951.264145054376,9011.713968953007,12500.0,2.5246077837486736,1.0,0.45535714285714285,0.8655202821869489,0.8669087801751763,aux_base,0
49,1962,1315,791,4068,568,25,64,64,7,53,10,0.05838402049602923,0.46574760053820413,140,536,0.8912844814785396,4927.847186064599,9005.246884961512,12500.0,2.5366046324140497,1.0,0.43742098609355246,0.866225165562914,0.8703465982028241,aux_base,0
50,1961,1316,791,4068,557,29,62,62,7,60,16,0.06436377614378061,0.4753764975601075,142,535,0.88439975097449,4904.951713858067,8999.939444768443,12500.0,2.548445067192706,1.0,0.43994943109987356,0.8654015887025596,0.869416541996153,aux_base,0
51,1967,1326,798,4091,527,39,82,82,8,59,15,0.0719236161380599,0.49271090926134437,143,532,0.8764257850958332,4883.127061787787,8998.595055473788,12500.0,2.559835089653301,1.0,0.4573934837092732,0.8876353790613718,0.8940122377622378,aux_base,0
52,1959,1322,796,4077,526,33,75,75,7,88,21,0.08160116119427616,0.5194119366547447,141,525,0.8664434379515658,4861.603979451755,8996.575980128931,12500.0,2.5711678805663705,1.0,0.44974874371859297,0.8888384754990926,0.8958470665787739,aux_base,0
53,1954,1323,792,4069,524,22,46,46,8,53,17,0.08993190363467457,0.5328266432773099,142,518,0.8576937924879425,4840.347149440194,8995.154483716271,12500.0,2.582459400963767,1.0,0.45075757575757575,0.884963768115942,0.8921289190966893,aux_base,0
54,1945,1317,792,4054,532,23,53,53,8,66,13,0.09907043852269905,0.5473100803125349,143,513,0.8482036786567931,4818.597608343605,8992.14778159342,12500.0,2.5941157606428313,1.0,0.45454545454545453,0.8745503597122302,0.8816876903001305,aux_base,0
55,1936,1329,795,4060,516,25,74,74,8,64,14,0.10988572891253981,0.5670443197004049,142,513,0.8375533236337234,4796.275557884441,8992.14778159342,12500.0,2.606188874918093,1.0,0.4377358490566038,0.8701123595505618,0.8856893542757417,aux_base,0
56,1922,1331,791,4044,516,26,62,62,8,74,20,0.12233139131531436,0.5907284309467242,141,510,0.8252737720925827,4773.552455906898,8992.14778159342,12500.0,2.6185948757161404,1.0,0.438685208596713,0.8704710144927537,0.8860648553900088,aux_base,0
57,1911,1334,793,4038,507,24,59,63,8,63,21,0.13492011836410953,0.6108262925724562,140,506,0.8129568117241347,4750.654224979987,8992.14778159342,12500.0,2.6312165457701058,1.0,0.43505674653215637,0.867059891107078,0.8863037752414399,aux_base,0
58,1922,1342,801,4065,475,39,82,90,8,54,12,0.14635100114908406,0.6224183976539736,141,498,0.8016016206171138,4729.332714225109,8992.14778159342,12500.0,2.643079004021416,1.0,0.4394506866416979,0.8584189370254578,0.880060619181641,aux_base,0
59,1920,1352,811,4083,450,27,66,76,8,48,15,0.15628801259793287,0.6256873827617261,144,504,0.791878942250614,4708.242059550595,8992.14778159342,12500.0,2.654918723782255,1.0,0.42663378545006164,0.896358543417367,0.9245923913043478,aux_base,0
60,1917,1369,806,4092,433,23,66,70,9,52,12,0.17058405019656128,0.6442624629973398,144,492,0.7780746851253155,4687.193687986278,8992.14778159342,12500.0,2.6668409355556792,1.0,0.41563275434243174,0.9,0.9306345235387764,aux_base,0
61,1884,1361,807,4052,472,12,39,39,9,78,9,0.18680288556826377,0.6671091838805221,143,484,0.7627694916152977,4663.757719546346,8992.14778159342,12500.0,2.680242146287115,1.0,0.3990086741016109,0.8766868310842252,0.9154993221870764,aux_base,0
62,1882,1373,817,4072,449,29,76,86,9,54,10,0.20149272527171522,0.6820291537612535,142,484,0.7487622963182893,4640.438930948615,8992.14778159342,12500.0,2.693710699786045,1.0,0.39412484700122397,0.8802619270346118,0.9221014492753623,aux_base,0
63,1856,1372,812,4040,474,16,48,48,9,77,13,0.21498679292712783,0.6914564808310011,142,477,0.735823806427886,4617.236736293872,8992.14778159342,12500.0,2.7072469344583365,1.0,0.3682266009852217,0.8681010289990645,0.915684496826836,aux_base,0
64,1839,1382,823,4044,469,18,66,79,9,62,10,0.22794732833088896,0.6984001000536191,144,476,0.7237709567666927,4594.150552612403,8992.14778159342,12505.376670716889,2.7220215200840276,1.0,0.3450789793438639,0.8533642691415313,0.9073367736145389,aux_base,0
65,1829,1384,827,4040,463,32,68,75,8,71,17,0.24283737665688093,0.7105997198946304,145,466,0.7095776692161665,4571.179799849341,8992.14778159342,12505.376670716889,2.7357000201849524,1.0,0.3555018137847642,0.8448036951501154,0.9023899932990842,aux_base,0
66,1815,1400,830,4045,447,46,71,107,8,63,16,0.2550307759794545,0.7146070551902535,147,464,0.6981281914540226,4548.323900850094,8992.14778159342,12510.49935513622,2.750573536066324,1.0,0.3819277108433735,0.8367911479944675,0.9049217002237137,aux_base,0
67,1786,1408,832,4026,458,25,66,78,8,83,14,0.2716738833416285,0.7308065271505889,146,459,0.6828586811100209,4525.5822813458435,8992.14778159342,12515.551672183488,2.765511904130388,1.0,0.38100961538461536,0.8207720588235294,0.8976588628762542,aux_base,0
68,1691,1339,799,3829,644,29,84,84,8,279,17,0.2830323493313411,0.7327597492270185,146,439,0.6719318711042165,4502.954369939114,8992.14778159342,12515.551672183488,2.7794089488747615,1.0,0.4005006257822278,0.7686363636363637,0.8454404945904173,aux_base,0
69,1693,1367,823,3883,576,33,102,102,8,46,20,0.300904057056968,0.7515906403463265,146,445,0.6556289144231169,4480.439598089419,8992.14778159342,12515.551672183488,2.793375828014836,1.0,0.3997569866342649,0.77024567788899,0.8554747741793347,aux_base,0
70,1691,1385,825,3901,552,33,87,87,8,68,13,0.31825125604313065,0.7687139280175594,146,446,0.639369033529476,4458.037400098971,8992.14778159342,12515.551672183488,2.807412892477222,1.0,0.39151515151515154,0.7644665461121157,0.8543583004818222,aux_base,0
71,1653,1380,823,3856,587,11,43,45,8,85,15,0.33459585143803383,0.7832856385679144,146,431,0.6243493075772736,4435.747213098476,8992.14778159342,12515.551672183488,2.821520494951982,1.0,0.3730255164034022,0.7432553956834532,0.8411867364746946,aux_base,0
72,1639,1390,834,3863,573,19,67,77,7,59,13,0.34690124487159424,0.7887150010119571,146,427,0.6129444496165208,4413.5684770329835,8992.14778159342,12515.551672183488,2.83569898990149,1.0,0.36330935251798563,0.7359676695105523,0.8396000869376222,aux_base,0
73,1608,1389,827,3824,596,12,48,48,7,85,21,0.3605777917919155,0.7977767887705617,145,424,0.6002065973920435,4391.5006346478185,8992.14778159342,12515.551672183488,2.8499487335693368,1.0,0.36638452237001207,0.7272727272727273,0.8380451457374535,aux_base,0
74,1603,1407,834,3844,571,37,79,97,7,58,11,0.36981820062267046,0.7976936578575835,147,433,0.5914484593916827,4369.543131474579,8992.14778159342,12515.551672183488,2.864270083989283,1.0,0.37290167865707435,0.7204494382022472,0.8363794604003482,aux_base,0
75,1593,1419,836,3848,560,55,70,114,7,64,12,0.3829328473919618,0.8066370480033193,146,432,0.5791746859710969,4347.695415817207,8992.14778159342,12515.551672183488,2.878663400994254,1.0,0.41866028708133973,0.7130707251566697,0.8345261331598351,aux_base,0
76,1571,1418,843,3832,558,15,59,63,8,72,23,0.3905120694575772,0.8046134790753032,147,432,0.5720553738647596,4325.956938738121,8992.14778159342,12515.551672183488,2.893129046225381,1.0,0.41162514827995256,0.7054333183655142,0.8334058286211397,aux_base,0
77,1556,1426,853,3835,544,31,68,95,7,63,16,0.39743344508951306,0.8021482172498987,150,428,0.5655609075659407,4304.32715404443,8992.14778159342,12515.551672183488,2.9076673831410864,1.0,0.4056271981242673,0.6934046345811051,0.8284726722834306,aux_base,0
78,1551,1448,861,3860,506,55,82,130,7,55,18,0.4079731265227787,0.807705724414792,152,429,0.5560446622772899,4282.805518274208,8992.14778159342,12534.128762818855,2.9266163754896777,1.0,0.41231126596980255,0.6924107142857143,0.83423384482386,aux_base,0
79,1548,1463,877,3888,465,60,99,144,8,71,21,0.42401965275139036,0.8244999069734701,152,427,0.5413254844243705,4261.391490682837,8992.14778159342,12534.128762818855,2.9413229904418876,1.0,0.44469783352337516,0.6960431654676259,0.8474280732345248,aux_base,0
80,1530,1460,871,3861,476,32,91,91,7,117,22,0.4327879010418121,0.827514479702152,152,430,0.5329129765307484,4240.084533229423,8992.14778159342,12534.128762818855,2.9561035079817963,1.0,0.45120551090700345,0.6885688568856886,0.8426451331296377,aux_base,0
81,1525,1466,874,3865,457,28,67,74,7,59,18,0.44750898312973336,0.8423171112810991,152,423,0.5191664725585045,4218.8841105632755,8992.14778159342,12534.128762818855,2.9709582994791925,1.0,0.4439359267734554,0.6872465074357819,0.8444395892506008,aux_base,0
82,1486,1441,863,3790,517,19,59,59,7,131,19,0.4587892859017285,0.8509536141963326,151,420,0.5086339273488625,4197.789690010459,8992.14778159342,12534.128762818855,2.985887738170043,1.0,0.43337195828505215,0.6681654676258992,0.8267888307155323,aux_base,0
83,1476,1445,867,3788,505,24,66,66,7,67,20,0.4721638009361462,0.8638139872941849,150,415,0.4962225918949125,4176.800741560406,8992.14778159342,12534.128762818855,3.0008921991658726,1.0,0.4463667820069204,0.6604026845637584,0.8227628149435273,aux_base,0
84,1461,1442,863,3766,516,16,43,43,7,63,16,0.4846274961978125,0.8753063985173846,150,411,0.48455213020061944,4155.9167378526045,8992.14778159342,12534.128762818855,3.0159720594631882,1.0,0.44495944380069524,0.6569244604316546,0.8210159145410943,aux_base,0
85,1443,1446,857,3746,522,13,44,44,7,60,17,0.4961683411746932,0.8854640669821937,150,407,0.4738153272772956,4135.137154163342,8992.14778159342,12534.128762818855,3.031127697952953,1.0,0.4492415402567094,0.65,0.8195143294683876,aux_base,0
86,1408,1422,841,3671,587,17,52,52,7,123,13,0.5035429353121479,0.8886103582594792,149,402,0.46674337157053425,4114.461468392525,8992.14778159342,12534.128762818855,3.0463594954301034,1.0,0.4340071343638526,0.6350924672981506,0.8022290209790209,aux_base,0
87,1393,1419,844,3656,584,16,54,54,7,64,20,0.5074721853970378,0.8862225830948944,151,395,0.4628950315984561,4093.889161050562,8992.14778159342,12534.128762818855,3.0616678346031194,1.0,0.3862559241706161,0.6227089852481001,0.7916847119965353,aux_base,0
88,1377,1415,844,3636,588,18,54,54,6,70,18,0.5191177069242345,0.8977512425943319,151,389,0.45210295450262966,4073.4197152453094,8992.14778159342,12534.128762818855,3.077053100103637,1.0,0.38981042654028436,0.618876404494382,0.7911227154046997,aux_base,0
89,1375,1422,845,3642,572,22,66,66,6,58,14,0.5290076075693934,0.9065632543617256,151,388,0.44276119591364205,4053.052616669083,8992.14778159342,12534.128762818855,3.0925156784961176,1.0,0.378698224852071,0.6160394265232975,0.7905361406555242,aux_base,0
90,1372,1418,848,3638,566,23,58,58,6,62,16,0.5348130764108918,0.9087707598804897,151,389,0.43704889557224746,4032.7873535857375,8992.14778159342,12534.128762818855,3.1080559582875558,1.0,0.33962264150943394,0.6267702147099132,0.8036227081952728,aux_base,0
91,1362,1416,839,3617,567,16,50,50,7,66,22,0.5446234148464595,0.9181625649463596,150,385,0.4277311833571893,4012.623416817809,8992.14778159342,12534.128762818855,3.123674329937242,1.0,0.2908224076281287,0.6331938633193863,0.8115324209109266,aux_base,0
92,1355,1422,839,3616,544,19,60,60,7,58,28,0.5507779426090702,0.921745743653002,151,389,0.42185019025858844,3992.56029973372,8992.14778159342,12534.128762818855,3.1393711858665743,1.0,0.27532777115613827,0.6299395629939563,0.8118545127974854,aux_base,0
93,1329,1408,835,3572,567,14,54,54,7,94,24,0.5522230170540278,0.9178826089951656,151,377,0.4203144098171818,3972.5974982350513,8992.14778159342,12534.128762818855,3.155146920468919,1.0,0.25988023952095807,0.6096330275229358,0.7944839857651246,aux_base,0
94,1317,1402,835,3554,568,12,44,50,7,59,21,0.5540701989530599,0.9151434027773636,153,376,0.4183050937367205,3952.734510743876,8992.14778159342,12534.128762818855,3.171001930119517,1.0,0.25149700598802394,0.6091581868640148,0.7977553310886645,aux_base,0
95,1310,1402,835,3547,560,26,73,77,7,76,18,0.556424407744434,0.9136576797427902,154,375,0.4158129196458849,3932.9708381901564,8992.14778159342,12534.128762818855,3.186936613185444,1.0,0.25389221556886227,0.6084533209475151,0.7967205750224619,aux_base,0
96,1318,1408,840,3566,515,32,77,82,6,55,29,0.5598317359177402,0.9142756709187861,156,376,0.4122329960734057,3913.3059839992056,8992.14778159342,12534.128762818855,3.2029513700356222,1.0,0.2714285714285714,0.6133085155886459,0.8033340842532102,aux_base,0
97,1299,1396,835,3530,526,14,55,55,6,87,27,0.5696533771941611,0.925657959334883,155,372,0.4031277001019583,3893.7394540792097,8992.14778159342,12534.128762818855,3.2190466030508764,1.0,0.274251497005988,0.6090014064697609,0.8002720471548401,aux_base,0
98,1271,1374,818,3463,570,19,65,65,6,126,23,0.5716035617404782,0.924531946775044,156,367,0.4009855648316229,3874.2707568088135,8992.14778159342,12534.128762818855,3.235222716634047,1.0,0.2823960880195599,0.6012298959318827,0.794448267951365,aux_base,0
99,1272,1380,823,3475,541,24,69,69,7,51,18,0.5819742045007478,0.9372905367391072,156,368,0.3913466196495793,3854.8994030247695,8992.14778159342,12534.128762818855,3.2514801172201477,1.0,0.29040097205346294,0.5969028625058658,0.7895932742558509,aux_base,0
100,1263,1385,821,3469,534,18,55,56,7,56,15,0.5869344856652473,0.9415640410126113,156,366,0.3866349081028816,3835.6249060096457,8992.14778159342,12534.128762818855,3.2678192132865806,1.0,0.2911084043848965,0.5901869158878504,0.7860865624291865,aux_base,0
101,1263,1388,826,3477,506,18,53,60,7,45,27,0.591126290516829,0.9448585149048578,157,366,0.3825331864986908,3816.4467814795976,8992.14778159342,12534.128762818855,3.2842404153633975,1.0,0.2845036319612591,0.5885368126747437,0.7839909808342729,aux_base,0
102,1235,1364,812,3411,559,24,73,73,7,137,18,0.5938824896813049,0.9461076079491197,156,356,0.3797485424275893,3797.3645475721996,8992.14778159342,12534.128762818855,3.3007441360436154,1.0,0.29064039408866993,0.6215400100654253,0.831140350877193,aux_base,0
103,1235,1371,815,3421,529,25,78,78,7,63,22,0.5884929919370736,0.9346589884392151,158,362,0.38422696497883524,3778.3777248343386,8992.14778159342,12534.128762818855,3.3173307899935836,1.0,0.3006134969325153,0.6206030150753769,0.8309448627641487,aux_base,0
104,1242,1384,826,3452,481,22,63,70,8,31,24,0.5855570102131957,0.9273909976736341,161,363,0.38655215608676935,3759.485836210167,8992.14778159342,12534.128762818855,3.3340007939634004,1.0,0.30024213075060535,0.621,0.8344210780759004,aux_base,0
105,1258,1400,834,3492,430,29,74,85,8,33,18,0.5834015969380958,0.9216053899926124,164,365,0.38804408798203,3740.6884070291158,8992.14778159342,12539.118368033789,3.352088440317983,1.0,0.31534772182254195,0.6321608040201006,0.8481904299247025,aux_base,0
106,1267,1410,838,3515,396,30,88,99,8,60,14,0.5863594165758248,0.924100710861344,165,365,0.38495000005365754,3721.98496499397,8992.14778159342,12539.118368033789,3.368933105847219,1.0,0.3353221957040573,0.6350877192982456,0.8535696940262263,aux_base,0
107,1268,1409,844,3521,380,33,91,97,8,84,17,0.5894942272063414,0.9270434720374983,165,368,0.38179542863154214,3703.3750401690004,8992.14778159342,12539.118368033789,3.3858624179369037,1.0,0.3412322274881517,0.6391129032258065,0.857943469785575,aux_base,0
108,1262,1397,840,3499,399,33,80,82,8,99,8,0.5967691521209538,0.9366394316334579,165,370,0.37485553626832213,3684.8581649681555,8992.14778159342,12539.118368033789,3.4028768019466367,1.0,0.34404761904761905,0.6316316316316316,0.8478313544947904,aux_base,0
109,1265,1416,841,3522,366,32,72,86,8,45,14,0.6003291020989577,0.9405351780292402,166,373,0.3714795705302154,3666.433874143315,8993.214646584456,12543.859675573665,3.4212698513496624,1.0,0.36504161712247324,0.6408308004052685,0.860493525531395,aux_base,0
110,1273,1425,856,3554,331,62,90,137,8,56,9,0.6031373350790323,0.9433862647875484,167,375,0.368723230112729,3648.101704772598,8993.214646584456,12543.859675573665,3.4384621621604645,1.0,0.4088785046728972,0.6390562248995983,0.8613669413475521,aux_base,0
111,1275,1436,852,3563,318,37,65,89,8,54,10,0.6051373793253598,0.9450996026733336,169,373,0.36660005289306286,3629.8611962487353,8993.214646584456,12548.217636212126,3.4569414525216637,1.0,0.426056338028169,0.6589147286821705,0.8896379525593009,aux_base,0
112,1275,1446,861,3582,288,40,73,104,7,46,10,0.60637496668913,0.945741712583587,171,374,0.3653322176635676,3611.7118902674915,8993.214646584456,12548.217636212126,3.4743130176097123,1.0,0.44715447154471544,0.661993769470405,0.8972945891783567,aux_base,0
113,1287,1447,864,3598,270,38,68,99,7,49,6,0.6073314872161603,0.946057167742985,172,378,0.3646029380272853,3595.3242129921928,9018.733747717059,12566.69140106544,3.4952873945704237,1.0,0.46875,0.6620370370370371,0.8983770287141074,aux_base,0
114,1283,1437,855,3575,279,28,64,67,7,81,15,0.6154923455565903,0.957685074719729,172,372,0.3568635518983983,3579.6083765880944,9018.733747717059,12566.69140106544,3.5106330299303266,1.0,0.4783625730994152,0.6559304703476483,0.8818450912678836,aux_base,0
115,1274,1452,862,3588,264,30,72,95,6,55,4,0.6158234896049456,0.9572135987650962,174,370,0.356690569774697,3563.9797596236444,9018.733747717059,12570.71507487831,3.527156696368493,1.0,0.4802784222737819,0.6450632911392405,0.8772616136919316,aux_base,0
116,1284,1463,864,3611,231,35,71,89,5,45,12,0.6159025884262814,0.9564393939393938,176,377,0.3562689482860018,3551.4645533995786,9018.733747717059,12570.71507487831,3.539586242764329,1.0,0.49421296296296297,0.6494688922610015,0.8818070818070818,aux_base,0
117,1285,1453,869,3607,231,23,56,68,5,56,5,0.6190142416909628,0.96045197740113,177,375,0.35319533638591005,3539.411240677895,9018.733747717059,12570.71507487831,3.5516401514480895,1.0,0.4844649021864212,0.6431431431431431,0.8716771387143548,aux_base,0
118,1289,1465,875,3629,204,28,56,76,5,32,8,0.6248468183353624,0.96875,176,375,0.3478902964537592,3529.490451262,9018.733747717059,12570.71507487831,3.561623199854115,1.0,0.47885714285714287,0.6409746394828444,0.870263788968825,aux_base,0
119,1276,1449,870,3595,234,19,58,58,5,91,8,0.6188662801104615,0.9588014981273407,178,377,0.35299969906009226,3518.363904466685,9018.733747717059,12570.71507487831,3.5728865507400616,1.0,0.46551724137931033,0.6291913214990138,0.8600478468899522,aux_base,0
120,1282,1456,867,3605,219,31,85,86,5,70,5,0.6101885343269025,0.9447513812154696,181,376,0.3603690175921034,3507.981304737856,9018.733747717059,12570.71507487831,3.5834612510335746,1.0,0.46482122260668973,0.6337123084527929,0.8634730538922155,aux_base,0
121,1286,1461,877,3624,201,26,66,82,6,46,4,0.614291100214454,0.9505494505494505,182,376,0.3566131975948839,3498.4063571120037,9018.733747717059,12570.71507487831,3.593268989270777,1.0,0.4526795895096921,0.6398009950248756,0.8713633084876172,aux_base,0
122,1287,1462,866,3615,205,24,63,64,6,66,5,0.6142021949680745,0.9499089253187613,183,376,0.3563010009107866,3488.9752562596545,9018.733747717059,12570.71507487831,3.6029820080623636,1.0,0.41454965357967666,0.6428571428571429,0.8723455598455598,aux_base,0
123,1296,1481,878,3655,163,55,82,126,6,38,4,0.6142651608098187,0.9495495495495495,185,379,0.35629450533254126,3483.5479614165843,9018.733747717059,12574.208531003904,3.609598222925171,1.0,0.4293849658314351,0.6450970632155301,0.8792398364204955,aux_base,0
124,1293,1479,882,3654,165,27,69,80,7,67,3,0.614190533147043,0.9490195067031484,183,379,0.3563042709475016,3477.770719324194,9018.733747717059,12574.208531003904,3.6155944557056205,1.0,0.4126984126984127,0.6627370579190159,0.9073752172833375,aux_base,0
125,1297,1488,890,3675,140,45,68,114,7,39,3,0.6129361628453429,0.9467055720072195,186,379,0.35760590342574805,3474.740678307775,9018.733747717059,12591.445086518313,3.6237078539773053,1.0,0.41685393258426967,0.6713250517598344,0.9217456734386757,aux_base,0
126,1300,1485,887,3672,144,27,74,75,8,73,3,0.6115146870982339,0.9441696971277103,188,384,0.35862311083161386,3471.5310010653993,9018.733747717059,12591.445086518313,3.627058229540237,1.0,0.41713641488162345,0.6704486848891181,0.9159391369418808,aux_base,0
127,1320,1506,908,3734,86,80,107,177,8,42,1,0.6097389674608762,0.9411199113089503,191,392,0.3602572755889273,3471.5310010653993,9018.733747717059,12593.996656888268,3.6277932281241965,1.0,0.46255506607929514,0.6776180698151951,0.9283938339134759,aux_base,0
128,1309,1483,888,3680,152,48,109,109,14,161,0,0.6152926333288017,0.9494096146248316,191,383,0.3549869919545672,3471.5310010653993,9018.733747717059,12593.996656888268,3.6277932281241965,1.0,0.48761261261261263,0.6709379805228088,0.9120198265179678,aux_base,0
129,1312,1493,881,3686,150,32,85,85,11,74,2,0.6138392933921623,0.9469114148187022,193,388,0.35614076762720803,3471.205469117084,9018.733747717059,12593.996656888268,3.62813344497628,1.0,0.5017026106696936,0.6663280853224988,0.9074347612013787,aux_base,0
130,1328,1503,896,3727,118,34,97,97,11,54,0,0.6226689093837898,0.960296561623538,193,388,0.34823176706140846,3471.205469117084,9018.733747717059,12593.996656888268,3.62813344497628,1.0,0.5,0.6744540375825292,0.9168511685116851,aux_base,0
131,1339,1523,911,3773,84,57,85,135,13,38,0,0.6239031470894283,0.9619858276581684,195,392,0.34745129816855946,3471.205469117084,9030.30472982017,12593.996656888268,3.62813344497628,1.0,0.5334796926454446,0.6866666666666666,0.9383238000497389,aux_base,0
132,1346,1525,910,3781,90,33,69,78,17,58,0,0.6213997529167279,0.9579321703367485,198,398,0.34951658106456684,3471.205469117084,9030.30472982017,12596.487777106115,3.6288510977456157,1.0,0.5362637362637362,0.6956072351421189,0.943127962085308,aux_base,0
133,1344,1527,910,3781,102,27,63,76,16,59,0,0.6222338749958132,0.9590418949976989,200,398,0.34877846764427245,3471.205469117084,9030.30472982017,12596.487777106115,3.6288510977456157,1.0,0.5373626373626373,0.6981818181818182,0.9488080301129235,aux_base,0
134,1350,1539,915,3804,91,43,70,100,15,44,0,0.6226008166689104,0.9594474207898008,202,399,0.3486549386727441,3471.205469117084,9041.582342354748,12596.487777106115,3.6288510977456157,1.0,0.5551912568306011,0.7079181961195595,0.9625506072874493,aux_base,0
135,1346,1552,927,3825,87,59,89,141,19,66,0,0.6296565161775888,0.9701734933970616,202,402,0.3426716101363852,3471.205469117084,9041.582342354748,12596.487777106115,3.6288510977456157,1.0,0.552319309600863,0.6970481615743138,0.9591273821464393,aux_base,0
136,1368,1560,925,3853,80,38,74,83,23,44,0,0.6319577591719833,0.9735852673540079,203,400,0.34020344486738424,3471.205469117084,9041.582342354748,12596.487777106115,3.6288510977456157,1.0,0.5654054054054054,0.7033419023136247,0.9606083271004737,aux_base,0
137,1369,1561,922,3852,102,22,63,65,25,60,0,0.6345075241970322,0.977391221925802,204,403,0.3378366395474406,3471.205469117084,9041.582342354748,12596.487777106115,3.6288510977456157,1.0,0.5422993492407809,0.6991828396322778,0.9520514087988137,aux_base,0
138,1379,1581,938,3898,75,68,95,154,21,47,0,0.6273183974545211,0.9662074163759468,208,407,0.34477877234876086,3471.205469117084,9063.531484056175,12598.152984445518,3.6293308179333774,1.0,0.5767590618336887,0.7042900919305414,0.9658077304261645,aux_base,0
139,1381,1579,941,3901,97,30,78,92,28,72,0,0.6207710082841497,0.9560243725412175,211,411,0.3505571074638531,3471.205469117084,9063.531484056175,12598.152984445518,3.6293308179333774,1.0,0.5217853347502657,0.704951505870342,0.9658331270116366,aux_base,0
140,1400,1599,948,3947,68,63,88,149,22,37,0,0.6184478942836393,0.9523573642034125,214,418,0.3538799306305969,3471.205469117084,9102.086919424875,12665.981014859663,3.648871012548073,1.0,0.5337552742616034,0.7175807278318811,0.9803775459513164,aux_base,0
141,1415,1601,962,3978,67,57,91,141,33,57,0,0.6138548920739341,0.9452040180712398,218,419,0.3587848737723769,3471.205469117084,9129.364753927937,12706.48055498618,3.660538296575722,1.0,0.5519750519750519,0.7234151329243353,0.983679525222552,aux_base,0
142,1433,1609,964,4006,69,48,82,110,34,50,0,0.6169321668279528,0.949868830028168,220,425,0.3563412185994593,3471.205469117084,9139.475709795866,12746.972576007878,3.6722034144668845,1.0,0.5653526970954357,0.7270421106037545,0.9825852342408634,aux_base,0
143,1424,1607,966,3997,104,30,73,95,32,76,0,0.6260789374510048,0.9638839815433193,220,416,0.3486202931148094,3471.205469117084,9143.945920068361,12774.261125994612,3.680064818877979,1.0,0.5362318840579711,0.7235772357723578,0.9803777287220996,aux_base,0
144,1407,1603,963,3973,147,20,65,69,21,87,0,0.6346630165458397,0.9770371808502142,219,416,0.34106941663877866,3469.383478916099,9143.945920068361,12774.261125994612,3.6819974510242184,1.0,0.5244029075804777,0.7059708981435022,0.9671372930866602,aux_base,0
145,1412,1616,963,3991,141,36,65,86,16,43,0,0.6412124636128557,0.9870624048706241,219,415,0.33538526221153386,3467.9186778862663,9159.608322485903,12774.261125994612,3.683552675975857,1.0,0.5337487019730011,0.7021382396817504,0.9616867469879518,aux_base,0
146,1414,1621,972,4007,138,38,73,106,16,54,0,0.6369130138527377,0.9803921568627452,221,420,0.3395356052340268,3466.576257752891,9163.891470609558,12788.139335612976,3.6889825536111305,1.0,0.5236625514403292,0.718131030980193,0.9835542464408443,aux_base,0
147,1418,1641,980,4039,120,47,78,120,14,46,0,0.6384642479105119,0.9827327327327329,222,423,0.33863776770451665,3466.576257752891,9184.654023009149,12788.139335612976,3.6889825536111305,1.0,0.5071428571428571,0.7172483560950936,0.9870478983382209,aux_base,0
148,1409,1627,967,4003,171,26,68,68,17,102,0,0.6355015120698311,0.9781297134238311,221,418,0.3411279767865328,3464.1686035031335,9184.654023009149,12788.139335612976,3.691546457259902,1.0,0.5015511892450879,0.7034448327508737,0.9650433944069431,aux_base,0
149,1415,1632,968,4015,166,22,66,66,14,47,0,0.6355907724068841,0.9782282282282283,222,420,0.34091125829258573,3461.024577950942,9184.654023009149,12788.139335612976,3.694899890940399,1.0,0.5010330578512396,0.7071464267866067,0.9716844143272023,aux_base,0
150,1398,1618,964,3980,212,25,70,70,13,103,0,0.6330996558692726,0.9743589743589742,221,419,0.3431835227387426,3454.7413525477336,9184.654023009149,12788.139335612976,3.7016198987464675,1.0,0.45850622406639,0.6983016983016983,0.9627479438800194,aux_base,0
151,1398,1603,956,3957,242,24,63,63,11,82,0,0.6345215130500775,0.9765151515151516,220,414,0.34152825203523207,3447.415479171145,9184.654023009149,12788.139335612976,3.709485965030128,1.0,0.4560669456066946,0.702865761689291,0.9655929721815519,aux_base,0
152,1407,1622,966,3995,211,32,100,107,12,57,0,0.6252529310049488,0.9622222222222222,225,419,0.34987607392226067,3439.940709160232,9184.654023009149,12788.139335612976,3.717546439553271,1.0,0.4192546583850932,0.7027972027972028,0.9687196896217265,aux_base,0
153,1414,1614,962,3990,226,31,82,82,12,86,1,0.6225032642361841,0.9579646017699115,226,426,0.35195046116168255,3432.200842564622,9184.654023009149,12788.139335612976,3.725929781561785,1.0,0.39397089397089397,0.7010411502231036,0.9593652320269296,aux_base,0
154,1418,1635,972,4025,201,34,88,109,12,52,1,0.6263525120195573,0.9638643067846607,226,430,0.34858785911800283,3424.8100427292416,9184.654023009149,12788.876100842188,3.7341855289149684,1.0,0.37551440329218105,0.7051218299353555,0.9717527764365042,aux_base,0
155,1427,1634,968,4029,206,38,84,84,13,79,3,0.6241974358076607,0.9605263157894737,228,426,0.35015628090742207,3417.4594362945704,9184.654023009149,12788.876100842188,3.742217380847309,1.0,0.3853305785123967,0.7057368941641938,0.9652611403929084,aux_base,0
0,2156,1435,855,4446,279,22,47,47,27,76,0,1.6963686010845535e-05,0.024030832401680656,150,692,1.0037351156565628,5833.333333333333,9166.666666666666,12500.0,2.142857142857143,1.0,0.3087719298245614,0.9949238578680203,0.9957446808510638,aux_base,1
1,2154,1439,852,4445,296,32,67,67,20,64,0,2.0130989514666737e-05,0.02552731695531191,151,697,1.0037364871119099,5833.333333333333,9166.666666666666,12500.0,2.142857142857143,1.0,0.38028169014084506,0.994919168591224,0.9950749944034027,aux_base,1
2,2148,1432,852,4432,323,31,67,67,18,77,1,2.509351297004197e-05,0.028475276846125094,150,695,1.0036759137317532,5832.506404782237,9166.666666666666,12500.0,2.143160955597219,1.0,0.39906103286384975,0.9907749077490775,0.989506586291583,aux_base,1
3,2133,1428,848,4409,357,20,54,54,16,74,2,3.0126719861372998e-05,0.030584695709857973,152,694,1.0034044857928703,5828.233524453437,9166.666666666666,12500.0,2.1447321812954003,1.0,0.3714622641509434,0.9852193995381062,0.9867949865711728,aux_base,1
4,2082,1383,832,4297,478,39,78,78,14,189,4,3.851426485915928e-05,0.03497066062213867,152,676,1.0025288878802956,5816.458867624567,9162.572463768116,12500.0,2.149073909828057,1.0,0.4153846153846154,0.971535230984601,0.9699774266365688,aux_base,1
5,2077,1395,831,4303,480,31,73,73,11,65,1,4.9388666211678864e-05,0.04009853926624402,152,681,1.0016909060358712,5803.02008255894,9162.101659649425,12500.0,2.154050791168021,1.0,0.42117930204572807,0.9669459962756052,0.9706744868035191,aux_base,1
6,2074,1389,825,4288,498,33,65,65,10,75,2,6.544665709065395e-05,0.04750094854641699,151,671,1.000744238572839,5788.291210128104,9160.096506220945,12500.0,2.1595319838310894,1.0,0.4322077922077922,0.976,0.9783253479352042,aux_base,1
7,2071,1392,830,4293,497,29,70,70,10,63,4,8.428742473619599e-05,0.054675341482399324,151,669,0.9997456049329239,5772.3963787098155,9159.55234207206,12500.0,2.1654784564177603,1.0,0.4283132530120482,0.9861904761904762,0.9903114186851211,aux_base,1
8,2071,1389,822,4282,514,36,71,71,10,79,1,0.0001071588001437111,0.062112224818534234,151,671,0.9986907343159043,5755.506596626686,9158.101323879257,12500.0,2.1718331462475042,1.0,0.44282238442822386,0.9876013352408202,0.9877739331026528,aux_base,1
9,2067,1383,826,4276,525,33,74,74,9,78,2,0.00013768734660742082,0.07129797499612828,151,666,0.9974573740124891,5737.3667288209,9155.113145508058,12500.0,2.1786998445136705,1.0,0.4445520581113802,0.9880497131931166,0.9877569877569877,aux_base,1
10,2059,1377,818,4254,555,28,60,60,9,81,0,0.00017040236496333792,0.07881582766989018,151,662,0.9960652976555949,5717.422210692128,9150.311851031483,12500.0,2.1862999686508724,1.0,0.445432318292954,0.9767552182163188,0.9747937671860678,aux_base,1
11,2073,1389,826,4288,527,37,81,81,9,45,1,0.0002068050975570547,0.08542449547030757,152,665,0.994862354844781,5698.293551197096,9149.416777565553,12500.0,2.1936391812201395,1.0,0.4491525423728814,0.9824644549763033,0.9812356979405035,aux_base,1
12,2102,1407,837,4346,473,52,105,105,9,46,4,0.0002476653831887607,0.0913497184728577,154,677,0.9938673992376662,5682.123034384459,9149.416777565553,12500.0,2.199881967419264,1.0,0.47909199522102747,0.9924457034938622,0.9920109564026478,aux_base,1
13,2089,1398,833,4320,499,29,60,60,10,86,10,0.00030732436335378433,0.10120603471559968,153,670,0.9927621111091163,5664.381561560351,9149.416777565553,12500.0,2.2067722423269562,1.0,0.4777911164465786,0.9839849269901083,0.985851209493382,aux_base,1
14,2094,1399,827,4320,502,29,58,58,9,56,4,0.0003728930476299391,0.10962719355907483,153,669,0.9916518887250989,5646.678629505548,9149.416777565553,12500.0,2.2136907056625894,1.0,0.4788391777509069,0.9730483271375465,0.9725348941918055,aux_base,1
15,2087,1395,820,4302,509,32,67,67,9,79,14,0.00044859399692734277,0.1177281632431789,153,665,0.9904929416475464,5628.320562482297,9149.416777565553,12500.0,2.2209111690125622,1.0,0.4975609756097561,0.980733082706767,0.9799544419134396,aux_base,1
16,2085,1399,824,4308,501,29,60,60,9,53,10,0.0005443191888728067,0.12751287663776673,153,663,0.9893192430542271,5609.791605481024,9149.416777565553,12500.0,2.2282467654924876,1.0,0.4830097087378641,0.9747545582047685,0.9759855006796556,aux_base,1
17,2088,1397,821,4306,498,32,67,67,9,63,8,0.0006562013124552632,0.13721607696152852,152,661,0.9881231410229968,5591.5701202170285,9149.416777565553,12500.0,2.2355080471591817,1.0,0.48599269183922045,0.9807421324565524,0.9806422227283079,aux_base,1
18,2062,1377,810,4249,550,33,68,68,9,121,10,0.0007820727449980609,0.14597929927972603,151,655,0.986641182049438,5570.431145872293,9146.828695528871,12500.0,2.2439914743874967,1.0,0.4925925925925926,0.9721829325789721,0.9689851767388825,aux_base,1
19,2064,1377,808,4249,542,23,53,53,8,51,14,0.0009133204842938613,0.15218377023252647,151,656,0.9852203879076331,5549.889752790713,9145.076009790806,12500.0,2.2522969926951224,1.0,0.4863861386138614,0.9690140845070423,0.9681020733652312,aux_base,1
20,2023,1355,798,4176,611,25,59,59,8,130,10,0.0010917349791755835,0.1624073862861153,148,635,0.983288193913953,5524.665048955283,9137.45511311598,12500.0,2.262580607011416,1.0,0.47869674185463656,0.9702637889688249,0.969809568044589,aux_base,1
21,2001,1340,791,4132,651,21,51,51,8,92,9,0.001258750020638065,0.16719877202701047,148,639,0.9810290812890691,5497.041723710507,9125.544114256056,12500.0,2.2739503588054433,1.0,0.46776232616940583,0.9643373493975904,0.9663236669784846,aux_base,1
22,2009,1336,793,4138,641,31,66,66,8,59,11,0.0014477569308227677,0.17174216170002554,150,635,0.9787265459634877,5470.572983241767,9112.431090892409,12500.0,2.284952607028874,1.0,0.4703656998738966,0.9691268692715871,0.9652437602052718,aux_base,1
23,2006,1339,787,4132,641,28,56,56,8,60,12,0.0017069913497455647,0.1808863595861968,150,630,0.9764459828197121,5444.17230344251,9100.520449987223,12500.0,2.2960331347514265,1.0,0.4625158831003812,0.9790141532454856,0.9770631354930244,aux_base,1
24,2003,1335,794,4132,636,34,71,71,8,71,13,0.002011105392017647,0.19042897541876944,150,628,0.9741503540728055,5417.747713634429,9088.224094596606,12500.0,2.3072318352038086,1.0,0.4357682619647355,0.9789833822091887,0.9775254317482849,aux_base,1
25,2017,1350,792,4159,601,41,81,81,8,51,13,0.0023869666269029223,0.2020346171695705,150,621,0.97204584723128,5393.19408892239,9081.053345779837,12500.0,2.3177359824069703,1.0,0.45202020202020204,0.9815085158150851,0.9795101271785209,aux_base,1
26,2027,1357,801,4185,564,35,77,77,8,48,16,0.0028199797346353406,0.21344869350595289,151,626,0.9701596314710732,5370.416402757881,9076.57067960781,12500.0,2.3275662560506203,1.0,0.4544319600499376,0.9778099372889532,0.977803738317757,aux_base,1
27,2009,1337,799,4145,601,25,52,52,8,92,11,0.003233375367903883,0.21897277719187588,148,613,0.9679311462994789,5345.834290563814,9066.549267789627,12500.0,2.3382692617435494,1.0,0.44680851063829785,0.9635491606714628,0.963953488372093,aux_base,1
28,2033,1359,803,4195,544,46,96,96,8,44,13,0.003825679714142896,0.23194308474116462,148,617,0.9659892078190836,5324.195024066971,9063.793329478234,12500.0,2.347772751279061,1.0,0.4657534246575342,0.967174119885823,0.9659221736127102,aux_base,1
29,2028,1354,804,4186,542,37,70,70,8,78,18,0.004530640580460192,0.24607065194711342,147,617,0.9639539042748505,5302.8321049020815,9060.070155113937,12500.0,2.357230957481128,1.0,0.47139303482587064,0.9634204275534441,0.9625201195677168,aux_base,1
30,2049,1368,807,4224,503,45,85,85,8,46,8,0.005322162992778883,0.25914499640699584,147,618,0.9620644125364272,5283.860481967773,9060.070155113937,12500.0,2.3656945603803776,1.0,0.48451053283767037,0.9799139167862266,0.9761959787381558,aux_base,1
31,2045,1372,805,4222,496,31,76,76,9,74,14,0.0060300838867187135,0.2634511668330329,148,618,0.9603208840635926,5264.704571691663,9060.070155113937,12500.0,2.3743022670659526,1.0,0.4956521739130435,0.9632595383890721,0.9665750915750916,aux_base,1
32,2029,1365,808,4202,509,37,89,89,9,106,13,0.006965088359107676,0.2732975230084718,147,609,0.9583769070008369,5244.2401907828535,9060.070155113937,12500.0,2.3835674082910407,1.0,0.5086633663366337,0.9787747226242162,0.9808590102707749,aux_base,1
33,2048,1367,818,4233,476,40,85,86,8,53,9,0.008118866234558405,0.2864118738455682,148,611,0.9562105147842443,5226.016020551761,9060.070155113937,12500.0,2.391879387824811,1.0,0.5256723716381418,0.9817833173537871,0.9841897233201581,aux_base,1
34,1997,1337,797,4131,575,21,48,48,9,147,9,0.009678652414992581,0.3073241113273483,146,589,0.9531207359101497,5202.231031075078,9052.540502214755,12500.0,2.4028152393333415,1.0,0.5269761606022585,0.9518589132507149,0.9544824399260629,aux_base,1
35,2017,1351,801,4169,529,39,80,80,8,39,13,0.011182480436308245,0.3200010760381367,148,586,0.950365052059876,5180.894751582443,9050.137932223646,12500.0,2.412710660872241,1.0,0.5380774032459426,0.9632282712511939,0.9641535615171137,aux_base,1
36,2029,1356,800,4185,507,40,83,83,8,63,10,0.013055434849362968,0.3371533729204478,146,586,0.9473896913266479,5160.756146993893,9050.137932223646,12500.0,2.4221256815788843,1.0,0.54625,0.9689589302769819,0.9683017121702915,aux_base,1
37,2041,1360,799,4200,486,38,77,77,9,58,11,0.0151524019982249,0.35365267165848896,147,581,0.9442784869846137,5141.981191878802,9050.137932223646,12500.0,2.4309696075400637,1.0,0.5431789737171464,0.9654683065279092,0.9621993127147767,aux_base,1
38,2058,1376,816,4250,436,37,93,105,9,42,8,0.017454883122795823,0.3687665678216659,148,588,0.9413391688852601,5124.815672576559,9050.137932223646,12500.0,2.439112116146703,1.0,0.5343137254901961,0.9865771812080537,0.9853929979132854,aux_base,1
39,2062,1381,814,4257,425,27,63,68,9,53,10,0.020164579776268766,0.3862633951286762,148,585,0.9378775031008978,5108.223258167545,9050.137932223646,12500.0,2.447034784553266,1.0,0.538083538083538,0.9805040418449834,0.9799723756906077,aux_base,1
40,2081,1386,821,4288,388,43,88,93,10,55,14,0.02304611587828462,0.40096799778397113,149,585,0.9343573030899336,5094.063696232151,9050.137932223646,12500.0,2.453836611671284,1.0,0.5298416565164433,0.9829948039678791,0.9807868252516011,aux_base,1
41,2077,1383,820,4280,391,30,64,69,10,67,10,0.026320880987030667,0.41669695043148725,148,583,0.9305260693716507,5079.428840480268,9050.137932223646,12500.0,2.4609066083142737,1.0,0.5219512195121951,0.9862298195631529,0.9823272894193252,aux_base,1
42,2071,1378,819,4268,398,28,61,64,10,69,11,0.03000020522043961,0.4329814933492998,148,578,0.9262991154539786,5064.203210342982,9050.137932223646,12500.0,2.4683053741742356,1.0,0.5018315018315018,1.01123046875,1.0068412361405992,aux_base,1
43,2088,1385,819,4292,367,50,96,103,10,67,12,0.03386264162813273,0.44640493030192996,149,576,0.9218826776739569,5050.993343614756,9050.137932223646,12500.0,2.474760735094207,1.0,0.525030525030525,1.008695652173913,1.0006994637444626,aux_base,1
44,2095,1394,825,4314,342,39,92,101,10,66,9,0.038096816377126315,0.4596330980507687,148,571,0.9173786282965448,5038.461340188056,9050.137932223646,12500.0,2.480916128163335,1.0,0.5236363636363637,1.006243996157541,1.0011603620329543,aux_base,1
45,2100,1398,835,4333,321,30,71,83,10,50,10,0.04303043551256128,0.4760697628761469,148,566,0.9123068080768627,5026.483743267177,9050.137932223646,12500.0,2.4868278976816294,1.0,0.5053892215568863,1.0130246020260492,1.0135672514619882,aux_base,1
46,2095,1405,836,4336,318,28,68,72,10,62,7,0.04807122205082559,0.4886628459427194,149,559,0.9071122325737955,5013.740251287359,9050.137932223646,12500.0,2.4931487020673684,1.0,0.5131578947368421,1.0086663456909004,1.0088413215449046,aux_base,1
47,2095,1406,835,4336,315,32,50,66,10,46,9,0.05389511518665016,0.5043739908380112,149,554,0.9011113937619424,5001.754865557596,9050.137932223646,12500.0,2.4991228750684686,1.0,0.5053892215568863,1.0067275348390197,1.0104870659519924,aux_base,1
48,2094,1409,840,4343,311,26,59,61,10,52,7,0.06075703053412728,0.5244645330993367,148,547,0.8942699464565583,4989.512633598802,9050.137932223646,12500.0,2.5052547048035203,1.0,0.4857142857142857,1.005763688760807,1.0092958401115502,aux_base,1
49,2112,1420,845,4377,274,62,80,112,9,45,11,0.06799173743584731,0.5423913649338895,148,545,0.8871690707624665,4981.471527488159,9050.137932223646,12500.0,2.5092986943765507,1.0,0.5112426035502958,1.013922227556409,1.016960966542751,aux_base,1
50,2097,1407,838,4342,311,29,54,54,11,86,6,0.07462583426769172,0.5511697704377819,148,537,0.880497283570396,4971.412465435589,9050.137932223646,12500.0,2.5143759619439994,1.0,0.5059665871121718,1.010115606936416,1.0109429569266588,aux_base,1
51,2095,1411,843,4349,305,27,65,65,11,56,8,0.08286472222309257,0.5676626791658698,148,532,0.8725179317034237,4960.890649023616,9050.137932223646,12500.0,2.5197088354407096,1.0,0.5029655990510083,1.01158860453887,1.0137529137529138,aux_base,1
52,2086,1414,839,4339,319,24,57,58,10,65,4,0.09122618016215814,0.5806776057858956,149,527,0.8642945832445613,4948.912368133495,9050.137932223646,12500.0,2.5258075047941153,1.0,0.4827175208581645,1.0087040618955512,1.013785046728972,aux_base,1
53,2082,1417,837,4336,323,40,86,87,10,84,4,0.09871954055186094,0.5848914488878392,152,523,0.8567786804078911,4936.010951730699,9050.137932223646,12500.0,2.532409292085781,1.0,0.4958183990442055,1.006769825918762,1.0140318054256314,aux_base,1
54,2097,1437,858,4392,268,79,105,163,10,49,9,0.10947464519413089,0.6047876414684279,152,519,0.8468069609949073,4927.787745324857,9050.137932223646,12500.0,2.5366352298471324,1.0,0.5431235431235432,1.0096292729898892,1.0232991612301958,aux_base,1
55,2085,1432,857,4374,290,35,57,73,12,72,5,0.12035286919830228,0.6210579982853004,153,514,0.8364394169677064,4918.419945778541,9050.137932223646,12500.0,2.5414665965497107,1.0,0.5262543757292882,1.0048192771084337,1.020293911826452,aux_base,1
56,2069,1435,857,4361,311,38,89,90,12,102,4,0.13255016474785744,0.6400740644027099,152,504,0.8248902474694306,4906.679602720785,9050.137932223646,12500.0,2.5475476314101844,1.0,0.5250875145857643,0.9847691575440266,1.0048387096774194,aux_base,1
57,2042,1429,850,4321,356,25,59,59,11,95,2,0.14482563694403416,0.6556717260300099,153,498,0.8130506099631568,4891.376367638968,9050.137932223646,12500.0,2.555517927980189,1.0,0.5235294117647059,0.9733079122974261,0.9983826247689463,aux_base,1
58,2043,1442,862,4347,336,51,87,115,11,59,3,0.15697828007259385,0.6676153137465028,155,498,0.8015526712433495,4876.931038694841,9050.137932223646,12504.002320185615,2.563907961989949,1.0,0.54292343387471,0.9761108456760631,1.0043900184842884,aux_base,1
59,2028,1449,858,4335,345,33,79,89,11,84,7,0.1701934169509878,0.6813566302701017,155,494,0.7888723030158107,4861.250779405873,9050.137932223646,12504.002320185615,2.5721780026567185,1.0,0.5466200466200466,0.9792370835345244,1.0145097121460331,aux_base,1
60,2006,1445,865,4316,366,38,73,97,10,91,7,0.18132160309284653,0.6848160919418612,155,497,0.7785385133221401,4844.061462509346,9050.137932223646,12522.360797580568,2.5850953573767557,1.0,0.5560693641618497,0.9648869648869649,1.0048894062863796,aux_base,1
61,1985,1461,869,4315,371,34,62,86,10,59,2,0.1954862590023089,0.6981191875391582,156,488,0.7655045937691694,4825.2979205285055,9050.137932223646,12540.546320395928,2.5989164870098604,1.0,0.5212888377445339,0.9474940334128878,0.999536715311559,aux_base,1
62,1982,1472,874,4328,359,52,89,121,10,75,8,0.21158423479601962,0.7161877254503979,156,487,0.7505026873083864,4807.862455672806,9050.137932223646,12558.510581257638,2.6120777574324796,1.0,0.5446224256292906,0.9474187380497132,1.0039434006031083,aux_base,1
63,1952,1475,881,4308,380,28,72,93,10,89,6,0.22604362225383048,0.7270182760059367,154,482,0.7368692417084299,4788.09450617695,9050.137932223646,12558.510581257638,2.6228618848388128,1.0,0.5414301929625426,0.9563939245467908,1.0225492523142654,aux_base,1
64,1931,1482,882,4295,388,37,77,95,9,86,10,0.2430180445739821,0.7445747571953657,153,476,0.7207514911399849,4767.277242832148,9050.137932223646,12558.510581257638,2.634315132424912,1.0,0.5555555555555556,0.9587884806355511,1.0336943441636584,aux_base,1
65,1849,1434,857,4140,543,24,69,69,9,220,5,0.2565800644999348,0.7508140817293482,154,458,0.7076104142546032,4743.440856617987,9050.137932223646,12558.510581257638,2.6475528969094593,1.0,0.5530921820303384,0.9050416054821341,0.9817405738676784,aux_base,1
66,1814,1438,852,4104,573,16,57,57,9,86,8,0.2761942385517002,0.7739079752784236,152,452,0.6891202399485958,4719.723652334897,9050.137932223646,12558.510581257638,2.6608571828235767,1.0,0.4823943661971831,0.8931560807483998,0.9801767375208981,aux_base,1
67,1762,1410,843,4015,656,17,57,57,9,144,13,0.2935970509375521,0.7897801530944938,151,443,0.6725788588617725,4696.125034073223,9050.137932223646,12558.510581257638,2.674228324445806,1.0,0.46619217081850534,0.871845620979713,0.9612161838640172,aux_base,1
68,1754,1435,851,4040,628,26,83,83,9,56,10,0.3068863919689526,0.794516938263824,153,446,0.6599193150358647,4672.644408902857,9050.137932223646,12558.510581257638,2.687666657734478,1.0,0.44770857814336074,0.877,0.9793939393939394,aux_base,1
69,1739,1459,867,4065,594,23,84,85,9,57,16,0.3206037596335544,0.800796065553889,155,449,0.6471008390200473,4649.281186858343,9050.137932223646,12558.510581257638,2.7011725203361587,1.0,0.4371395617070358,0.8708062093139709,0.9837850919651501,aux_base,1
70,1720,1461,880,4061,592,17,70,84,9,73,14,0.3391860560087875,0.8192804914113611,155,444,0.6296953705379441,4626.034780924051,9050.137932223646,12558.510581257638,2.71474625159413,1.0,0.39204545454545453,0.8582834331337326,0.9804442298406567,aux_base,1
71,1690,1462,874,4026,625,13,48,48,9,81,9,0.3582395597612323,0.8386353301210383,155,432,0.6117742814914726,4602.904607019431,9050.137932223646,12558.510581257638,2.7283881925569142,1.0,0.3718535469107552,0.8399602385685885,0.9682539682539683,aux_base,1
72,1670,1483,877,4030,611,33,65,85,9,59,17,0.37623305023264236,0.8554038216403894,155,433,0.5949954975321112,4579.890083984334,9050.137932223646,12558.510581257638,2.7420986859868486,1.0,0.36488027366020526,0.8259149357072205,0.9641148325358851,aux_base,1
73,1645,1486,874,4005,628,23,55,61,9,78,15,0.3915706635277931,0.8663483820607413,156,430,0.5805029321747144,4556.990633564412,9050.137932223646,12558.510581257638,2.755878076368692,1.0,0.35354691075514877,0.8111439842209073,0.9549356223175965,aux_base,1
74,1633,1499,885,4017,605,42,73,110,9,59,18,0.40461282051716013,0.8727452577265659,158,426,0.5684735832396023,4534.20568039659,9050.137932223646,12575.96478240447,2.7735761605998643,1.0,0.33785310734463275,0.8056240749876665,0.9589400811649559,aux_base,1
75,1617,1505,895,4017,594,45,80,116,9,77,17,0.4212678763589405,0.8873886858208863,156,424,0.552931785985385,4511.534651994607,9050.137932223646,12578.915567437214,2.7881677827468123,1.0,0.35307262569832404,0.7957677165354331,0.9555185537583254,aux_base,1
76,1572,1496,893,3961,636,14,55,57,9,108,20,0.43366286233050044,0.8935216391395142,156,416,0.5413995887085448,4488.976978734634,9050.137932223646,12578.915567437214,2.802178676127449,1.0,0.3281075027995521,0.7724815724815725,0.9415260280484906,aux_base,1
77,1553,1490,894,3937,648,10,40,46,9,63,20,0.44327756537046387,0.8946763620477582,158,415,0.5321112425465545,4466.53209384096,9050.137932223646,12578.915567437214,2.816259976007487,1.0,0.31208053691275167,0.7579306979014153,0.927007299270073,aux_base,1
78,1542,1519,905,3966,593,44,75,120,9,42,31,0.45881444304776714,0.9083614287353675,158,414,0.5179550398679682,4444.199433371756,9050.137932223646,12595.45579895683,2.834133793451484,1.0,0.3392265193370166,0.75,0.9305490380103237,aux_base,1
79,1519,1518,900,3937,608,21,60,60,10,87,22,0.4704566319093518,0.9147959221402874,158,412,0.5068779134018547,4421.978436204897,9050.137932223646,12595.45579895683,2.848375671810537,1.0,0.34555555555555556,0.7391727493917275,0.9285377358490566,aux_base,1
80,1500,1499,896,3895,625,22,59,59,9,100,33,0.47861137612335364,0.9151315065390064,159,409,0.4988259360883233,4399.868544023872,9050.137932223646,12595.45579895683,2.862689117397524,1.0,0.34263392857142855,0.7270964614638875,0.9141046702651959,aux_base,1
81,1481,1511,899,3891,615,19,72,72,9,75,22,0.4915546232035075,0.9252213606036496,157,405,0.48674157593163464,4377.869201303753,9050.137932223646,12595.45579895683,2.877074489846758,1.0,0.3370411568409344,0.7203307392996109,0.9181217555450685,aux_base,1
82,1463,1506,894,3863,623,20,51,51,9,77,27,0.5044884088636951,0.9357154755673014,156,397,0.474449340906496,4355.979855297233,9050.137932223646,12595.45579895683,2.8915321505997573,1.0,0.3422818791946309,0.7122687439143135,0.9112998348667138,aux_base,1
83,1449,1507,889,3845,619,16,50,50,10,64,28,0.5162933806401683,0.9445481480370645,155,397,0.46319172847574086,4334.199956020747,9050.137932223646,12595.45579895683,2.9060624629143295,1.0,0.34758155230596177,0.7027158098933075,0.9057714958775029,aux_base,1
84,1423,1499,888,3810,641,18,53,53,10,86,21,0.5299554135537428,0.9571750840632793,154,389,0.4504223638548596,4312.528956240643,9050.137932223646,12595.45579895683,2.920665791873698,1.0,0.3310810810810811,0.6917841516771998,0.8973151201130476,aux_base,1
85,1429,1511,895,3835,603,32,72,89,10,42,18,0.5397617751469994,0.963261088951492,154,392,0.4409496467013836,4290.9663114594405,9050.137932223646,12595.45579895683,2.935342504395676,1.0,0.33854748603351953,0.7112991538078646,0.921875,aux_base,1
86,1378,1480,880,3738,680,10,45,45,10,137,25,0.5372621286503918,0.9481151638505719,154,379,0.44299516720881404,4269.511479902143,9050.137932223646,12595.45579895683,2.9500929692418856,1.0,0.3079545454545455,0.6942065491183879,0.909710391822828,aux_base,1
87,1380,1478,880,3738,661,22,55,55,10,53,27,0.5390118136004796,0.9413017215789835,156,381,0.4407662676032407,4248.163922502632,9050.137932223646,12595.45579895683,2.9649175570270208,1.0,0.2818181818181818,0.7044410413476263,0.9234189723320159,aux_base,1
88,1383,1493,896,3772,621,23,70,75,10,36,16,0.5416802767014223,0.9367704761581523,158,382,0.438009479948518,4226.923102890119,9050.137932223646,12595.45579895683,2.9798166402281616,1.0,0.28683035714285715,0.7013184584178499,0.9267813267813267,aux_base,1
89,1362,1482,884,3728,635,22,65,65,10,105,36,0.5521318413918939,0.9461913813844502,157,378,0.4280292271107814,4205.788487375668,9050.137932223646,12595.45579895683,2.994790593194132,1.0,0.3042986425339366,0.6861460957178841,0.9110459433040078,aux_base,1
90,1354,1487,883,3724,615,15,45,45,10,48,33,0.5627701685214889,0.9562763070744714,157,375,0.4179408123220284,4184.75954493879,9050.137932223646,12595.45579895683,3.0098397921549065,1.0,0.2718006795016987,0.6807440925087984,0.9058623206032596,aux_base,1
91,1365,1505,889,3759,562,22,67,70,9,31,26,0.5695853252697018,0.9602450224305403,158,377,0.4112286148483548,4163.835747214096,9050.137932223646,12595.45579895683,3.024964615231062,1.0,0.27109111361079863,0.6777557100297915,0.903171552138395,aux_base,1
92,1357,1511,896,3764,535,38,61,94,8,51,25,0.5804010163795655,0.971320971797629,158,374,0.40110750308474574,4143.016568478026,9050.137932223646,12595.45579895683,3.040165442443278,1.0,0.28683035714285715,0.6771457085828343,0.9107186063392209,aux_base,1
93,1364,1525,906,3795,490,43,78,107,8,43,18,0.5780859932829505,0.9608709947818107,161,378,0.40280159870490656,4122.301485635636,9050.137932223646,12595.45579895683,3.0554426557218877,1.0,0.31015452538631344,0.6875,0.9240321402483564,aux_base,1
94,1352,1523,911,3786,486,27,64,80,8,69,17,0.5862070286237753,0.9682229723245188,161,371,0.39513825785624485,4101.689978207458,9050.137932223646,12595.45579895683,3.0707966389164696,1.0,0.31613611416026344,0.6780341023069207,0.9191551347414421,aux_base,1
95,1358,1524,912,3794,463,32,60,77,7,50,20,0.5928072947529403,0.9733989557613717,161,376,0.3885739852248606,4081.1815283164206,9050.137932223646,12595.45579895683,3.086227777805497,1.0,0.3333333333333333,0.674615002483855,0.9122385188747295,aux_base,1
96,1361,1544,911,3816,412,42,66,90,7,42,34,0.5992036366738265,0.9785749391982249,161,377,0.38235969408223486,4060.7756206748386,9050.137932223646,12595.45579895683,3.1017364601060273,1.0,0.3600439077936334,0.6747645017352504,0.9140119760479042,aux_base,1
97,1361,1541,914,3816,393,18,56,58,7,53,23,0.5979757345256702,0.9716803591671628,163,379,0.38301237924329584,4040.4717425714643,9050.137932223646,12595.45579895683,3.1173230754834447,1.0,0.3435448577680525,0.6740960871718673,0.9137931034482759,aux_base,1
98,1366,1547,922,3835,355,38,70,95,6,50,24,0.6009856177536163,0.9720555300140395,164,377,0.3798670380108111,4020.269383858607,9050.137932223646,12595.45579895683,3.1329880155612506,1.0,0.37093275488069416,0.6762376237623763,0.9187829420220412,aux_base,1
99,1355,1540,912,3807,367,20,46,49,6,72,20,0.6082927336402754,0.9796774812335517,164,375,0.3727901890075459,4000.168036939314,9050.137932223646,12595.45579895683,3.1487316739309055,1.0,0.37280701754385964,0.6714568880079287,0.9125119846596357,aux_base,1
100,1345,1532,920,3797,366,15,56,56,7,65,17,0.6097426795785971,0.9781530909896493,164,373,0.37121314914142856,3980.167196754617,9050.137932223646,12595.45579895683,3.164554446161714,1.0,0.36086956521739133,0.6641975308641975,0.9066380133715377,aux_base,1
101,1349,1548,913,3810,337,23,61,61,6,43,17,0.6152601685036958,0.9834341974271645,164,375,0.3657419982671083,3960.266360770844,9050.137932223646,12595.45579895683,3.1804567298107678,1.0,0.3647316538882804,0.6583699365544168,0.9019886363636364,aux_base,1
102,1326,1532,911,3769,367,17,56,58,6,94,14,0.6089299615757537,0.9700795685424997,166,376,0.3712656064258297,3940.46502896699,9050.137932223646,12595.45579895683,3.1964389244329325,1.0,0.3677277716794731,0.6436893203883495,0.8855733082706767,aux_base,1
103,1339,1534,909,3782,350,24,64,64,6,50,9,0.6082083973993436,0.9659714784408033,168,379,0.37126987355763913,3920.762703822155,9050.137932223646,12595.45579895683,3.212501431590887,1.0,0.37073707370737075,0.6509479824987846,0.8859217615366597,aux_base,1
104,1340,1533,916,3789,328,23,62,68,7,53,20,0.6109779845553418,0.9676521205802068,169,379,0.36839540628634204,3901.1588903030442,9050.137932223646,12595.45579895683,3.228644654865213,1.0,0.35152838427947597,0.6533398342272062,0.8930002356823002,aux_base,1
105,1337,1542,924,3803,309,28,60,78,6,46,11,0.6171385846098204,0.9749000498693747,168,375,0.3626103500750835,3881.653095851529,9050.137932223646,12595.45579895683,3.2448689998645355,1.0,0.33225108225108224,0.6502918287937743,0.8925134944848627,aux_base,1
106,1336,1538,917,3791,312,27,66,66,6,77,14,0.6157598861317957,0.970435764155089,168,376,0.36335162682809174,3862.2448303722713,9050.137932223646,12595.45579895683,3.261174874235714,1.0,0.33478735005452565,0.6494895478852698,0.891161259990597,aux_base,1
107,1344,1541,921,3806,290,31,62,68,6,45,11,0.6151259982929673,0.9673522061454214,170,381,0.36347149909502957,3844.103911507056,9050.137932223646,12595.45579895683,3.276564861124907,1.0,0.3322475570032573,0.6492753623188405,0.8909176029962547,aux_base,1
108,1326,1529,916,3771,321,21,65,65,6,97,7,0.6155276018626206,0.9660811406124072,171,375,0.3628558408644626,3824.883391949521,9050.137932223646,12595.45579895683,3.293030011180811,1.0,0.3111353711790393,0.6433770014556041,0.8825181371401826,aux_base,1
109,1341,1537,918,3796,295,32,74,76,6,47,5,0.622544738542031,0.9753403998716664,171,374,0.35597745484787946,3806.565327173817,9050.137932223646,12595.45579895683,3.3088768263195214,1.0,0.32570806100217864,0.655425219941349,0.8959169223507198,aux_base,1
110,1345,1541,916,3802,283,22,59,61,6,47,6,0.6208545132086024,0.9710982658959537,173,378,0.35706729312085816,3788.8029153951425,9050.137932223646,12595.45579895683,3.3243892807877082,1.0,0.3089519650655022,0.6641975308641975,0.9067493441450036,aux_base,1
111,1338,1538,915,3791,284,22,68,75,6,75,12,0.6194371878857703,0.9674329501915709,174,381,0.3580547187432697,3770.9815090893953,9050.137932223646,12595.45579895683,3.340100122102784,1.0,0.3114754098360656,0.6581406787998032,0.8985541597534961,aux_base,1
112,1338,1541,921,3800,272,31,66,86,5,55,6,0.6193055514329575,0.9659090909090909,176,385,0.3579415076422895,3754.4060754412335,9050.137932223646,12597.616582904968,3.355421957499481,1.0,0.3268186753528773,0.650461837627613,0.8936970837253058,aux_base,1
113,1320,1519,901,3740,322,22,67,67,5,121,9,0.6223961481464487,0.9695238095238097,175,381,0.35468702473495356,3736.1864389753764,9050.137932223646,12597.616582904968,3.371784783405985,1.0,0.33296337402885684,0.6395348837209303,0.8791725434884814,aux_base,1
114,1309,1497,891,3697,362,17,46,46,6,86,6,0.6286097049691945,0.9780952380952382,175,377,0.3486257575687201,3717.5055067804997,9050.137932223646,12597.616582904968,3.388728425533653,1.0,0.3367003367003367,0.6351285783600195,0.8678403755868545,aux_base,1
115,1304,1507,896,3707,340,21,71,71,5,56,12,0.6298704093100512,0.979047619047619,175,376,0.3473530286213009,3698.917979246597,9050.137932223646,12597.616582904968,3.4057572115916113,1.0,0.3314732142857143,0.6260201632261162,0.8620930232558139,aux_base,1
116,1246,1441,858,3545,500,18,56,56,5,216,5,0.6255549231925661,0.9714285714285714,175,363,0.35089893013676254,3680.4233893503642,9050.137932223646,12597.616582904968,3.422871569438805,1.0,0.34032634032634035,0.6028059990324142,0.8309892170651665,aux_base,1
117,1267,1463,865,3595,447,38,94,94,5,40,4,0.6168986491462418,0.9571694599627562,179,372,0.35818654145325035,3662.0212724036123,9050.137932223646,12597.616582904968,3.4400719290842265,1.0,0.3491329479768786,0.6551189245087901,0.9014543630892679,aux_base,1
118,1268,1464,867,3599,433,30,91,91,6,80,9,0.6163363598777482,0.9555555555555556,180,374,0.35834505690231716,3643.7111660415944,9050.137932223646,12597.616582904968,3.4573587226977147,1.0,0.3517877739331027,0.6607608129233976,0.9067775258251449,aux_base,1
119,1267,1466,878,3611,422,22,73,73,6,60,4,0.6199013745663612,0.9604051565377533,181,379,0.354977579654134,3625.4926102113864,9050.137932223646,12597.616582904968,3.474732384620819,1.0,0.33712984054669703,0.6592091571279917,0.9100302419354839,aux_base,1
120,1284,1478,883,3645,380,29,74,74,6,34,8,0.6233966724914877,0.9652014652014651,182,377,0.35134177738611905,3607.3651471603293,9050.137932223646,12597.616582904968,3.4921933513777077,1.0,0.34428086070215175,0.6729559748427673,0.924423028151154,aux_base,1
121,1301,1492,899,3692,331,35,101,114,7,53,8,0.6204921622548193,0.9601449275362318,184,383,0.3536040131605467,3589.3283214245275,9050.137932223646,12597.616582904968,3.5097420616861386,1.0,0.3414905450500556,0.6754932502596054,0.9269394928445895,aux_base,1
122,1292,1496,896,3684,336,22,65,68,7,68,5,0.6221250228982943,0.9621621621621622,185,382,0.35196374110308487,3571.381679817405,9050.137932223646,12597.616582904968,3.527378956468481,1.0,0.34263392857142855,0.6652935118434603,0.9175591531755916,aux_base,1
123,1309,1518,900,3727,288,31,91,100,7,47,11,0.6166672599447387,0.9532627865961201,189,387,0.356600293373855,3553.9240841940764,9050.137932223646,12614.413405015508,3.549432431918725,1.0,0.3511111111111111,0.6733539094650206,0.9248138957816378,aux_base,1
124,1309,1521,914,3744,270,35,67,98,7,48,6,0.617818179266549,0.954624781849913,191,389,0.3554732831399922,3537.7547424455965,9050.137932223646,12614.413405015508,3.565655146658175,1.0,0.350109409190372,0.6668364747834946,0.9239881539980257,aux_base,1
125,1326,1529,918,3773,245,46,71,99,7,39,0,0.6157365762816249,0.9510309278350515,194,389,0.35702826094786966,3524.41492838491,9050.137932223646,12630.408151424483,3.583689323780178,1.0,0.3747276688453159,0.6710526315789473,0.9227194913181707,aux_base,1
126,1330,1530,915,3775,243,39,58,87,8,54,6,0.6179343955148058,0.9540816326530612,196,389,0.35518781012762396,3512.724186183438,9067.528393348312,12646.558509388598,3.6002139191944464,1.0,0.4,0.6761565836298933,0.9293451501723289,aux_base,1
127,1354,1550,920,3824,194,59,102,124,8,49,4,0.6236459325532988,0.9625850340136055,196,392,0.3496820362975349,3505.0621276025718,9067.528393348312,12646.558509388598,3.608083979395458,1.0,0.4391304347826087,0.689058524173028,0.9437314906219151,aux_base,1
128,1342,1541,913,3796,222,24,67,67,10,93,8,0.6250510150421654,0.9644670050761421,197,397,0.348282609418159,3495.8587905874965,9067.528393348312,12646.558509388598,3.6175827649100443,1.0,0.44906900328587074,0.6829516539440204,0.9347451366658458,aux_base,1
129,1345,1545,920,3810,206,26,65,78,9,49,9,0.6297014618640937,0.9713804713804712,198,398,0.34401728702194045,3487.610287951172,9067.528393348312,12646.558509388598,3.626138663794897,1.0,0.4326086956521739,0.6890368852459017,0.9447061740639723,aux_base,1
130,1346,1552,928,3826,191,37,85,106,8,65,3,0.6295010906194198,0.9708333333333334,200,399,0.34417391622364674,3480.0897732585863,9067.528393348312,12646.558509388598,3.633974791847676,1.0,0.4364224137931034,0.6920308483290488,0.9522150323544052,aux_base,1
131,1359,1563,937,3859,159,56,82,135,9,44,3,0.6292934397140827,0.9702970297029703,202,405,0.34441884740578743,3476.4025352845388,9078.400145241552,12648.2591138413,3.6383183435936766,1.0,0.46851654215581645,0.6947852760736196,0.955434513493439,aux_base,1
132,1383,1587,950,3920,103,69,100,153,11,36,3,0.6316459538344739,0.9737274220032842,203,408,0.34227906290768084,3476.4025352845388,9083.125260881105,12649.590509537496,3.63870132447195,1.0,0.5042105263157894,0.7052524222335543,0.9645669291338582,aux_base,1
133,1382,1595,947,3924,108,33,69,82,14,63,3,0.6364954540514351,0.9810231023102312,202,409,0.3379342722691088,3476.4025352845388,9083.125260881105,12649.590509537496,3.63870132447195,1.0,0.5036958817317846,0.7018791264601321,0.9627085377821394,aux_base,1
134,1385,1595,949,3929,117,26,67,70,15,61,0,0.6346017112887066,0.9779411764705882,204,413,0.33954659763833234,3476.4025352845388,9083.125260881105,12649.590509537496,3.63870132447195,1.0,0.5068493150684932,0.6942355889724311,0.9527158098933075,aux_base,1
135,1390,1593,943,3926,129,24,60,60,13,61,2,0.6388901493508832,0.98440065681445,203,413,0.3354777837395858,3476.3887309065035,9083.125260881105,12649.590509537496,3.638715773376411,1.0,0.5026511134676565,0.695,0.9478512795750845,aux_base,1
136,1386,1592,947,3925,139,22,67,72,12,65,0,0.6395109938700918,0.9852216748768473,203,414,0.33496462345032785,3474.7624570718085,9083.125260881105,12649.590509537496,3.640418781374005,1.0,0.48680042238648363,0.6926536731634183,0.9492140266021766,aux_base,1
137,1385,1594,957,3936,137,36,68,97,12,54,0,0.6364556855416412,0.9803921568627451,204,415,0.3377886409773449,3473.230818357178,9083.125260881105,12649.590509537496,3.64202414728103,1.0,0.47126436781609193,0.6925,0.9527959331880901,aux_base,1
138,1406,1596,966,3968,114,50,81,115,12,47,1,0.6334998183463133,0.9757281553398058,206,418,0.34062223677434095,3473.230818357178,9087.723735323956,12689.76539947876,3.6535911556494134,1.0,0.4782608695652174,0.6984600099354198,0.9552238805970149,aux_base,1
139,1406,1613,970,3989,105,45,82,112,14,60,1,0.6340905212554888,0.976537216828479,206,420,0.3402363191651621,3473.230818357178,9087.723735323956,12689.76539947876,3.6535911556494134,1.0,0.4618556701030928,0.7026486756621689,0.9639922667955534,aux_base,1
140,1402,1609,965,3976,130,28,59,70,15,69,0,0.6382992883184465,0.9829268292682927,205,419,0.3363975271117527,3473.230818357178,9087.723735323956,12689.76539947876,3.6535911556494134,1.0,0.46839378238341967,0.7024048096192385,0.9638787878787879,aux_base,1
141,1392,1604,953,3949,168,26,71,71,13,96,0,0.6382993051345052,0.9828431372549019,204,409,0.336311134972676,3471.2538880219254,9087.723735323956,12689.76539947876,3.6556719297504197,1.0,0.47429171038824763,0.6921929388363998,0.9527141133896261,aux_base,1
142,1384,1597,954,3935,189,21,66,66,12,76,1,0.6325946068314089,0.9739837398373985,205,413,0.3414249933453554,3467.2539596921115,9087.723735323956,12689.76539947876,3.6598892227108735,1.0,0.4570230607966457,0.6878727634194831,0.9445511281805089,aux_base,1
143,1405,1611,966,3982,146,34,98,104,10,48,3,0.6373918252529087,0.9813008130081302,205,416,0.3369393403270573,3464.905174751675,9087.723735323956,12689.76539947876,3.6623701831575284,1.0,0.42857142857142855,0.6931425752343364,0.9510389300214951,aux_base,1
144,1415,1623,977,4015,123,48,76,116,11,42,0,0.6348637998267816,0.977346278317152,206,420,0.3392928324386824,3464.905174751675,9091.94563532176,12689.76539947876,3.6623701831575284,1.0,0.4022517911975435,0.6939676311917606,0.9525504151838672,aux_base,1
145,1416,1623,965,4004,140,30,58,69,13,64,2,0.6354948371396895,0.9782608695652174,207,416,0.33852301220410436,3464.7118056114878,9091.94563532176,12690.685900595821,3.6628402628010326,1.0,0.40414507772020725,0.6975369458128079,0.9551526717557252,aux_base,1
146,1414,1626,972,4012,141,19,69,74,13,57,0,0.6361168725854217,0.9791666666666666,208,422,0.3380533700559459,3462.963842898747,9091.94563532176,12690.685900595821,3.664689114967142,1.0,0.3940329218106996,0.6972386587771203,0.9584328714763497,aux_base,1
147,1406,1616,968,3990,171,22,68,68,12,87,1,0.6371282380915873,0.9806763285024155,207,419,0.33706966729935234,3459.2242844997063,9091.94563532176,12690.685900595821,3.668650788982081,1.0,0.39359504132231404,0.6905697445972495,0.9497738633658652,aux_base,1
148,1414,1622,964,4000,166,29,76,77,11,61,1,0.6351340285431908,0.9775641025641024,208,423,0.33861650834635065,3455.3807019613732,9091.94563532176,12690.685900595821,3.6727316018730507,1.0,0.4024896265560166,0.6982716049382716,0.9539709038874314,aux_base,1
149,1418,1640,975,4033,138,50,77,120,11,40,2,0.6388036220371656,0.9831730769230769,208,425,0.33548611248317184,3453.879521142269,9091.94563532176,12690.685900595821,3.6743279037129675,1.0,0.4123076923076923,0.7147177419354839,0.9807879377431906,aux_base,1
150,1397,1615,959,3971,210,26,75,75,14,134,1,0.6362235028554698,0.9791666666666667,208,418,0.33766467465445293,3448.763640959264,9091.94563532176,12690.685900595821,3.6797783848898216,1.0,0.39416058394160586,0.703423967774421,0.9666504381694255,aux_base,1
151,1402,1616,956,3974,215,23,59,59,12,54,2,0.6397929828346944,0.9846278317152104,206,415,0.33423343449099424,3443.229019638054,9091.94563532176,12690.685900595821,3.6856932339429003,1.0,0.3723849372384937,0.7073662966700303,0.9690319434284321,aux_base,1
152,1400,1612,956,3968,230,27,68,68,13,71,1,0.6336600781386204,0.9751602564102565,208,417,0.339596330064266,3436.3339048319153,9091.94563532176,12690.685900595821,3.693088696285052,1.0,0.3713389121338912,0.7035175879396985,0.9656850815283524,aux_base,1
153,1395,1617,959,3971,231,24,77,77,12,71,5,0.6347909459384936,0.9768740031897928,209,417,0.33860832714343664,3428.2527140845073,9091.94563532176,12690.685900595821,3.7017941671738126,1.0,0.3680917622523462,0.6978489244622311,0.9608032905879507,aux_base,1
154,1394,1613,963,3970,242,28,77,78,11,77,0,0.6328152595476638,0.9738095238095238,210,413,0.3402521023708584,3419.0609911456877,9091.94563532176,12690.685900595821,3.71174598331553,1.0,0.37383177570093457,0.6966516741629185,0.9596325839980663,aux_base,1
155,1408,1622,968,3998,221,31,81,88,11,52,3,0.6339368015419836,0.9755134281200633,211,418,0.33897623795304044,3410.6412627185123,9091.94563532176,12690.685900595821,3.7209090382259915,1.0,0.368801652892562,0.7025948103792415,0.9664007735073725,aux_base,1
0,2154,1437,854,4445,268,25,44,44,27,62,0,2.7960043930780468e-05,0.03960832151777864,150,698,1.0037328281915856,5833.333333333333,9166.666666666666,12500.0,2.142857142857143,1.5,0.351288056206089,1.0,1.0,aux_base,0
1,2159,1435,855,4449,282,34,75,75,21,68,0,3.409131232401352e-05,0.043229853876958366,149,695,1.003736551300128,5833.333333333333,9166.666666666666,12500.0,2.142857142857143,1.5,0.41403508771929826,1.0,1.0,aux_base,0
2,2116,1416,833,4365,377,16,37,37,19,116,3,4.1611536313708096e-05,0.04721937569841358,147,678,1.0035094879895892,5829.424450157097,9166.666666666666,12500.0,2.1442940219704085,1.5,0.36014405762304924,1.0,1.0,aux_base,0
3,2104,1406,835,4345,408,25,59,59,14,78,2,5.001009826737334e-05,0.050770334273556775,148,679,1.003068704448759,5822.564258281795,9166.666666666666,12500.0,2.146820446373,1.5,0.3592814371257485,1.0,1.0,aux_base,0
4,2108,1399,838,4345,419,33,67,67,13,65,0,6.150383813574242e-05,0.055845018936989996,148,680,1.002597107951246,5814.767943427486,9166.666666666666,12500.0,2.1496988567065562,1.5,0.3809069212410502,1.0004746084480303,1.0002302025782688,aux_base,0
5,2122,1410,835,4367,404,41,85,85,12,61,3,7.589239459983345e-05,0.06161685257560352,147,682,1.0021892258510778,5807.60375676301,9166.666666666666,12500.0,2.1523506980729583,1.5,0.4167664670658683,1.0,1.0,aux_base,0
6,2123,1417,837,4377,399,34,76,76,12,62,3,9.060867285949066e-05,0.06576344917657259,148,677,1.001689764655908,5799.586871207226,9166.666666666666,12500.0,2.1553259357244587,1.5,0.42601126472094214,0.9934487599438465,0.994546693933197,aux_base,0
7,2093,1402,829,4324,454,36,84,84,12,133,6,0.00011329190993644909,0.07348989344917717,146,671,1.000917530641526,5787.175852529781,9166.666666666666,12500.0,2.15994818863778,1.5,0.44149577804583834,0.9830906528886801,0.9854147675478578,aux_base,0
8,2082,1385,817,4284,503,37,71,71,11,109,0,0.0001358775215305085,0.07875839551926406,144,661,0.9999657787514435,5772.2986820653305,9164.835758377425,12500.0,2.1655151073241927,1.5,0.4585883312933496,0.9961722488038277,0.9972067039106145,aux_base,0
9,2096,1400,825,4321,471,36,88,88,10,50,4,0.00016550535456251372,0.08570283996370849,144,668,0.9990991188019909,5758.30595802523,9164.835758377425,12500.0,2.1707773242891015,1.5,0.46109090909090905,0.9985707479752263,0.996081143384048,aux_base,0
10,2117,1415,830,4362,436,44,92,92,10,47,0,0.00019812430094990943,0.09163799319478436,144,669,0.998334787595023,5745.811745511751,9164.835758377425,12500.0,2.1754976587536436,1.5,0.4744797371303396,1.0095374344301382,1.0055325034578146,aux_base,0
11,2114,1413,830,4357,447,34,73,73,11,75,2,0.00023537679260315998,0.09722653837387608,144,668,0.9974797249086124,5732.054034550138,9164.835758377425,12500.0,2.18071914965488,1.5,0.4759036144578313,1.0227382680212869,1.0222900046926326,aux_base,0
12,2118,1415,839,4372,441,35,70,70,10,55,1,0.00028114949200351883,0.10370010783353562,144,665,0.9965808746816422,5717.875858972693,9164.835758377425,12500.0,2.1861265106664667,1.5,0.4827175208581645,1.0187590187590188,1.014620561615224,aux_base,0
13,2103,1407,832,4342,473,23,52,52,10,78,4,0.0003284328681953243,0.1081573484691664,145,663,0.9955554815853622,5701.261211497235,9164.835758377425,12500.0,2.192497332834416,1.5,0.4735576923076923,1.0019056693663648,1.00462748727441,aux_base,0
14,2109,1411,828,4348,467,33,69,69,9,60,6,0.00039042922813174757,0.11478267249969179,145,657,0.994546885945765,5685.093246833603,9164.835758377425,12500.0,2.198732625355276,1.5,0.4963768115942029,0.9906059182714889,0.9872842870118075,aux_base,0
15,2115,1407,829,4351,460,34,64,64,10,56,9,0.0004575768973215179,0.12008561869565113,145,655,0.9935454519508141,5669.467959872981,9164.835758377425,12500.0,2.2047924229348763,1.5,0.5066344993968637,0.9873949579831933,0.9841664781723592,aux_base,0
16,2121,1414,842,4377,436,34,77,77,10,50,7,0.000533468055958109,0.12497087701508727,146,663,0.992559222832652,5654.0794039818975,9164.835758377425,12500.0,2.210793147191539,1.5,0.5,0.9828544949026877,0.9827121688370004,aux_base,0
17,2133,1421,835,4389,428,41,78,78,10,63,3,0.0006389463604740913,0.13360795126278974,145,657,0.991592657779677,5639.416077175966,9164.835758377425,12500.0,2.2165415406375883,1.5,0.5041916167664671,0.9916317991631799,0.9889589905362776,aux_base,0
18,2138,1423,841,4402,411,34,71,71,10,54,10,0.000753535720954758,0.14065266591983264,145,658,0.9906482275672351,5625.364589498118,9164.835758377425,12500.0,2.2220781962001186,1.5,0.5005945303210464,0.998598785614199,0.9970554926387316,aux_base,0
19,2138,1428,840,4406,405,30,63,63,10,55,8,0.0008824946717930178,0.1470473603440673,145,662,0.98969541556346,5611.14904840046,9164.835758377425,12500.0,2.227707710520238,1.5,0.49404761904761907,1.002344116268167,1.000227014755959,aux_base,0
20,2137,1434,841,4412,393,34,71,71,10,61,12,0.0010389777965550463,0.15455918475309227,144,665,0.9887262795052858,5596.954530588029,9164.835758377425,12500.0,2.233357432454739,1.5,0.48989298454221164,1.0099243856332702,1.0109990834097158,aux_base,0
21,2144,1430,851,4425,383,30,71,82,10,57,6,0.0012158743399902504,0.16150362919753672,144,662,0.9877308819815651,5583.196297923886,9164.835758377425,12500.0,2.2388609199802145,1.5,0.4770857814336075,1.0165955429113325,1.0151410874053681,aux_base,0
22,2144,1433,851,4428,378,24,51,52,10,47,11,0.001418739740087941,0.16829995744794232,144,659,0.9867454895558873,5569.570667300021,9164.835758377425,12500.0,2.24433816297364,1.5,0.4535840188014101,1.0151515151515151,1.0146654445462877,aux_base,0
23,2143,1430,845,4418,387,37,72,72,10,77,6,0.0015869692747117448,0.1681678673535999,143,661,0.9857383256573828,5555.471632426207,9164.835758377425,12500.0,2.250033989380835,1.5,0.4603550295857988,1.008470588235294,1.007295941632467,aux_base,0
24,2156,1435,847,4438,363,38,76,84,10,51,9,0.0018186789968612403,0.17220836827475544,144,666,0.9848579369598237,5542.774698881863,9164.835758377425,12504.515938606848,2.256002925958612,1.5,0.4628099173553719,1.0141110065851364,1.0120866590649944,aux_base,0
25,2192,1464,861,4517,283,55,115,132,10,35,10,0.002126417564065416,0.17998155217445325,144,669,0.9841725581810125,5534.152604905824,9164.835758377425,12508.553401360545,2.2602472852433033,1.5,0.4924506387921022,1.0242990654205608,1.0256584922797456,aux_base,0
26,2175,1453,860,4488,316,28,61,65,12,88,6,0.002480828598500944,0.18777781154186401,144,660,0.9832005445979306,5523.044002468307,9164.835758377425,12508.553401360545,2.2647933631834802,1.5,0.4872093023255814,1.0135135135135136,1.0144665461121158,aux_base,0
27,2182,1458,860,4500,304,38,79,82,11,66,10,0.0029000684356025415,0.1964003455008892,144,661,0.9822860311705036,5512.641115705874,9164.835758377425,12512.625953630755,2.269806013306665,1.5,0.49186046511627907,1.0234521575984992,1.0224948875255624,aux_base,0
28,2187,1459,858,4504,299,34,67,70,11,60,9,0.0033891141108289106,0.20547501101554713,144,657,0.9812191804066684,5502.618131859136,9164.835758377425,12512.625953630755,2.273940450489373,1.5,0.493006993006993,1.0248359887535146,1.0238690611502614,aux_base,0
29,2160,1444,858,4462,346,35,82,82,11,123,5,0.0039733649207668986,0.21580358872289762,143,650,0.9799182058575718,5489.031256133312,9164.835758377425,12512.625953630755,2.2795690841893905,1.5,0.486013986013986,1.0232117479867362,1.023394495412844,aux_base,0
30,2182,1464,861,4507,302,52,97,105,10,52,9,0.004548744269918387,0.2214859483040484,145,660,0.9787362772180535,5478.008927239948,9164.835758377425,12512.625953630755,2.284155816433681,1.5,0.5052264808362369,1.0331439393939394,1.031350114416476,aux_base,0
31,2201,1469,873,4543,265,51,69,97,11,32,11,0.005277212188350453,0.2305586016321505,145,662,0.9776106053041095,5470.685647448419,9164.835758377425,12512.625953630755,2.287213479258631,1.5,0.5223367697594502,1.0256290773532153,1.0252764612954186,aux_base,0
32,2183,1467,869,4519,291,30,72,72,12,94,8,0.0060843464308138655,0.23873879596839717,145,661,0.9763439495674144,5460.98116537203,9164.835758377425,12512.625953630755,2.291277991027155,1.5,0.520138089758343,1.0129930394431554,1.0157338727804002,aux_base,0
33,2196,1472,873,4541,270,46,78,95,11,51,5,0.006978414997345983,0.2461798061599165,146,661,0.9750236302388099,5453.027850003395,9164.835758377425,12512.625953630755,2.29461985117552,1.5,0.5360824742268041,1.018552875695733,1.0222872579918956,aux_base,0
34,2197,1467,872,4536,281,43,66,85,12,68,3,0.008106742868325724,0.25741161485541697,146,658,0.9734938353747152,5445.394053808993,9164.835758377425,12512.625953630755,2.2978366358773084,1.5,0.5584862385321101,1.0166589541878759,1.0177249270809963,aux_base,0
35,2206,1475,871,4552,270,45,81,92,12,61,3,0.009332753655357186,0.2670687625275297,147,654,0.9719411686537701,5438.567981749655,9164.835758377425,12512.625953630755,2.300720703615309,1.5,0.5683122847301951,1.0255695025569502,1.0256872465074358,aux_base,0
36,2175,1447,863,4485,347,27,54,54,12,120,1,0.010862435215553488,0.280519700286537,147,643,0.9698348305153487,5427.264722123611,9164.835758377425,12512.625953630755,2.3055123702782536,1.5,0.5608342989571263,1.006478482184174,1.0038048343777977,aux_base,0
37,2178,1452,859,4489,347,25,56,56,11,49,4,0.012555922848021147,0.2930516007205154,147,643,0.9675652422440738,5415.640801949526,9164.835758377425,12512.625953630755,2.310460832100691,1.5,0.5285215366705471,1.0083333333333333,1.0065022421524663,aux_base,0
38,2177,1451,867,4495,348,24,64,64,11,57,3,0.014508607736942647,0.3065210715754268,147,640,0.9650519082240888,5403.17026174881,9164.835758377425,12512.625953630755,2.3157933856374298,1.5,0.5190311418685121,1.004614674665436,1.0024531668153434,aux_base,0
39,2162,1444,862,4468,380,28,61,61,11,86,4,0.016461448680880775,0.3153279228608868,146,631,0.9623896916676725,5388.444567936966,9164.835758377425,12512.625953630755,2.3221220513402017,1.5,0.5104408352668214,0.9935661764705882,0.9942145082331998,aux_base,0
40,2171,1450,864,4485,360,31,66,70,10,45,9,0.018857799134217708,0.3280975415290843,146,630,0.9593406827211272,5374.636004906527,9164.835758377425,12512.625953630755,2.3280880681422755,1.5,0.5057870370370371,0.9904197080291971,0.9924762115512281,aux_base,0
41,2177,1446,861,4484,362,31,65,65,11,62,6,0.021638477772510486,0.3425678534175021,146,628,0.9558782130010517,5361.040579804659,9164.835758377425,12512.625953630755,2.3339920240049143,1.5,0.502903600464576,0.9922515952597994,0.9898454746136865,aux_base,0
42,2171,1454,863,4488,359,28,77,79,11,71,8,0.02442450489286287,0.3525095420221955,145,626,0.9525310458629995,5346.559141110427,9164.835758377425,12512.625953630755,2.3403137650567554,1.5,0.473928157589803,0.9783686345200541,0.9777777777777777,aux_base,0
43,2186,1454,866,4506,337,35,62,66,10,43,13,0.027748378330667473,0.36580173014033834,145,627,0.9486206399769987,5333.995581211748,9164.835758377425,12512.625953630755,2.3458260816159515,1.5,0.45381062355658197,0.9855725879170424,0.9853487863546906,aux_base,0
44,2138,1426,845,4409,435,38,83,83,11,179,9,0.03125409663721025,0.3770765809387734,143,609,0.9443274925368741,5316.167350170954,9164.835758377425,12512.625953630755,2.3536930140523853,1.5,0.47455621301775147,0.960035922766053,0.9591037633239069,aux_base,0
45,2142,1434,854,4430,418,29,71,71,9,50,5,0.034984747415544026,0.38705581777200515,144,604,0.9399088606145342,5298.460912303452,9164.835758377425,12512.625953630755,2.3615586036645912,1.5,0.4496487119437939,0.9498891352549889,0.9543300301594141,aux_base,0
46,2145,1430,846,4421,427,37,64,64,9,72,8,0.03918223656678388,0.39830281849047905,145,599,0.9348834056019227,5281.039927320586,9164.835758377425,12512.625953630755,2.3693488642073612,1.5,0.44680851063829785,0.949955713020372,0.9495274914089347,aux_base,0
47,2119,1421,847,4387,463,33,81,81,9,114,6,0.0441903199494474,0.4135522848800261,145,586,0.9291879727624615,5260.587709073229,9164.835758377425,12512.625953630755,2.3785604661717796,1.5,0.43211334120425027,0.9367816091954023,0.9402057436776683,aux_base,0
48,2135,1433,850,4418,428,39,87,87,8,52,8,0.049849316525847905,0.43030737821139325,145,582,0.9228338509372064,5241.888045407578,9164.835758377425,12512.625953630755,2.3870456303608156,1.5,0.4447058823529412,0.941358024691358,0.9438154240546892,aux_base,0
49,2143,1440,856,4439,407,30,68,68,9,46,8,0.05627674403020859,0.4489371967789539,145,585,0.9158689345413694,5223.999789939427,9164.835758377425,12512.625953630755,2.395219459565836,1.5,0.44742990654205606,0.9461368653421633,0.9497218656397091,aux_base,0
50,2127,1437,851,4415,425,40,96,96,9,118,13,0.06283757491004423,0.46410431558860865,144,570,0.908752990401364,5204.863147396822,9164.835758377425,12512.625953630755,2.4040259271540814,1.5,0.4688601645123384,0.9386584289496911,0.9435776875400727,aux_base,0
51,2131,1438,859,4428,408,25,58,59,9,45,13,0.07089705008932626,0.4856784445654998,144,561,0.9002727053513868,5186.563114209523,9164.835758377425,12512.625953630755,2.4125081827983865,1.5,0.4610011641443539,0.9616425992779783,0.9676573426573427,aux_base,0
52,2159,1464,869,4492,342,57,106,129,9,40,9,0.07951569211599606,0.5061374008892042,144,562,0.8914888003162769,5172.026624392826,9164.835758377425,12512.625953630755,2.4192887744655964,1.5,0.4856156501726122,0.9795825771324864,0.987035816304109,aux_base,0
53,2173,1468,877,4518,315,57,76,105,10,48,9,0.08862438733930218,0.5250798983454587,144,554,0.882347529110716,5160.519802869902,9164.835758377425,12512.625953630755,2.424683255100029,1.5,0.5108323831242874,0.9841485507246377,0.9905722429291822,aux_base,0
54,2185,1486,887,4558,277,69,93,132,11,49,5,0.09838520505106775,0.5435245395197036,144,550,0.8729145029672091,5152.131338105042,9164.835758377425,12512.625953630755,2.4286310135550444,1.5,0.5512965050732808,0.9824640287769785,0.9913005654632449,aux_base,0
55,2168,1486,886,4540,299,42,63,89,13,77,5,0.10725355451490495,0.5534614863751818,146,548,0.8642859258896594,5142.995816768688,9164.835758377425,12512.625953630755,2.432944999261609,1.5,0.5598194130925508,0.9743820224719101,0.9904013961605584,aux_base,0
56,2163,1495,890,4548,290,40,97,102,13,85,10,0.1179975303168538,0.5698005654165844,147,543,0.8538906429119086,5133.166887135989,9164.835758377425,12512.625953630755,2.4376035747031946,1.5,0.5595505617977528,0.9796195652173914,0.9964943032427696,aux_base,0
57,2152,1496,890,4538,295,39,79,88,13,86,15,0.12881374268188187,0.5831807874820757,147,535,0.8433590962599995,5122.850187047206,9164.835758377425,12512.625953630755,2.442512565615937,1.5,0.5707865168539326,0.9764065335753176,0.9960491659350307,aux_base,0
58,2155,1508,901,4564,272,61,95,132,13,68,9,0.14097885868925578,0.5995711313178245,148,535,0.8317933933827393,5114.635051930607,9164.835758377425,12515.375676093374,2.4469733517681247,1.5,0.5904550499445061,0.9624832514515409,0.9880926607490799,aux_base,0
59,2161,1529,916,4606,234,68,85,142,14,41,8,0.15497627072932382,0.620435922185921,148,539,0.818718842617065,5110.107692302176,9164.835758377425,12515.375676093374,2.449141276405277,1.5,0.618995633187773,1.0088702147525677,1.0430253623188406,aux_base,0
60,2169,1548,922,4639,208,63,86,134,17,47,4,0.16754201623290424,0.632773298027409,150,534,0.8071510902762732,5108.190058283862,9170.187833006348,12515.375676093374,2.4500606933756135,1.5,0.6409978308026031,1.0183098591549296,1.0550375255856266,aux_base,0
61,2163,1565,933,4661,201,55,79,120,18,56,2,0.18398919269281389,0.6570609431795192,150,527,0.7919527512160968,5106.906528294598,9170.187833006348,12515.375676093374,2.4506764724892593,1.5,0.6602357984994641,1.006514657980456,1.053095345684591,aux_base,0
62,2164,1585,945,4694,179,68,87,140,18,51,4,0.200257747053912,0.6778488978851862,150,529,0.7769179377061192,5106.906528294598,9170.187833006348,12515.375676093374,2.4506764724892593,1.5,0.6814814814814815,1.0121608980355472,1.0629528985507246,aux_base,0
63,2139,1601,958,4698,193,53,90,138,20,85,1,0.21642045051998215,0.6960675167945345,150,519,0.7621304380205284,5106.503062944144,9170.187833006348,12515.375676093374,2.4508701006981592,1.5,0.7014613778705637,1.000467726847521,1.0648232094288304,aux_base,0
64,2141,1623,974,4738,169,68,92,151,18,52,2,0.22967109881828066,0.703681502076091,152,523,0.7501378308235209,5106.503062944144,9170.187833006348,12528.89330978049,2.4535172417104123,1.5,0.7012320328542094,0.9935034802784223,1.0630468925286067,aux_base,0
65,2154,1660,988,4802,121,82,96,166,20,30,2,0.24440527388819308,0.7151877588066478,153,522,0.73647035814261,5106.503062944144,9170.187833006348,12529.197655366963,2.453576841319523,1.5,0.7165991902834008,0.994919168591224,1.0725932544114363,aux_base,0
66,2146,1686,996,4828,118,80,110,167,27,81,1,0.2609181320608027,0.7311036767293245,153,521,0.7211625041120295,5106.503062944144,9170.187833006348,12529.197655366963,2.453576841319523,1.5,0.7218875502008032,0.9893960350391886,1.080089485458613,aux_base,0
67,2122,1692,1002,4816,150,34,78,103,27,84,1,0.27661184614556666,0.7440897158161954,152,516,0.7065851075338652,5106.503062944144,9170.187833006348,12529.197655366963,2.453576841319523,1.5,0.7095808383233533,0.9751838235294118,1.0738015607580824,aux_base,0
68,2115,1706,1016,4837,143,64,98,154,20,74,3,0.2858417360480352,0.7400331422185613,156,520,0.6985360484453726,5106.503062944144,9173.348483912449,12553.466809880509,2.4583294389806616,1.5,0.7234251968503937,0.9613636363636363,1.0680061823802163,aux_base,0
69,2098,1734,1027,4859,140,66,94,155,21,70,0,0.30143161454768297,0.752908360273881,156,525,0.6843871440311259,5106.503062944144,9176.162913781793,12565.030178529141,2.460593878756003,1.5,0.7419668938656281,0.9545040946314831,1.0705001101564222,aux_base,0
70,2101,1766,1057,4924,92,98,114,223,20,46,0,0.31787380857896635,0.7678022297373847,157,524,0.6700701034979297,5106.503062944144,9188.986679394031,12599.337347020377,2.4673122079273275,1.5,0.7559129612109745,0.9498191681735986,1.0784056066579062,aux_base,0
71,2092,1789,1070,4951,94,64,100,159,30,72,0,0.3376582331820914,0.7904546444884111,156,519,0.6520934531849027,5106.503062944144,9188.986679394031,12633.014080489984,2.473907079810199,1.5,0.7429906542056075,0.9406474820143885,1.0800610820244327,aux_base,0
72,2061,1804,1076,4941,128,50,95,138,28,102,1,0.3519542615123305,0.8002035444629527,156,521,0.6387571853792717,5106.503062944144,9188.986679394031,12633.014080489984,2.473907079810199,1.5,0.7267657992565055,0.9254602604400539,1.0738969789176267,aux_base,0
73,2026,1806,1076,4908,181,33,81,98,22,112,0,0.3653693936409851,0.8083781869243997,156,519,0.626166587134889,5106.503062944144,9188.986679394031,12633.014080489984,2.473907079810199,1.5,0.7063197026022305,0.9163274536408865,1.0756081525312295,aux_base,0
74,2037,1845,1100,4982,119,93,124,216,16,46,0,0.37736329302256993,0.8139683364570021,158,525,0.6155956345620598,5106.503062944144,9215.43303130058,12633.014080489984,2.473907079810199,1.5,0.7136363636363636,0.915505617977528,1.0839860748476937,aux_base,0
75,2021,1864,1112,4997,127,67,119,166,24,103,0,0.38952038747888007,0.82051351205049,157,522,0.6041562210571705,5106.503062944144,9215.43303130058,12633.014080489984,2.473907079810199,1.5,0.7185251798561151,0.9046553267681289,1.0837128605508566,aux_base,0
76,2022,1881,1125,5028,114,60,79,139,22,44,0,0.40162432718471575,0.8275092435074591,158,525,0.5931002633337843,5106.503062944144,9221.49826579965,12652.665435726301,2.477755379712126,1.5,0.7031111111111111,0.9079479119892232,1.0935189212701175,aux_base,0
77,2028,1923,1142,5093,72,86,108,203,26,40,0,0.4139767631403498,0.8355379413554982,159,524,0.5823815082178623,5106.503062944144,9241.418236572468,12682.757063855403,2.4836481849759595,1.5,0.6961471103327496,0.9037433155080213,1.1002376323179952,aux_base,0
78,2022,1934,1147,5103,96,51,94,130,38,80,0,0.42382175886432105,0.8390828672563181,161,518,0.573073919616815,5106.503062944144,9242.048984869898,12690.563538560791,2.4851769169886824,1.5,0.6678291194420227,0.9026785714285714,1.1028744326777609,aux_base,0
79,2015,1966,1164,5145,84,76,89,185,36,41,0,0.43616566038510646,0.8481176381307793,162,523,0.5630574642456061,5106.503062944144,9265.873351225606,12763.305325441614,2.499421848595339,1.5,0.6941580756013745,0.9060251798561151,1.1214036617262424,aux_base,0
80,2015,1989,1173,5177,89,75,115,182,41,79,0,0.44437577528336225,0.8496711381964566,164,524,0.5566804039383384,5106.503062944144,9284.610074513,12835.706888643224,2.5136001546316162,1.5,0.6982097186700768,0.9068406840684068,1.129855958096901,aux_base,0
81,2005,2002,1187,5194,109,54,86,147,39,67,0,0.45815489347481614,0.8623552173010358,164,522,0.5449389356824237,5106.503062944144,9303.142193323069,12907.357599548151,2.527631422217622,1.5,0.6798652064026959,0.903560162235241,1.1348044570679485,aux_base,0
82,2012,2029,1201,5242,91,83,123,200,32,73,0,0.46808330225786593,0.8681919784120763,165,528,0.536817515835951,5106.503062944144,9330.386782240135,12967.52028717702,2.539413004816768,1.5,0.6594504579517069,0.9046762589928058,1.1435427574171029,aux_base,0
83,2003,2045,1214,5262,108,67,121,181,40,98,0,0.47400372790806095,0.8671800959428968,165,526,0.5318888458871154,5106.503062944144,9334.538690294825,13016.356780383752,2.5489765931676924,1.5,0.6548599670510709,0.8961968680089486,1.1429192006950477,aux_base,0
84,2012,2060,1221,5293,106,68,108,174,36,70,0,0.4839553402461086,0.8740923889740883,165,527,0.5241457863383995,5106.503062944144,9374.776895911242,13096.928135458396,2.56475477915554,1.5,0.6658476658476659,0.9046762589928058,1.1539132330499238,aux_base,0
85,1990,2062,1216,5268,165,26,76,92,39,96,0,0.4967435869268905,0.8864906529228623,165,524,0.5118769970093993,5106.503062944144,9374.776895911242,13113.816279633067,2.5680619629497143,1.5,0.662828947368421,0.8963963963963963,1.1524830452854955,aux_base,0
86,1986,2084,1240,5310,148,72,111,190,27,67,0,0.5061428901290045,0.8931985405558571,166,520,0.5033589293216734,5106.503062944144,9378.519609144158,13151.04259681396,2.575351945296152,1.5,0.6330645161290323,0.8958051420838972,1.160402097902098,aux_base,0
87,1983,2104,1244,5331,153,59,100,150,31,74,0,0.5142513539191931,0.8980613644346828,167,525,0.49565770840168016,5106.503062944144,9382.049926411477,13167.02682222102,2.578482115827734,1.5,0.6245980707395499,0.8864550737594993,1.1543958423559983,aux_base,0
88,1985,2111,1251,5347,164,54,104,141,31,84,0,0.5227714179131251,0.9040698935218676,168,526,0.48728163124080853,5106.503062944144,9382.049926411477,13172.268372466795,2.5795085619457847,1.5,0.6163069544364509,0.8921348314606742,1.1634029590948651,aux_base,0
89,1997,2145,1269,5411,124,91,121,211,30,51,0,0.5334313365027417,0.9141442230299395,168,524,0.47747135500873594,5106.503062944144,9398.277154955527,13197.824026314716,2.584513093135312,1.5,0.61150512214342,0.8947132616487455,1.17451703928804,aux_base,0
90,2005,2155,1280,5440,131,62,108,163,40,75,0,0.535952834775959,0.9107074722033323,169,527,0.4755734001042086,5106.503062944144,9410.008647088627,13233.293178385436,2.5914589720731134,1.5,0.61484375,0.9159433531292828,1.2016788159929312,aux_base,0
91,1997,2154,1272,5423,182,40,76,104,39,88,0,0.5451821633263099,0.919104540490257,168,527,0.4665427334303561,5106.503062944144,9410.008647088627,13248.440721520445,2.5944252961795113,1.5,0.5904088050314465,0.9284053928405392,1.2167377159524344,aux_base,0
92,1996,2172,1278,5446,186,43,112,127,31,85,0,0.5509899775648858,0.9221005914108893,168,525,0.46079616393587886,5105.271508331073,9410.008647088627,13253.043466184257,2.5959527215265994,1.5,0.5625978090766823,0.9279404927940493,1.2227211495285137,aux_base,0
93,1992,2187,1290,5469,184,64,112,177,29,81,0,0.5529701126898772,0.9191244009346988,168,522,0.4594770145695636,5104.107806737262,9410.008647088627,13308.726796096444,2.607454093843657,1.5,0.5651162790697675,0.9137614678899083,1.216414590747331,aux_base,0
94,1978,2181,1293,5452,225,37,111,132,30,122,0,0.5552791972421426,0.917140273950572,168,521,0.45722643212615904,5098.771694030218,9410.008647088627,13323.280964456599,2.613037367422405,1.5,0.5282289249806651,0.9148936170212766,1.223793490460157,aux_base,0
95,1993,2193,1296,5482,212,56,89,131,26,52,2,0.5582962060546834,0.9167312021786975,170,529,0.4546462154861493,5094.6556787851505,9434.097925950804,13337.755640072304,2.617989611272958,1.5,0.5185185185185185,0.9256850905712959,1.2313566936208447,aux_base,0
96,2013,2225,1329,5567,151,110,135,258,27,47,0,0.5620443918963866,0.9178892165604478,172,531,0.4521082777665974,5094.6556787851505,9466.110258238861,13381.331663389981,2.626542892606402,1.5,0.5372460496613995,0.9367147510469986,1.254111286325749,aux_base,0
97,2039,2245,1335,5619,131,85,125,185,37,68,0,0.5679961527096831,0.922965053269764,172,539,0.44694474811613083,5094.6556787851505,9506.209460268194,13394.662877706318,2.6291595982597102,1.5,0.5790262172284644,0.9559306141584623,1.2738608025391067,aux_base,0
98,2018,2231,1331,5580,209,32,112,112,41,149,0,0.5709101153988853,0.9234103419791873,173,537,0.4439624650327446,5092.79846825729,9506.209460268194,13394.662877706318,2.6301183840659323,1.5,0.5507137490608565,0.9545884578997161,1.2801101169993119,aux_base,0
99,1998,2219,1328,5545,269,27,94,100,30,125,1,0.5776688954406023,0.930356680549943,173,530,0.4370765560592431,5085.65945611875,9506.209460268194,13394.662877706318,2.633810421889474,1.5,0.5278614457831325,0.9375879868606288,1.2599409225176097,aux_base,0
100,1998,2231,1324,5553,281,30,97,97,24,85,0,0.5867312725476249,0.9412380452347376,171,534,0.4277893564362821,5076.126090954542,9506.209460268194,13394.662877706318,2.6387569255962897,1.5,0.5113293051359517,0.9336448598130841,1.2583276682528892,aux_base,0
101,2015,2250,1337,5602,249,63,127,167,22,73,0,0.5913003177593422,0.9451366807123206,171,538,0.4231585660996699,5068.616205778883,9506.209460268194,13407.947337673286,2.6452875485791325,1.5,0.48541510845175767,0.9389561975768872,1.2631341600901917,aux_base,0
102,2017,2264,1342,5623,246,67,113,168,24,87,1,0.591856963923639,0.9428807653283632,173,540,0.42242765703851737,5062.646502247633,9506.209460268194,13407.947337673286,2.6484067832349423,1.5,0.4873323397913562,1.0150981378963262,1.3701267056530215,aux_base,0
103,2024,2274,1353,5651,239,56,134,159,24,104,1,0.5987721719142025,0.9509846339286949,171,538,0.4153766621934271,5056.46380120949,9506.209460268194,13407.947337673286,2.6516450754509795,1.5,0.49519586104951957,1.0170854271356784,1.3726014087928102,aux_base,0
104,2035,2289,1351,5675,230,62,125,150,25,93,2,0.5985630270656566,0.9479896118720573,173,539,0.41533183834293513,5051.01666139715,9506.209460268194,13407.947337673286,2.6545046743054193,1.5,0.5099925980754997,1.0175,1.3717669809040367,aux_base,0
105,2029,2287,1358,5674,252,56,124,159,26,120,0,0.6016281689395757,0.9503980897140614,173,537,0.4122671585554889,5044.010985693523,9506.209460268194,13420.624660487403,2.660704883187748,1.5,0.5014727540500736,1.0195979899497487,1.3781880009715812,aux_base,0
106,2033,2305,1359,5697,241,61,113,155,24,79,1,0.6047459251767673,0.9530777941793059,174,536,0.40897467108184027,5037.756500913377,9506.209460268194,13420.624660487403,2.66400820644153,1.5,0.5187637969094923,1.019047619047619,1.3834385624089365,aux_base,0
107,2015,2277,1358,5650,306,42,129,139,25,171,2,0.6116433022417193,0.9618752896797574,173,531,0.4018920829739791,5027.272521168233,9506.209460268194,13420.624660487403,2.6695637851295024,1.5,0.5088365243004418,1.015625,1.3767056530214425,aux_base,0
108,2024,2291,1362,5677,293,39,115,121,21,82,1,0.6104526624928026,0.9581159361275127,174,532,0.40278423126428115,5015.879687503148,9506.209460268194,13420.624660487403,2.6756273069954855,1.5,0.4552129221732746,1.013013013013013,1.3755754785558516,aux_base,0
109,2034,2324,1384,5742,246,91,133,222,21,66,1,0.6124677044643023,0.9595527177367082,174,533,0.40092747988601735,5008.982027590627,9506.209460268194,13442.26832684738,2.683632772648069,1.5,0.4523121387283237,1.0303951367781155,1.4028829709259711,aux_base,0
110,2044,2330,1380,5754,247,60,127,141,24,109,5,0.6185589759048088,0.9675077430800803,173,538,0.39459843783177445,5002.211476960061,9506.209460268194,13442.26832684738,2.6872651003984545,1.5,0.47391304347826085,1.0261044176706828,1.3945710130877362,aux_base,0
111,2032,2316,1381,5729,292,29,88,90,24,112,3,0.6124405913939653,0.9565057115340574,175,538,0.400471599970634,4992.120435625588,9506.209460268194,13442.26832684738,2.6926971214312982,1.5,0.47501810282404056,1.0501291989664083,1.430461922596754,aux_base,0
112,1918,2194,1299,5411,618,34,107,107,21,417,5,0.6073632742952544,0.9472831412033714,176,512,0.4050333425302946,4968.3059178466965,9506.209460268194,13442.26832684738,2.705603992411435,1.5,0.5080831408775982,0.995846313603323,1.3554609218436873,aux_base,0
113,1892,2165,1279,5336,697,39,111,111,15,178,3,0.5931447536543932,0.923958097868492,179,514,0.4186351734284956,4943.464388257463,9506.209460268194,13442.26832684738,2.7191999923733015,1.5,0.49726348709929635,0.9732510288065843,1.332334581772784,aux_base,0
114,1892,2165,1284,5341,696,34,113,113,15,99,2,0.599559552068615,0.9328941920512738,178,516,0.41181817193119874,4918.747066316176,9506.209460268194,13442.26832684738,2.732864313943016,1.5,0.4696261682242991,0.967280163599182,1.317464232856438,aux_base,0
115,1852,2129,1260,5241,801,33,117,117,16,211,5,0.6088254954048894,0.9463361715064018,176,505,0.40215231734326456,4894.1533309845945,9503.23111996519,13442.26832684738,2.7465973004452424,1.5,0.4603174603174603,0.9377215189873418,1.2814180929095353,aux_base,0
116,1846,2120,1261,5227,822,40,120,120,15,131,5,0.6071734762040646,0.9428838951310862,178,505,0.40325858934355274,4869.682564329672,9498.418324805723,13442.26832684738,2.7603992969298923,1.5,0.4425059476605868,0.9337379868487607,1.2764346764346763,aux_base,0
117,1859,2144,1266,5269,782,35,101,101,14,51,4,0.6104876239500234,0.9472222222222222,180,507,0.3995143312166289,4845.334151508023,9498.418324805723,13442.26832684738,2.7742706501807963,1.5,0.42417061611374407,0.9304304304304304,1.2733204446592556,aux_base,0
118,1895,2181,1300,5376,682,49,153,153,14,44,5,0.6131074062929043,0.9505494505494505,182,512,0.3965203360576549,4821.107480750483,9498.418324805723,13442.26832684738,2.7882117087244183,1.5,0.40384615384615385,0.9423172550969667,1.289208633093525,aux_base,0
119,1922,2208,1319,5449,611,53,135,135,13,60,9,0.6218150334197105,0.9633699633699634,182,520,0.3874694767708086,4797.0019433467305,9498.418324805723,13442.26832684738,2.8022228228386115,1.5,0.40636846095526913,0.9477317554240631,1.3035885167464114,aux_base,0
120,1919,2202,1314,5435,627,31,81,81,13,90,6,0.6233966724914877,0.9652014652014651,182,522,0.38544336711945615,4773.016933629997,9498.418324805723,13442.26832684738,2.816304344561418,1.5,0.4018264840182648,0.9485912011863569,1.3017964071856287,aux_base,0
121,1931,2211,1323,5465,596,35,104,104,14,68,9,0.6183025621717988,0.9567567567567568,185,528,0.3900171013613154,4749.151848961847,9498.418324805723,13442.26832684738,2.830456627699918,1.5,0.35676492819349964,0.9606965174129353,1.3140177927386392,aux_base,0
122,1930,2211,1323,5464,601,37,120,122,15,118,8,0.6215425088319101,0.9612612612612612,185,533,0.3864001444773633,4725.4060897170375,9498.418324805723,13442.26832684738,2.8446800278391136,1.5,0.3393801965230537,0.964035964035964,1.3185328185328185,aux_base,0
123,1950,2236,1332,5518,542,42,122,138,14,64,15,0.6138149599449942,0.9488536155202822,189,535,0.39357753384934346,4701.779059268452,9498.418324805723,13445.659169308206,2.859696085209119,1.5,0.34684684684684686,0.9706321553011449,1.3273995669954295,aux_base,0
124,1945,2226,1328,5499,555,34,100,104,14,114,15,0.6104898720984564,0.9433014121815508,191,536,0.3963946329460188,4678.27016397211,9498.418324805723,13445.659169308206,2.8740664172955968,1.5,0.34789156626506024,0.9969246540235777,1.3655326545815745,aux_base,0
125,1946,2224,1336,5506,538,44,129,141,13,119,20,0.6112043697866771,0.9440307451042163,192,540,0.3953402230603081,4654.87881315225,9498.418324805723,13448.960199403666,2.8892181170010156,1.5,0.3495508982035928,1.0072463768115942,1.380988211687986,aux_base,0
126,1942,2223,1335,5500,538,27,79,84,13,81,15,0.6098509262955556,0.9416008748797741,194,534,0.3962644270631638,4631.604419086489,9498.418324805723,13448.960199403666,2.903736801006046,1.5,0.3445692883895131,1.001547189272821,1.3719131953105512,aux_base,0
127,1967,2240,1344,5551,482,41,107,119,13,54,16,0.619234536661625,0.9557761326117329,194,544,0.3865479624645371,4608.446396991056,9498.418324805723,13448.960199403666,2.918328443222157,1.5,0.3482142857142857,1.0097535934291582,1.3801591248135257,aux_base,0
128,1987,2263,1350,5600,418,42,117,129,13,62,22,0.6203964893380075,0.9572849729573136,195,545,0.3849760336617665,4587.706463206101,9498.418324805723,13448.960199403666,2.9315215145663247,1.5,0.34814814814814815,1.018452075858534,1.3878562577447335,aux_base,0
129,1974,2267,1363,5604,410,61,108,171,14,101,15,0.622216210672895,0.9598336872758519,197,543,0.38306207065373515,4568.62051524938,9498.418324805723,13448.960199403666,2.943768289467909,1.5,0.36390315480557595,1.0025393600812595,1.379615952732644,aux_base,0
130,1994,2291,1362,5647,368,53,126,133,14,80,10,0.6229020577770146,0.9606561292797798,199,548,0.3819749596288694,4551.7965120276895,9498.418324805723,13448.960199403666,2.954648821375487,1.5,0.3671071953010279,1.0126968004062975,1.3891758917589176,aux_base,0
131,2006,2300,1371,5677,344,54,103,129,15,73,9,0.6291900128442086,0.9701375575421355,198,548,0.37554032372935864,4537.102652924897,9498.418324805723,13448.960199403666,2.9642177460396746,1.5,0.36542669584245074,1.0287179487179487,1.4118378512807759,aux_base,0
132,1990,2284,1359,5633,393,34,103,103,16,145,9,0.6185797434474765,0.9535849240133143,201,545,0.3856007120890764,4520.3354351276075,9498.418324805723,13448.960199403666,2.9752128779850175,1.5,0.3708609271523179,1.028423772609819,1.4050885507607882,aux_base,0
133,2003,2297,1357,5657,361,48,126,128,13,91,10,0.6218281003836843,0.9584164792680254,201,548,0.38205070076084785,4504.797622548214,9498.418324805723,13448.960199403666,2.9854748928312644,1.5,0.38098747236551217,1.0405194805194806,1.419573400250941,aux_base,0
134,1992,2285,1362,5639,382,33,98,103,14,111,6,0.6258132722907099,0.9643979158393058,202,549,0.37794487549898037,4487.614137843145,9498.418324805723,13448.960199403666,2.9969065490705398,1.5,0.3766519823788546,1.0445726271630833,1.4268724696356276,aux_base,0
135,1998,2301,1364,5663,361,51,107,139,14,77,5,0.6261346154751951,0.9647469558800971,204,551,0.3773566994268469,4471.712001556984,9498.418324805723,13448.960199403666,3.0075640369328203,1.5,0.38269794721407624,1.0346970481615743,1.4200100300902707,aux_base,0
136,1914,2189,1307,5410,615,48,129,129,14,381,12,0.6232796556070015,0.960215902619079,206,539,0.3797026549520551,4449.3534415491995,9498.418324805723,13448.960199403666,3.022677424053086,1.5,0.41009946442234124,0.9840616966580977,1.3487908252306158,aux_base,0
137,1915,2205,1321,5441,586,31,96,96,13,65,11,0.6238659968068306,0.9609990830426134,208,536,0.37890769702563004,4427.106674341453,9498.418324805723,13448.960199403666,3.0378667578422975,1.5,0.3959121877365632,0.9780388151174668,1.3447849728126544,aux_base,0
138,1931,2220,1320,5471,556,46,124,124,13,88,7,0.6254662128457176,0.9633546473310965,210,538,0.37686278757368186,4404.971140969746,9498.418324805723,13448.960199403666,3.0531324199420076,1.5,0.4106060606060606,0.9862104187946884,1.3555500495540138,aux_base,0
139,1917,2201,1314,5432,596,33,93,93,12,128,7,0.6223096943144386,0.9583940407876631,211,534,0.37957349538626095,4382.946285264897,9498.418324805723,13448.960199403666,3.0684747939115655,1.5,0.4063926940639269,0.9785604900459418,1.3448873483535528,aux_base,0
140,1927,2212,1317,5456,571,41,105,105,11,76,7,0.6204709047905891,0.9554726290009202,214,538,0.3809499741366035,4361.031553838572,9498.418324805723,13448.960199403666,3.0838942652377543,1.5,0.404707668944571,0.9876986160943106,1.355191256830601,aux_base,0
141,1964,2261,1345,5570,455,53,160,160,11,42,9,0.6254409681820339,0.9630440741373502,215,544,0.3758232183256729,4340.8172357179155,9498.418324805723,13448.960199403666,3.098255344348627,1.5,0.3903345724907063,1.0040899795501022,1.377349159248269,aux_base,0
142,1962,2261,1348,5571,455,39,122,129,11,117,6,0.6238464757604157,0.9605145491027636,216,546,0.37706257206528293,4320.136772267042,9498.418324805723,13448.960199403666,3.113086670250527,1.5,0.37908011869436203,0.9954337899543378,1.3664459161147904,aux_base,0
143,1963,2259,1341,5563,457,39,103,103,10,103,8,0.6309857913972182,0.9714383610881476,214,544,0.36971808316697463,4299.495917197193,9498.418324805723,13448.960199403666,3.128031857318505,1.5,0.3698732289336316,0.9974593495934959,1.3644836889870002,aux_base,0
144,1972,2272,1353,5597,421,39,116,132,11,80,11,0.6313642078788907,0.9719588028195206,215,542,0.3690783982723888,4279.7662689858125,9498.418324805723,13448.960199403666,3.1424520298840295,1.5,0.37028824833702884,0.9894631209232313,1.3624634858812075,aux_base,0
145,1975,2299,1367,5641,380,61,117,165,10,72,6,0.6344389786356153,0.9766355140186916,214,548,0.36599533101703274,4262.432670171662,9498.418324805723,13448.960199403666,3.1552311180230403,1.5,0.3760058522311631,0.982098458478369,1.359277108433735,aux_base,0
146,2000,2318,1380,5698,325,83,131,184,10,72,6,0.6336105019290568,0.9753086419753086,216,556,0.3665054679957755,4249.928065800771,9498.418324805723,13448.960199403666,3.1645147849978055,1.5,0.40869565217391307,1.015744032503809,1.3986254295532645,aux_base,0
147,2033,2346,1393,5772,246,87,120,180,11,44,14,0.6294108132493281,0.9687975646879757,219,562,0.37034914530924395,4243.990474330166,9499.665346478374,13448.960199403666,3.1689421266965336,1.5,0.43072505384063176,1.0283257460799191,1.4105571847507332,aux_base,0
148,2040,2355,1405,5800,222,62,112,159,14,80,6,0.6348772934766339,0.9771689497716894,219,561,0.3650514528086884,4240.140488276529,9500.835156648429,13448.960199403666,3.171819480177225,1.5,0.4370106761565836,1.018472291562656,1.3982642237222758,aux_base,0
149,2051,2366,1417,5834,199,73,104,160,15,67,1,0.6359543979098308,0.9787878787878787,220,564,0.3639893605461514,4239.126335977682,9500.835156648429,13448.960199403666,3.1725782940842437,1.5,0.4629498941425547,1.0249875062468765,1.4119070667957405,aux_base,0
150,2005,2332,1384,5721,317,27,88,88,18,195,7,0.631464034311812,0.9718417047184171,219,561,0.368271567376541,4232.835412258838,9500.835156648429,13448.960199403666,3.177293442701254,1.5,0.4602601156069364,1.0014985014985014,1.38388969521045,aux_base,0
151,2021,2327,1385,5733,311,55,143,143,14,127,4,0.6247899364639421,0.9615384615384616,221,561,0.3744363273121659,4227.217829629483,9500.835156648429,13448.960199403666,3.1815157726524044,1.5,0.47581227436823104,1.016088486676722,1.3989751098096632,aux_base,0
152,2048,2358,1406,5812,239,40,123,123,14,41,4,0.6283360707308955,0.966966966966967,222,567,0.37093891633918447,4223.2883031963065,9500.835156648429,13448.960199403666,3.184475989769655,1.5,0.46799431009957326,1.022977022977023,1.4093113482056256,aux_base,0
153,2029,2338,1394,5761,303,35,102,102,16,153,3,0.6282560401620394,0.966817496229261,221,557,0.37090156429884386,4216.523648846329,9500.835156648429,13448.960199403666,3.189584909142724,1.5,0.45911047345767575,1.0059494298463063,1.3851887472950228,aux_base,0
154,2041,2355,1399,5795,278,47,129,129,15,93,4,0.6250652552177907,0.9618834080717489,223,565,0.37384380615831836,4209.974814642589,9500.835156648429,13448.960199403666,3.1945464739188543,1.5,0.4631879914224446,1.0149179512680258,1.3990825688073394,aux_base,0
155,2057,2361,1409,5827,255,47,116,124,15,81,3,0.6290580730483352,0.9680059523809523,224,564,0.3698121936563706,4204.003840393126,9500.835156648429,13448.960199403666,3.199083709244667,1.5,0.46557842441447833,1.0173095944609298,1.3960229995208433,aux_base,0
0,2167,1440,858,4465,247,31,60,60,27,57,0,1.6963686010845535e-05,0.024030832401680656,150,691,1.0037429531094595,5833.333333333333,9166.666666666666,12500.0,2.142857142857143,1.5,0.43356643356643354,1.0,1.0,aux_base,1
1,2165,1443,859,4467,265,29,75,75,23,70,0,1.999854879417551e-05,0.02535937408060591,152,697,1.0037287565894386,5833.333333333333,9166.666666666666,12500.0,2.142857142857143,1.5,0.4190919674039581,1.0,1.0,aux_base,1
2,2168,1447,864,4479,268,40,85,85,19,70,1,2.590000029623221e-05,0.02939045161314855,151,700,1.0037059474124392,5833.333333333333,9166.666666666666,12500.0,2.142857142857143,1.5,0.46296296296296297,1.0,1.0,aux_base,1
3,2165,1446,857,4468,291,30,68,68,18,76,3,3.250068484918417e-05,0.03299474888232944,151,695,1.003697931411028,5832.907650968746,9166.666666666666,12500.0,2.143013527382688,1.5,0.45507584597432904,1.0,1.0,aux_base,1
4,2143,1436,851,4430,339,25,63,63,16,98,3,4.1200519985567854e-05,0.03740975991985703,151,692,1.0033952110817894,5828.19409084253,9166.666666666666,12500.0,2.144746692571624,1.5,0.4371327849588719,1.0,1.0,aux_base,1
5,2148,1438,847,4433,344,41,82,82,14,77,4,5.243468922902752e-05,0.04257159802518163,151,695,1.003095111353742,5822.879717389419,9166.666666666666,12500.0,2.1467041406797502,1.5,0.4628099173553719,1.0,1.0,aux_base,1
6,2125,1422,836,4383,399,23,49,49,13,94,3,6.469568282667085e-05,0.046955894124099694,149,689,1.0025451154481584,5813.673140846289,9166.666666666666,12500.0,2.1501036775143487,1.5,0.4490772385509228,1.0,1.0,aux_base,1
7,2100,1401,834,4335,457,32,63,63,12,109,0,8.224013128841456e-05,0.05334730863856208,150,686,1.001700644422899,5800.169167960064,9166.666666666666,12500.0,2.1551095559504665,1.5,0.45143884892086333,1.0,1.0,aux_base,1
8,2097,1403,835,4335,459,39,89,89,10,86,5,0.00010495315453159699,0.060833771196937905,150,683,1.0008138794488042,5785.704845678139,9166.666666666666,12500.0,2.160497352252141,1.5,0.46307385229540915,1.0,1.0,aux_base,1
9,2092,1399,838,4329,470,25,59,59,10,62,2,0.00013444044718167062,0.0696166487175986,151,683,0.9998334180594816,5769.845601791805,9166.666666666666,12500.0,2.1664357874876528,1.5,0.4510739856801909,1.0,1.0,aux_base,1
10,2108,1416,840,4364,444,48,103,103,10,67,0,0.00017282120680516778,0.07993460921853475,150,682,0.9989282208376212,5754.9029373996855,9166.666666666666,12500.0,2.1720609601885035,1.5,0.4714285714285714,1.0,1.0,aux_base,1
11,2110,1415,845,4370,441,31,64,64,10,55,4,0.00021503378030309213,0.08882349810742363,150,678,0.9979697491377244,5739.5171394027775,9166.666666666666,12500.0,2.177883556472955,1.5,0.4662721893491124,1.0,1.0,aux_base,1
12,2118,1416,847,4381,436,42,82,82,10,70,3,0.0002606283943789496,0.09613103836317816,149,679,0.9970346784195787,5724.399787133884,9166.666666666666,12500.0,2.1836350473100956,1.5,0.4781582054309327,1.0,1.0,aux_base,1
13,2123,1415,844,4382,442,36,66,66,10,65,3,0.00031229352945347954,0.1028424477591513,149,678,0.9960924099020121,5709.197052868666,9166.666666666666,12500.0,2.1894497394724186,1.5,0.4881516587677725,1.0,1.0,aux_base,1
14,2153,1433,857,4443,387,45,95,95,10,33,3,0.0003659115260446944,0.10757468916665712,149,685,0.9953053378431542,5696.816277826492,9166.666666666666,12500.0,2.1942080260957844,1.5,0.4865810968494749,1.0004646840148699,1.0002251238181,aux_base,1
15,2128,1418,844,4390,435,28,61,61,11,108,10,0.0004295670030569552,0.11273475482544933,148,677,0.9943356948726652,5681.362099250192,9166.666666666666,12500.0,2.200176609346852,1.5,0.49170616113744076,1.0,1.0,aux_base,1
16,2123,1407,843,4373,452,26,56,56,10,72,9,0.0004979754640247717,0.11665633916805249,148,675,0.9932989358812228,5665.172526764118,9166.666666666666,12500.0,2.2064641351955188,1.5,0.49347568208778175,0.9925198690977092,0.9907113729043951,aux_base,1
17,2098,1397,827,4322,501,29,64,64,9,109,5,0.0005825675870990102,0.12181877321697608,148,662,0.9920816568929037,5645.758274809574,9166.666666666666,12500.0,2.2140515749271277,1.5,0.48851269649334944,0.9854391733208079,0.9842860396265087,aux_base,1
18,2086,1392,823,4301,517,35,76,76,9,93,10,0.0006925124907663452,0.1292622569845206,147,664,0.9907438391782072,5624.84195380444,9166.666666666666,12500.0,2.2222846619797827,1.5,0.5054678007290401,0.9834983498349835,0.9808437856328392,aux_base,1
19,2078,1387,824,4289,527,22,58,58,8,68,8,0.0008174096874146132,0.1362024505029301,147,661,0.9893177997361653,5602.706948221047,9166.666666666666,12500.0,2.231064397178396,1.5,0.49271844660194175,0.9755868544600939,0.9772157666894509,aux_base,1
20,2061,1371,818,4250,565,40,81,81,8,118,7,0.0009377653557976516,0.13950273948332584,145,656,0.9876411721859717,5578.541874806026,9163.637574950033,12500.0,2.240728900226216,1.5,0.49755501222493886,0.9884892086330935,0.9869948908499768,aux_base,1
21,2066,1378,819,4263,545,38,79,79,8,62,11,0.0011303061737813203,0.15013767719740562,144,649,0.9860623305164697,5555.3284526829975,9162.746241781517,12500.0,2.2500919804234094,1.5,0.5128205128205128,0.9956626506024097,0.9969597754911131,aux_base,1
22,2066,1381,821,4268,541,29,71,71,8,64,5,0.0013589353705149548,0.16120558166503043,143,653,0.984475006063195,5531.835680762998,9162.746241781517,12500.0,2.259647741068819,1.5,0.4884287454323995,0.9966232513265798,0.9955679962677864,aux_base,1
23,2049,1376,813,4238,564,21,45,45,8,71,11,0.001617596220399815,0.17141334174430783,142,646,0.9827307981643008,5506.8192416722595,9161.524542282612,12500.0,2.269912893709603,1.5,0.48093480934809346,1.0,1.0021281626862142,aux_base,1
24,1974,1315,783,4072,726,28,52,52,8,217,11,0.001925438505125706,0.1823172884018193,140,621,0.9799867183960502,5479.2851454638985,9141.674572441,12500.0,2.28131949116543,1.5,0.48148148148148145,0.9648093841642229,0.9633309675893068,aux_base,1
25,1973,1311,773,4057,736,30,54,54,8,63,7,0.002197064380687502,0.1859611508791956,139,608,0.9772333375845785,5451.888719736579,9120.915226047011,12500.0,2.292783408206462,1.5,0.4799482535575679,0.9600973236009732,0.9554875176636834,aux_base,1
26,1984,1316,783,4083,703,35,72,72,8,44,13,0.002600243324524967,0.19681649963672546,139,610,0.9745150831396734,5424.629276137896,9101.991458007924,12500.0,2.3043049328708163,1.5,0.4610472541507024,0.9570670525808008,0.9539719626168224,aux_base,1
27,1987,1326,787,4100,681,30,68,68,8,49,11,0.003057828214922718,0.20708425722664445,139,608,0.9719258031080485,5397.5061297572065,9086.4141018854,12500.0,2.3158843546440364,1.5,0.46124523506988563,0.9529976019184653,0.9534883720930233,aux_base,1
28,1997,1339,791,4127,646,30,74,74,8,44,13,0.00357422208149718,0.21669772617600705,139,612,0.9694603109420703,5370.518599108421,9075.624745381556,12500.0,2.3275219644663685,1.5,0.4639696586599241,0.9500475737392959,0.9502647939212526,aux_base,1
29,1988,1321,786,4095,661,28,52,52,8,81,22,0.00409812437320556,0.22257959296621546,137,604,0.9667031614835884,5343.666006112879,9059.918804970983,12500.0,2.3392180547400687,1.5,0.46564885496183206,0.9444180522565321,0.9415957691423316,aux_base,1
30,1992,1332,788,4112,638,27,64,64,8,45,12,0.004742541558017956,0.23092226162184593,138,601,0.9641025781106591,5316.9476760823145,9047.851066039613,12500.0,2.3509729193367526,1.5,0.4543147208121827,0.9526542324246772,0.950311994453432,aux_base,1
31,2016,1345,804,4165,576,35,84,84,8,27,13,0.005564471422414696,0.24310880521463643,139,609,0.9616051634344847,5291.839141847842,9040.017691626734,12500.0,2.362127733843996,1.5,0.4614427860696517,0.9495996231747527,0.9535256410256411,aux_base,1
32,2032,1354,811,4197,533,42,85,92,8,50,16,0.00663387434139871,0.2603012814737641,138,611,0.9591880867660687,5268.944014994598,9037.696606003208,12500.0,2.372391880503368,1.5,0.4599260172626387,0.9802219006271105,0.9796918767507002,aux_base,1
33,2031,1359,816,4206,519,28,65,71,8,56,13,0.007816423390870967,0.2757424996880061,138,608,0.9568664386462421,5246.310276022588,9037.696606003208,12500.0,2.3826269020208786,1.5,0.44485294117647056,0.9736337488015341,0.9779121134619856,aux_base,1
34,2043,1364,815,4222,497,32,64,66,8,44,10,0.009182234866746663,0.29156147461713283,138,601,0.9542974211078972,5225.066489853561,9037.696606003208,12500.0,2.3923140546198733,1.5,0.449079754601227,0.9737845567206864,0.9755083179297597,aux_base,1
35,2016,1346,810,4172,537,33,73,73,8,121,16,0.010724034243949337,0.3068820479570226,138,593,0.9515384773561355,5201.635466813394,9036.575364842818,12500.0,2.4030903510540895,1.5,0.4666666666666667,0.9627507163323782,0.9648473635522664,aux_base,1
36,1991,1329,797,4117,580,37,78,78,8,128,15,0.01267178530875087,0.32724571851221024,137,580,0.948013502015158,5175.983507089678,9031.057128247074,12500.0,2.4149999672291127,1.5,0.48557089084065247,0.9508118433619867,0.9525682554372975,aux_base,1
37,1994,1327,799,4120,558,38,80,80,8,74,24,0.014511336862178148,0.33869039715596416,138,577,0.9447008182152683,5152.015052343155,9025.485299567403,12500.0,2.4262351474138173,1.5,0.49436795994993743,0.9432355723746452,0.9438717067583047,aux_base,1
38,1990,1320,794,4104,567,37,79,79,8,93,13,0.01701213918199939,0.3594127862854199,136,572,0.9406642678862498,5128.083664053468,9018.035104309854,12500.0,2.437557734797064,1.5,0.5,0.9539789069990412,0.9515418502202643,aux_base,1
39,2002,1335,794,4131,529,36,75,75,8,46,17,0.019564940455393434,0.3747769807077545,136,567,0.9369649348087136,5106.164793736168,9015.785231261212,12500.0,2.448021265458176,1.5,0.5075566750629723,0.9519733713742273,0.9509668508287292,aux_base,1
40,2015,1348,797,4160,503,43,90,90,8,59,3,0.022489077505457495,0.39127636201241833,136,574,0.9330944911992143,5085.277096322856,9015.785231261212,12500.0,2.4580764751322404,1.5,0.5219573400250941,0.951818611242324,0.9515096065873742,aux_base,1
41,2017,1345,795,4157,501,28,57,57,8,57,10,0.02590521445746827,0.4101163585679233,136,570,0.9287240029342791,5064.775155203764,9015.785231261212,12500.0,2.468026638291528,1.5,0.5232704402515723,0.9577397910731245,0.954096855634611,aux_base,1
42,2025,1353,802,4180,474,32,69,80,8,44,10,0.029166458292160212,0.42094834266152203,138,572,0.924846249675915,5045.287789681536,9015.785231261212,12506.172069825436,2.478782696083792,1.5,0.5249376558603491,0.98876953125,0.9860816230242981,aux_base,1
43,2020,1347,799,4166,492,33,60,60,9,74,5,0.03262689774705183,0.4301143476839851,136,560,0.9204867973927107,5024.997596558944,9015.785231261212,12506.172069825436,2.488791652037706,1.5,0.5244055068836045,0.9758454106280193,0.9713219864770343,aux_base,1
44,2019,1345,795,4159,497,28,53,53,8,57,7,0.03625936213098943,0.43746445331893447,136,556,0.9159369857112987,5004.596983134111,9015.785231261212,12506.172069825436,2.4989368998087613,1.5,0.5094339622641509,0.9697406340057637,0.9651891390113716,aux_base,1
45,2022,1350,800,4172,474,31,66,69,8,51,16,0.0407283741308218,0.45060077091553513,137,550,0.9108436452380045,4985.116365306384,9015.785231261212,12506.172069825436,2.508702135192146,1.5,0.51,0.975397973950796,0.975906432748538,aux_base,1
46,2008,1343,803,4154,487,22,56,64,9,72,12,0.04504617701230403,0.45791207542837886,138,544,0.9058953263976158,4964.431976686017,9015.785231261212,12506.172069825436,2.5191546844748736,1.5,0.49564134495641343,0.966779008184882,0.9664960446719404,aux_base,1
47,2020,1348,809,4177,452,35,74,78,8,49,18,0.050342134788013415,0.4711236508614946,140,542,0.9000251866855278,4945.949909712118,9015.785231261212,12506.172069825436,2.5285682827615545,1.5,0.49443757725587145,0.9706871696299856,0.9734327662549522,aux_base,1
48,2039,1362,820,4221,402,45,94,106,8,49,13,0.057352454949508525,0.49507568494973014,139,541,0.892829919331392,4929.946110381783,9015.785231261212,12506.172069825436,2.5367766279410584,1.5,0.4975609756097561,0.9793467819404419,0.9809435277713223,aux_base,1
49,2038,1357,821,4216,406,30,67,80,9,70,8,0.06475686359172966,0.5165857640495848,139,537,0.8851855217725789,4913.802345550722,9015.785231261212,12506.172069825436,2.545110932504101,1.5,0.48721071863581,0.9783965434469515,0.9795539033457249,aux_base,1
50,2046,1370,828,4244,375,35,85,87,8,55,9,0.07278322892538101,0.5375606982780552,139,527,0.8771950399716171,4898.623972869247,9015.785231261212,12506.172069825436,2.5529969516113433,1.5,0.4806763285024155,0.9855491329479769,0.9881257275902212,aux_base,1
51,2053,1385,832,4270,339,37,80,86,8,52,16,0.08018940058743658,0.5493354561138425,141,526,0.8698295754769989,4884.921845376112,9015.785231261212,12506.172069825436,2.560158067147649,1.5,0.4795673076923077,0.9913085465958474,0.9953379953379954,aux_base,1
52,2069,1395,837,4301,308,40,86,91,9,54,8,0.08946682401382249,0.5694788609286159,141,521,0.8607141758105277,4872.902799455208,9015.785231261212,12506.172069825436,2.5664727133944947,1.5,0.4731182795698925,1.0004835589941974,1.0049065420560748,aux_base,1
53,2072,1400,839,4311,299,52,93,113,9,79,4,0.09780810348010141,0.5794913857747874,141,515,0.8526668073458425,4861.758861407508,9015.785231261212,12510.971816436262,2.5733427290579898,1.5,0.5005959475566151,1.001934235976789,1.0081852198316184,aux_base,1
54,2068,1410,840,4318,292,45,73,93,10,65,9,0.10715488610339173,0.5919722390821017,140,511,0.8437819951605982,4851.490562555911,9015.785231261212,12510.971816436262,2.5787892721046757,1.5,0.5154761904761904,0.9956668271545498,1.0060577819198508,aux_base,1
55,2057,1418,849,4324,284,53,96,122,10,87,9,0.11718332124809903,0.6047021513617086,139,506,0.8345047264503586,4841.559519908628,9015.785231261212,12510.971816436262,2.5840789037067076,1.5,0.5335689045936396,0.9913253012048193,1.0086307441101003,aux_base,1
56,2075,1444,858,4377,234,81,101,152,10,45,4,0.12754382528764047,0.6158988545704448,140,506,0.8249469862789283,4836.39295314507,9015.785231261212,12510.971816436262,2.5868393940778676,1.5,0.5897435897435898,0.9876249405045217,1.0085253456221197,aux_base,1
57,2061,1444,861,4366,252,36,74,89,12,83,3,0.13970003106374476,0.6324664778060534,140,503,0.8137579713220674,4829.6722512491415,9015.785231261212,12510.971816436262,2.5904390951581524,1.5,0.5934959349593496,0.9823641563393708,1.0087800369685767,aux_base,1
58,2057,1462,871,4390,231,55,84,122,11,58,6,0.1532309235398636,0.6516781241801388,139,501,0.8015425760281444,4824.610383216582,9015.785231261212,12510.971816436262,2.5931569230871574,1.5,0.6245694603903559,0.9827998088867654,1.0143253234750462,aux_base,1
59,2058,1475,878,4411,218,57,83,116,12,59,1,0.16544011938660125,0.662327158571592,138,495,0.7904062117092339,4820.803265357066,9015.785231261212,12510.971816436262,2.59520480877985,1.5,0.6446469248291572,0.993722839208112,1.0322958109056868,aux_base,1
60,2041,1475,869,4385,244,43,93,95,13,111,5,0.17923409639813928,0.6769319890429922,136,484,0.7775846908924807,4814.63044014174,9015.785231261212,12510.971816436262,2.5985321141424813,1.5,0.6490218642117376,0.9817219817219818,1.020954598370198,aux_base,1
61,2038,1489,887,4414,223,66,88,145,12,57,2,0.19142671521773974,0.683621772615332,137,490,0.7666467880412402,4810.5304314107025,9015.785231261212,12510.971816436262,2.6007468396301947,1.5,0.6764374295377678,0.9727923627684965,1.0224693073893907,aux_base,1
62,2053,1521,897,4471,173,81,98,153,13,38,3,0.20583839811199856,0.6967387447193633,137,496,0.7536651664570012,4810.5304314107025,9015.785231261212,12510.971816436262,2.6007468396301947,1.5,0.7201783723522854,0.981357552581262,1.0371143586174902,aux_base,1
63,2042,1528,906,4476,178,41,64,96,17,56,4,0.21889544295106883,0.7040277711579858,138,491,0.7419816803827805,4810.487093298708,9015.785231261212,12510.971816436262,2.6007702699929873,1.5,0.717439293598234,1.0004899559039686,1.0624258248279137,aux_base,1
64,2053,1567,924,4544,122,98,111,201,17,39,1,0.23299478150308264,0.713864820900704,139,495,0.7297277898921231,4810.487093298708,9015.785231261212,12526.569911168443,2.604012788771161,1.5,0.7662337662337663,1.019364448857994,1.0936221419975933,aux_base,1
65,2034,1574,935,4543,141,47,78,119,25,73,1,0.24904636267058483,0.7287686845857694,138,496,0.7153753650609239,4810.487093298708,9015.785231261212,12526.569911168443,2.604012788771161,1.5,0.7518716577540107,0.9955947136563876,1.0773061418069718,aux_base,1
66,2030,1596,947,4573,124,68,88,155,21,51,1,0.26442932111906126,0.7409421774494905,139,492,0.701572914827605,4810.487093298708,9015.785231261212,12527.972040429882,2.604304262219534,1.5,0.7666314677930306,0.999507631708518,1.0921901122522093,aux_base,1
67,2000,1606,953,4559,158,42,82,118,25,91,0,0.2787342070974228,0.7497988963141808,138,485,0.6888545919578621,4810.487093298708,9015.785231261212,12529.207748060313,2.604561140079606,1.5,0.7502623294858342,0.9896091044037605,1.091453196073737,aux_base,1
68,2004,1625,970,4599,134,64,91,151,19,49,1,0.2957061891905656,0.7655718279131788,137,483,0.6735777219388097,4810.487093298708,9019.94636290641,12529.207748060313,2.604561140079606,1.5,0.7195876288659794,1.002,1.1149090909090908,aux_base,1
69,1992,1650,978,4620,130,56,81,132,21,56,0,0.313745815903633,0.7836664649435029,137,480,0.6572724038200415,4810.487093298708,9019.94636290641,12529.207748060313,2.604561140079606,1.5,0.7341513292433538,0.9974962443665498,1.1181026137463699,aux_base,1
70,1986,1673,995,4654,114,77,106,172,22,69,1,0.3265016059562149,0.7886420783980463,138,479,0.6460136173543571,4810.487093298708,9019.94636290641,12541.92583833724,2.607204965960491,1.5,0.7437185929648241,0.9910179640718563,1.1236117817479478,aux_base,1
71,1982,1700,1026,4708,83,78,101,196,24,46,0,0.34462254056230934,0.806758020427032,138,481,0.629718714700554,4810.487093298708,9019.94636290641,12541.92583833724,2.607204965960491,1.5,0.7417153996101364,0.9850894632206759,1.1322751322751323,aux_base,1
72,1994,1764,1053,4811,12,126,138,263,33,34,0,0.36281203769636006,0.8248897947447709,138,488,0.6133070801719367,4810.487093298708,9019.94636290641,12541.92583833724,2.607204965960491,1.5,0.8015194681861348,0.9861523244312562,1.150956937799043,aux_base,1
73,1989,1797,1067,4853,4,65,85,176,35,42,0,0.3779412585634995,0.8361933831318488,139,484,0.6010103852493354,4854.074121149602,9019.94636290641,12552.10513334755,2.5858907013094403,1.5,0.7900656044985942,0.9807692307692307,1.1571292322365283,aux_base,1
74,1920,1748,1037,4705,185,43,106,106,34,253,0,0.3921672570907574,0.8459003187890279,139,476,0.5878097305102293,4854.074121149602,9019.94636290641,12552.10513334755,2.5858907013094403,1.5,0.7762777242044359,0.9472126295017267,1.1231797565051325,aux_base,1
75,1931,1790,1060,4781,128,42,129,129,25,47,0,0.4096650903624182,0.8629477502662797,139,483,0.571732144345171,4854.074121149602,9019.94636290641,12552.10513334755,2.5858907013094403,1.5,0.7603773584905661,0.9502952755905512,1.1372502378686964,aux_base,1
76,1936,1829,1083,4848,78,89,112,204,22,40,0,0.4261373356938935,0.8780159975920845,139,483,0.5566046507158349,4854.074121149602,9019.94636290641,12552.10513334755,2.5858907013094403,1.5,0.7359187442289935,0.9513513513513514,1.1523651057760875,aux_base,1
77,1916,1839,1093,4848,109,52,83,137,34,80,0,0.43738193704909195,0.8827770923562219,140,480,0.546278777902221,4854.074121149602,9019.94636290641,12552.10513334755,2.5858907013094403,1.5,0.7337602927721867,0.9350902879453392,1.1415116552860842,aux_base,1
78,1916,1868,1110,4894,87,65,95,158,29,44,0,0.45130356268884625,0.8934913780705076,140,478,0.5334164072504348,4854.074121149602,9019.94636290641,12552.10513334755,2.5858907013094403,1.5,0.7198198198198198,0.9319066147859922,1.1482871891130924,aux_base,1
79,1900,1884,1117,4901,109,50,93,139,34,81,0,0.46099955495723655,0.8964067766922774,140,477,0.5248874816156559,4854.074121149602,9025.844756706358,12571.950270022116,2.5899790477539453,1.5,0.7224709042076992,0.9245742092457421,1.1558962264150943,aux_base,1
80,1913,1913,1132,4958,76,78,107,185,28,46,0,0.470439040084874,0.8995055465975332,141,476,0.516659350288976,4854.074121149602,9040.820204305828,12591.230222026321,2.59395095908513,1.5,0.7252650176678446,0.9272903538536112,1.1635766252053508,aux_base,1
81,1909,1935,1143,4987,87,62,93,158,43,61,0,0.4751647575612478,0.8943717803661254,142,480,0.5133929364913554,4854.074121149602,9064.788890428872,12632.143458285818,2.6023795976345983,1.5,0.7235345581802275,0.9285019455252919,1.176734308636149,aux_base,1
82,1892,1937,1150,4979,130,41,89,118,39,93,0,0.4806539639071414,0.8915078018020355,143,481,0.5083766706621319,4854.074121149602,9064.788890428872,12639.832589086513,2.6039636547809843,1.5,0.6878260869565217,0.9211295034079844,1.1745694739325312,aux_base,1
83,1891,1955,1155,5001,130,65,98,161,28,70,0,0.4905600530740972,0.8974695531784102,144,481,0.49999785247294665,4854.074121149602,9069.842915948344,12702.101547902013,2.6167918393660092,1.5,0.6735930735930736,0.9170708050436469,1.1780918727915195,aux_base,1
84,1885,1976,1175,5036,121,59,92,158,30,53,0,0.501931711402987,0.9065602799195835,144,479,0.48964297885202746,4854.074121149602,9069.842915948344,12719.938541565025,2.6204664832255444,1.5,0.6051063829787234,0.9163830821584832,1.1860574658502119,aux_base,1
85,1896,2002,1185,5083,101,68,92,162,31,41,0,0.5068667908342519,0.9045565643461513,146,481,0.48547600841977206,4854.074121149602,9078.88557651789,12748.169291239552,2.6262823708634206,1.5,0.6025316455696202,0.9437531110004977,1.221875,aux_base,1
86,1879,2001,1188,5068,149,41,116,135,40,124,0,0.5144513367952711,0.9078605907028108,144,479,0.4783125732846084,4854.074121149602,9078.88557651789,12748.169291239552,2.6262823708634206,1.5,0.5993265993265994,0.9465994962216625,1.233390119250426,aux_base,1
87,1870,1999,1184,5053,192,34,107,107,29,121,0,0.5255832622999154,0.9178508098575905,142,479,0.46764821775191184,4851.641178889367,9078.88557651789,12748.169291239552,2.627599367139894,1.5,0.5945945945945946,0.9545686574783052,1.2482707509881423,aux_base,1
88,1884,2026,1208,5118,151,74,106,178,24,41,0,0.5247441429807478,0.9074814827570886,145,482,0.4687586988936789,4851.641178889367,9078.88557651789,12775.438554028098,2.63321999360073,1.5,0.570364238410596,0.9553752535496958,1.2574938574938574,aux_base,1
89,1898,2044,1217,5159,137,68,89,161,31,44,0,0.525251529619117,0.9001264428650363,148,493,0.4694085181324141,4851.641178889367,9109.586778624003,12823.370067945674,2.643099436896359,1.5,0.5792933442892358,0.9561712846347608,1.260752688172043,aux_base,1
90,1905,2064,1239,5208,124,65,100,166,36,51,0,0.5343991648666617,0.9080674287071056,149,497,0.46142133362180693,4851.641178889367,9113.435402495592,12870.171746272754,2.652746003202772,1.5,0.5690072639225182,0.9577677224736049,1.2668450498662125,aux_base,1
91,1925,2089,1255,5269,101,92,135,203,39,73,0,0.5429480496097167,0.9153381222194095,149,494,0.45345465121454526,4851.641178889367,9117.021445530945,12885.451870497413,2.6558954785372517,1.5,0.595219123505976,0.9558093346573983,1.265977895242672,aux_base,1
92,1930,2100,1257,5287,125,60,91,147,47,68,0,0.5472894281159376,0.915907595214296,151,499,0.4504525836756287,4851.641178889367,9150.884668042918,12931.437659750436,2.665373877198125,1.5,0.5799522673031027,0.9630738522954092,1.279216065811759,aux_base,1
93,1946,2122,1271,5339,108,73,116,188,41,59,1,0.5413366903882209,0.8997878001701165,156,504,0.4577998016730246,4851.641178889367,9197.26869984757,12997.142793036564,2.678916744624518,1.5,0.5822187254130606,0.9808467741935484,1.2999756513270027,aux_base,1
94,1952,2130,1285,5367,120,63,106,169,45,73,0,0.5552597636495625,0.9171081759888418,156,508,0.44524662569015894,4851.641178889367,9217.735861179624,13031.835555511363,2.686067471810559,1.5,0.5929961089494163,0.9789368104312939,1.3029861616897305,aux_base,1
95,1953,2136,1289,5378,148,56,131,157,42,117,0,0.5667680161690287,0.9306420484042811,154,502,0.43439519940102406,4851.641178889367,9217.735861179624,13056.322061109073,2.6911145279911057,1.5,0.5841737781225756,0.970193740685544,1.2930993027169992,aux_base,1
96,1939,2142,1289,5370,189,38,110,122,36,116,1,0.5765793529468811,0.9416266369559431,153,506,0.4249090994973636,4849.50262652762,9217.735861179624,13056.322061109073,2.692301266049167,1.5,0.5678820791311094,0.9613287059990084,1.2862275449101797,aux_base,1
97,1938,2139,1285,5362,224,48,133,133,29,140,1,0.5701637698568922,0.9264873216270374,154,511,0.4308144454665466,4844.383207242844,9217.735861179624,13056.322061109073,2.6951464206193574,1.5,0.5540856031128405,0.9598811292719168,1.2840038314176245,aux_base,1
98,1956,2161,1295,5412,195,69,108,162,26,54,1,0.5741873402773807,0.9287110421492654,156,513,0.427387547682302,4841.802238783755,9229.158858234801,13090.702028852998,2.703683748996188,1.5,0.5714285714285714,0.9683168316831683,1.2965979875419262,aux_base,1
99,1954,2175,1302,5431,203,54,104,154,29,84,1,0.5818725977483709,0.9371268953839834,157,518,0.4209792588909565,4838.487535581322,9253.133454809067,13144.955045863513,2.7167487668817993,1.5,0.5837173579109063,0.9682854311199207,1.3017737296260785,aux_base,1
100,1942,2167,1296,5405,252,38,125,125,28,146,0,0.5715920446705965,0.916951599428867,160,517,0.4306639234459961,4831.034846904721,9253.133454809067,13144.955045863513,2.7209398115365655,1.5,0.558641975308642,0.9590123456790124,1.2905921680993315,aux_base,1
101,1948,2180,1310,5438,238,55,105,160,23,68,0,0.5757223350845805,0.9202367738541432,162,518,0.4271506177842568,4824.3559356963115,9277.072754205914,13158.802403087398,2.7275770234370476,1.5,0.5427480916030535,0.9507076622742802,1.287405303030303,aux_base,1
102,1905,2135,1280,5320,378,39,119,119,24,236,1,0.5835052350097969,0.929575718619283,161,505,0.41927927215647537,4810.740142380063,9277.072754205914,13158.802403087398,2.735296859451074,1.5,0.53515625,0.9247572815533981,1.25,aux_base,1
103,1931,2178,1303,5412,302,51,147,147,19,52,0,0.5960470093410436,0.9466564639608979,161,508,0.4069096037840445,4798.199786053859,9277.072754205914,13158.802403087398,2.7424457066864814,1.5,0.49424405218726014,0.9387457462323773,1.2677442023893184,aux_base,1
104,1959,2205,1319,5483,248,82,119,180,20,46,1,0.5986353449229564,0.9481041471413156,163,515,0.4044943301959383,4790.53049664061,9296.384211775894,13158.802403087398,2.746836161948054,1.5,0.5049279757391963,0.9551438322769381,1.2922460523214707,aux_base,1
105,1967,2220,1331,5518,231,74,114,189,23,74,0,0.5975918928721795,0.9440219436789224,166,519,0.4063272043089171,4785.204283820064,9311.291926998381,13221.462425349435,2.7629880860163913,1.5,0.5011269722013524,0.9567120622568094,1.2950011734334663,aux_base,1
106,1979,2236,1338,5553,217,53,95,143,25,56,0,0.6010426931450875,0.9472415114212934,167,522,0.4039708162201535,4780.800587850444,9325.983446639906,13303.716127314015,2.7827381382781473,1.5,0.4910313901345291,0.9620807000486145,1.3053596614950636,aux_base,1
107,1986,2243,1340,5569,222,49,95,124,26,76,2,0.6096359794424596,0.9587185573294772,167,527,0.39577396402234444,4775.987294281706,9332.278381520962,13326.749426877725,2.790365343482771,1.5,0.48507462686567165,0.9594202898550724,1.3036048689138577,aux_base,1
108,1981,2236,1341,5558,255,45,130,134,26,137,0,0.6092469485238681,0.9562235473494372,167,527,0.3959490091181015,4768.142098851601,9332.278381520962,13326.749426877725,2.794956431790791,1.5,0.4899328859060403,0.9611838913148957,1.3007254856073016,aux_base,1
109,1979,2245,1346,5570,260,47,95,131,21,79,0,0.6168001284246698,0.9663403232794271,166,520,0.3884387102155373,4759.907186770362,9332.278381520962,13326.749426877725,2.799791866513271,1.5,0.487369985141159,0.9672531769305963,1.314609393438754,aux_base,1
110,1983,2261,1346,5590,253,53,107,139,21,80,1,0.623917992349224,0.975889950932906,164,526,0.38130564037007136,4752.39625795683,9332.278381520962,13326.749426877725,2.8042168000122145,1.5,0.475482912332838,0.9792592592592593,1.3331743381826855,aux_base,1
111,2000,2287,1357,5644,215,70,109,162,21,53,3,0.6221452354438023,0.9716623611626299,166,531,0.3829088090319182,4748.3411658902205,9334.016707096182,13326.749426877725,2.8066116063038242,1.5,0.4834193072955048,0.9837678307919331,1.3377577625029629,aux_base,1
112,1987,2278,1347,5612,259,26,90,92,24,114,4,0.6232080421187399,0.9719956684019997,165,528,0.38167277248388903,4741.084748369921,9334.016707096182,13326.749426877725,2.8109072362521523,1.5,0.47809948032665184,0.9659698590179874,1.3198494825964253,aux_base,1
113,1978,2279,1355,5612,271,30,104,119,21,100,5,0.6274615590826341,0.9774143411768084,164,528,0.37741771983061756,4731.577270591606,9334.016707096182,13326.749426877725,2.816555382009313,1.5,0.45682656826568263,0.9583333333333334,1.319228960977903,aux_base,1
114,1982,2281,1353,5616,277,36,89,103,19,78,2,0.6279354841061562,0.9770461734525047,165,523,0.37668123298884737,4721.770153872951,9334.016707096182,13326.749426877725,2.8224053676028023,1.5,0.45528455284552843,0.9616690926734595,1.3183098591549296,aux_base,1
115,1990,2291,1363,5644,264,60,110,154,19,78,0,0.6238272349940475,0.9696543290341161,166,537,0.38054461414447477,4713.097856981372,9335.719727167578,13329.428465280487,2.8281671354512614,1.5,0.458547322083639,0.9553528564570332,1.3125581395348838,aux_base,1
116,1989,2295,1362,5646,276,50,88,123,21,82,3,0.6284366432497963,0.9759036144578314,166,530,0.37586079558418056,4704.706908195532,9335.719727167578,13329.428465280487,2.8332112340645095,1.5,0.4353891336270191,0.9622641509433962,1.3234880450070323,aux_base,1
117,2000,2310,1370,5680,254,56,118,142,21,79,4,0.6216212978428808,0.9644970414201184,169,532,0.38229873694471084,4697.388475227228,9335.719727167578,13329.428465280487,2.8376253178923423,1.5,0.4197080291970803,1.0341261633919339,1.4242728184553661,aux_base,1
118,2007,2306,1382,5695,255,42,95,116,22,78,4,0.6156280230660985,0.9544573643410854,172,537,0.3879465938726098,4689.700706820822,9335.719727167578,13329.428465280487,2.8422770020043755,1.5,0.4081041968162084,1.0458572173006775,1.434870244394054,aux_base,1
119,2035,2334,1399,5768,202,97,143,214,22,70,2,0.6108359121618301,0.9463601532567051,174,543,0.3925085791572264,4687.38102480752,9337.047687300148,13331.353086116787,2.844094178724082,1.5,0.4374553252323088,1.058792924037461,1.4536290322580645,aux_base,1
120,2056,2351,1406,5813,179,72,121,174,28,73,3,0.6045168002824326,0.9359698681732581,177,550,0.3990743205290537,4687.38102480752,9350.145766106067,13361.580933654868,2.850542949877547,1.5,0.4544807965860597,1.0775681341719077,1.4742581790514837,aux_base,1
121,2064,2367,1417,5848,168,72,124,175,30,85,2,0.6139968706725336,0.9500941619585689,177,550,0.389828668590979,4687.38102480752,9350.145766106067,13361.580933654868,2.850542949877547,1.5,0.46859562455892734,1.071651090342679,1.4682400200853627,aux_base,1
122,2086,2378,1424,5888,155,67,103,150,32,60,2,0.6222369182556787,0.9623352165725046,177,554,0.38231612674934495,4687.38102480752,9370.76484280811,13391.15656785633,2.8568525786542427,1.5,0.476123595505618,1.074150360453141,1.4665006226650061,aux_base,1
123,2100,2393,1429,5922,152,61,111,156,36,73,1,0.6234107982681567,0.9636871508379888,179,557,0.38168847921619126,4687.38102480752,9383.350567089257,13429.971242806687,2.8651332528185436,1.5,0.46815955213435967,1.0802469135802468,1.4694789081885855,aux_base,1
124,2091,2381,1425,5897,207,43,99,123,37,119,2,0.630822907389372,0.9747191011235955,178,552,0.37453388683919314,4686.985777922687,9392.170364892341,13429.971242806687,2.8653748654554203,1.5,0.48140350877192983,1.0652063168619461,1.4553307008884502,aux_base,1
125,2096,2407,1430,5933,193,64,130,161,29,89,2,0.6329732105421921,0.9776536312849162,179,553,0.37241154074203403,4686.444024750457,9392.170364892341,13429.971242806687,2.865706102938422,1.5,0.5034965034965035,1.0607287449392713,1.4509660063585228,aux_base,1
126,2091,2400,1428,5919,231,45,100,121,29,111,2,0.6338814843909356,0.9787037037037039,180,554,0.37142711184035565,4683.897044302224,9392.170364892341,13429.971242806687,2.8672643988073387,1.5,0.5105042016806722,1.0630401626842907,1.4571639586410634,aux_base,1
127,2095,2412,1430,5937,236,32,98,101,25,78,0,0.6328892124723748,0.9768518518518517,180,558,0.37228055190323067,4679.555773117445,9392.170364892341,13429.971242806687,2.8699243889681982,1.5,0.4902097902097902,1.0661577608142494,1.4652023692003948,aux_base,1
128,2090,2417,1424,5931,260,41,118,124,22,120,0,0.6361550586909502,0.9816007805031859,179,564,0.3689405488444711,4673.276369216766,9392.170364892341,13429.971242806687,2.873780658741038,1.5,0.4859550561797753,1.063613231552163,1.4604777148485595,aux_base,1
129,2084,2403,1422,5909,299,28,84,86,21,103,1,0.6324915534070699,0.9756844798707609,180,562,0.372331945605201,4664.642689144824,9392.170364892341,13429.971242806687,2.879099673391881,1.5,0.4669479606188467,1.0676229508196722,1.4651624101165386,aux_base,1
130,2108,2419,1438,5965,258,54,116,145,19,57,1,0.6221237690910795,0.9594558317576285,184,571,0.3822860926019271,4657.9563725629205,9392.170364892341,13431.129320994523,2.8834811335092843,1.5,0.47009735744089015,1.0838046272493573,1.48456943753111,aux_base,1
131,2112,2434,1454,6000,240,69,118,177,20,80,0,0.6209437204188869,0.9574227371715511,185,566,0.3834225713948945,4653.001099826151,9392.170364892341,13431.129320994523,2.886551933438474,1.5,0.44566712517193946,1.0797546012269938,1.4855162168853677,aux_base,1
132,2115,2422,1449,5986,268,45,99,121,21,107,1,0.6133593065799406,0.9455372471432291,189,567,0.3906167596294557,4647.372564823567,9392.170364892341,13432.074783514014,2.8902513401190917,1.5,0.42857142857142855,1.0785313615502294,1.4729330708661417,aux_base,1
133,2123,2437,1451,6011,257,42,117,122,21,85,0,0.6114896712331849,0.942481977656616,192,572,0.3922801127025928,4640.957276255731,9392.170364892341,13432.074783514014,2.894246592666514,1.5,0.4073053066850448,1.0782122905027933,1.474730127576055,aux_base,1
134,2140,2447,1464,6051,234,68,112,156,20,71,2,0.6171086362201722,0.9509837981523503,193,576,0.3866646640956973,4636.736801834256,9392.170364892341,13432.074783514014,2.896881008687056,1.5,0.40437158469945356,1.0726817042606516,1.4672647914645975,aux_base,1
135,2152,2456,1467,6075,226,62,122,149,22,92,0,0.6198751852411456,0.9551024383680601,194,576,0.3838136735461249,4633.250474920177,9392.170364892341,13432.074783514014,2.899060790307354,1.5,0.4042263122017723,1.076,1.4666827619507485,aux_base,1
136,2161,2482,1484,6127,189,87,145,229,23,86,1,0.6195805562875678,0.9545171220477342,197,579,0.3841668483070889,4633.250474920177,9392.170364892341,13432.364423940611,2.8991233037475763,1.5,0.42924528301886794,1.079960019990005,1.4817412333736397,aux_base,1
137,2174,2471,1484,6129,208,71,122,163,27,116,2,0.6248756505852409,0.9625543470900353,197,578,0.37890221629907433,4633.250474920177,9396.191779803736,13432.654070612823,2.899185818535797,1.5,0.4339622641509434,1.087,1.4836601307189543,aux_base,1
138,2167,2476,1484,6127,228,32,111,111,26,108,3,0.6237031137506843,0.9606390894447994,198,581,0.3800316829627798,4631.139317494866,9396.191779803736,13432.654070612823,2.9005074452994393,1.5,0.4252021563342318,1.0765027322404372,1.4749638902262878,aux_base,1
139,2188,2504,1506,6198,176,90,155,220,23,80,0,0.6248346989791204,0.9622826985503514,200,589,0.3790058748103511,4631.139317494866,9399.914232777204,13432.654070612823,2.9005074452994393,1.5,0.45750332005312083,1.0934532733633184,1.497825036249396,aux_base,1
140,2201,2514,1509,6224,174,62,118,156,28,88,0,0.6221953177150988,0.958128078817734,203,592,0.38149123436847293,4631.139317494866,9399.914232777204,13432.654070612823,2.9005074452994393,1.5,0.47051027170311466,1.1027054108216432,1.5088484848484849,aux_base,1
141,2209,2523,1510,6242,174,64,125,159,27,99,1,0.6175447925686007,0.9508856682769726,207,599,0.3860549333060351,4631.139317494866,9399.914232777204,13441.371952062627,2.902389893840098,1.5,0.49403973509933774,1.0984584783689706,1.5059107358262966,aux_base,1
142,2224,2538,1526,6288,154,73,122,185,27,75,0,0.6229502199070778,0.9591346153846154,208,599,0.3809525341938844,4631.139317494866,9410.743763595423,13441.371952062627,2.902389893840098,1.5,0.5013106159895151,1.1053677932405566,1.5093614978396543,aux_base,1
143,2234,2536,1521,6291,174,48,123,123,30,113,0,0.6271577482039854,0.9655448717948718,208,596,0.376690826765973,4631.139317494866,9410.743763595423,13441.371952062627,2.902389893840098,1.5,0.4891518737672584,1.1021213616181549,1.5025077621208502,aux_base,1
144,2218,2534,1525,6277,215,40,108,124,29,120,0,0.631361820925865,0.9719551282051282,208,596,0.3726596066702987,4630.160315293975,9410.743763595423,13441.371952062627,2.903003575851178,1.5,0.4845901639344262,1.0877881314369788,1.4892052194543297,aux_base,1
145,2237,2552,1525,6314,199,72,132,174,25,92,1,0.6376448374790153,0.9815705128205128,208,601,0.3664411019536897,4630.160315293975,9414.047849180133,13441.371952062627,2.903003575851178,1.5,0.5042622950819672,1.1019704433497537,1.5062022900763359,aux_base,1
146,2248,2564,1529,6341,196,44,116,129,29,84,0,0.6366996937045574,0.9800637958532696,209,600,0.36730527860648166,4630.160315293975,9414.047849180133,13441.371952062627,2.903003575851178,1.5,0.48724656638325703,1.1084812623274163,1.514811275680841,aux_base,1
147,2231,2561,1523,6315,245,32,106,108,28,129,2,0.6320674933715537,0.9728867623604465,209,598,0.3718212858887629,4626.704130717852,9414.047849180133,13441.371952062627,2.90517214248086,1.5,0.4694681549573211,1.0957760314341847,1.5032135205903356,aux_base,1
148,2244,2597,1537,6378,196,86,143,216,23,71,0,0.630209284852055,0.9699842022116905,211,606,0.37368394077730316,4626.704130717852,9414.047849180133,13441.371952062627,2.90517214248086,1.5,0.4645413142485361,1.108148148148148,1.5211066062485095,aux_base,1
149,2260,2596,1546,6402,199,67,130,164,28,105,0,0.6230420831131881,0.9589147286821706,215,608,0.380606630085456,4626.704130717852,9414.047849180133,13441.371952062627,2.90517214248086,1.5,0.4592496765847348,1.1391129032258065,1.5569066147859922,aux_base,1
150,2282,2616,1558,6456,171,74,126,180,31,67,0,0.6148109516955371,0.9462121212121212,220,617,0.38867620374817236,4626.704130717852,9414.047849180133,13448.99850713684,2.9068205199994432,1.5,0.48267008985879334,1.149043303121853,1.5715676728334955,aux_base,1
151,2297,2636,1567,6500,159,78,125,181,35,78,0,0.6170973276366084,0.9496996996996999,222,620,0.3867739379856861,4626.704130717852,9420.219121821781,13473.596356352828,2.9121370149645474,1.5,0.47223994894703253,1.158930373360242,1.584979273347964,aux_base,1
152,2299,2636,1569,6504,186,48,114,134,36,105,0,0.6257887146081632,0.9630467571644041,221,617,0.3782291137229749,4626.704130717852,9420.219121821781,13473.596356352828,2.9121370149645474,1.5,0.4627151051625239,1.1552763819095477,1.5828668775857873,aux_base,1
153,2301,2636,1570,6507,208,42,100,121,31,91,0,0.6279637626341382,0.9663677130044843,223,618,0.3760576777761665,4626.456535528749,9420.219121821781,13473.596356352828,2.9122928645028234,1.5,0.4484076433121019,1.1510755377688844,1.5744011613839826,aux_base,1
154,2306,2634,1570,6510,231,44,116,117,27,112,0,0.6352644551863794,0.977578475336323,223,617,0.3688086617286502,4624.398301605791,9420.219121821781,13473.596356352828,2.913589072047322,1.5,0.4299363057324841,1.152423788105947,1.5736040609137056,aux_base,1
155,2304,2645,1582,6531,229,48,96,139,25,71,2,0.6387284508046509,0.9828869047619049,224,620,0.3654643768003764,4622.075144165174,9420.219121821781,13473.596356352828,2.9150535065103083,1.5,0.42667509481668775,1.1497005988023952,1.5786802030456852,aux_base,1
0,2151,1438,861,4450,257,28,55,55,27,62,0,2.777487807693424e-05,0.03934601475276024,151,700,1.0036961015197294,5833.333333333333,9166.666666666666,12500.0,2.142857142857143,2.0,0.3902439024390244,0.9986072423398329,1.001124859392576,aux_base,0
1,2128,1424,848,4400,325,40,86,86,21,133,0,3.474026554494767e-05,0.04405276596222309,150,687,1.003704601594703,5833.333333333333,9166.666666666666,12500.0,2.142857142857143,2.0,0.4811320754716981,0.9856415006947661,0.98898628905372,aux_base,0
2,2114,1415,834,4363,372,30,55,55,16,87,1,4.331514889570693e-05,0.04915257811486574,148,683,1.003525838935645,5829.85538373425,9166.666666666666,12500.0,2.1441355191890303,2.0,0.47002398081534774,0.999054820415879,0.9995418098510882,aux_base,0
3,2124,1420,844,4388,358,27,67,67,14,41,2,5.262671689012283e-05,0.05342672981657602,150,682,1.0032745601769855,5826.154757890495,9166.666666666666,12500.0,2.145497419729705,2.0,0.4443127962085308,1.0095057034220531,1.0098964326812427,aux_base,0
4,2143,1441,853,4437,319,45,100,100,14,49,2,6.592331376421852e-05,0.05985786931584114,152,687,1.0030907081091243,5823.460811279111,9166.666666666666,12500.0,2.1464899318613946,2.0,0.4783118405627198,1.0170859041290934,1.0214088397790055,aux_base,0
5,2147,1436,854,4437,329,38,78,78,15,76,3,8.611725595040642e-05,0.06991839290472661,151,684,1.0028644594809546,5819.803303770421,9166.666666666666,12500.0,2.147838912683139,2.0,0.48711943793911006,1.0117813383600378,1.016029310739638,aux_base,0
6,2135,1427,844,4406,366,24,48,48,14,75,4,0.000107863882124571,0.07828721805789085,152,677,1.002482873636401,5813.347188919561,9166.666666666666,12500.0,2.1502242329213415,2.0,0.4712254570074476,0.9990641085634067,1.001136105430584,aux_base,0
7,2121,1420,837,4378,402,34,63,63,13,87,1,0.00013676521986529354,0.08871649741885122,151,675,1.0018992633403345,5803.885297469813,9166.666666666666,12500.0,2.153729675782762,2.0,0.4767025089605735,0.9962423673085956,0.9977210574293528,aux_base,0
8,2135,1428,844,4407,382,39,82,82,12,53,3,0.00016957971895360119,0.09829312771498107,151,675,1.0013348126833883,5794.951036720355,9166.666666666666,12500.0,2.1570501494822567,2.0,0.4818325434439178,1.0215311004784688,1.0258379888268156,aux_base,0
9,2139,1429,844,4412,385,33,66,66,12,59,2,0.00020932326957391725,0.1083928596775254,150,678,1.000727379457768,5785.229544057012,9166.666666666666,12500.0,2.1606748539201637,2.0,0.4805687203791469,1.0190566936636494,1.0170585523282618,aux_base,0
10,2101,1408,834,4343,462,27,64,64,11,131,1,0.00024698841052750534,0.11423900134710095,149,668,0.9997695484147326,5769.929605584739,9166.666666666666,12500.0,2.1664042465788835,2.0,0.4774362328319162,1.0019074868860276,1.0011526048870447,aux_base,0
11,2102,1415,835,4352,459,31,65,65,10,54,2,0.0002923457693869484,0.12075857968573096,149,668,0.998782689671512,5753.965579863981,9166.666666666666,12500.0,2.172414802713417,2.0,0.474251497005988,1.0169327527818093,1.021116846550915,aux_base,0
12,2123,1427,849,4399,418,47,96,96,10,49,4,0.00034436009423065116,0.12701491527090528,149,671,0.9978906442270825,5739.912398439545,9166.666666666666,12500.0,2.1777335841219903,2.0,0.48881036513545345,1.0211640211640212,1.020886516593177,aux_base,0
13,2130,1423,842,4395,423,34,63,63,10,64,6,0.0003983079472381914,0.13116814916909925,150,670,0.9970455705393959,5726.204302981846,9166.666666666666,12500.0,2.1829469118820626,2.0,0.4857482185273159,1.0147689375893283,1.0168903285515964,aux_base,0
14,2091,1404,829,4324,498,23,51,51,10,121,5,0.0004710890584896189,0.1384959353006112,149,653,0.9958689900649252,5707.455488566035,9166.666666666666,12500.0,2.1901178248418636,2.0,0.48492159227985526,0.982151244715829,0.9818346957311535,aux_base,0
15,2093,1402,828,4323,500,33,66,66,9,64,5,0.0005516542000837992,0.14477508875752912,149,649,0.9946653601212795,5688.4042673918075,9166.666666666666,12500.0,2.1974528202320225,2.0,0.4927536231884058,0.9771241830065359,0.9778330694413029,aux_base,0
16,2100,1407,833,4340,484,38,71,71,9,53,7,0.0006466261447640941,0.15147942882338067,149,646,0.9934818384800518,5669.93085027588,9166.666666666666,12500.0,2.2046124247514927,2.0,0.48139255702280914,0.9731232622798888,0.9744050291872475,aux_base,0
17,2100,1408,836,4344,479,35,70,70,9,63,7,0.0007422422937172099,0.1552078207794588,150,645,0.9922922477533004,5651.3201903491,9166.666666666666,12500.0,2.211872549947986,2.0,0.47607655502392343,0.9762900976290098,0.9788192879675529,aux_base,0
18,2096,1410,826,4332,487,27,60,60,9,67,8,0.0008711373476763765,0.1626038247765709,149,647,0.9910483371214974,5632.114890840434,9166.666666666666,12500.0,2.2194149519799176,2.0,0.4854721549636804,0.9789817842129845,0.9812004530011325,aux_base,0
19,2108,1403,831,4342,477,36,72,72,9,60,7,0.0010132027860716706,0.1688268495518328,149,644,0.989806138415214,5613.956806143666,9166.666666666666,12500.0,2.226593547410367,2.0,0.48495788206979545,0.9882794186591655,0.9856980703745744,aux_base,0
20,2095,1401,828,4324,490,22,54,54,9,68,10,0.0011845745225741958,0.1762182725130556,149,638,0.9885100266754505,5594.473207776262,9166.666666666666,12500.0,2.2343479959158845,2.0,0.46618357487922707,0.9900756143667296,0.9908340971585701,aux_base,0
21,2120,1411,838,4369,444,44,91,91,9,43,7,0.0013763633804438587,0.18282126180741304,150,648,0.9873194982387066,5577.70113596877,9166.666666666666,12500.0,2.2410666500920224,2.0,0.4737470167064439,1.0052157420578474,1.0022941041523286,aux_base,0
22,2125,1417,831,4373,434,33,59,59,9,53,13,0.0016148849987543841,0.1915679591500246,150,644,0.9861593974265535,5561.935801104163,9166.666666666666,12500.0,2.247418964727799,2.0,0.48495788206979545,1.006155303030303,1.0020623281393217,aux_base,0
23,2116,1410,825,4351,453,27,50,50,10,67,8,0.0018903833612561793,0.20032003354376524,150,642,0.9848901459298273,5545.0038503787555,9166.666666666666,12500.0,2.254281572617155,2.0,0.48363636363636364,0.995764705882353,0.9920200638394893,aux_base,0
24,2079,1388,815,4282,518,26,63,63,9,130,11,0.0022065477142930476,0.20893515681139674,149,632,0.9833770764299397,5524.148687583507,9166.666666666666,12500.0,2.26279209828221,2.0,0.4638036809815951,0.977892756349953,0.9765108323831243,aux_base,0
25,2089,1392,823,4304,492,34,77,77,8,54,11,0.0025436492572018087,0.2152963506486973,150,636,0.9819154320938173,5504.780455935991,9166.666666666666,12500.0,2.2707535931829628,2.0,0.45929526123936815,0.9761682242990655,0.9772933696639419,aux_base,0
26,2085,1391,819,4295,498,30,70,70,9,77,10,0.002931069691483725,0.2218572667519541,151,633,0.9803745341353156,5484.842409650467,9166.666666666666,12500.0,2.2790080491659173,2.0,0.4700854700854701,0.9715750232991612,0.9708408679927667,aux_base,0
27,2095,1400,829,4324,467,37,83,83,9,53,10,0.003400098603524988,0.2302637180114183,152,637,0.9788613065960124,5466.091383363816,9166.666666666666,12500.0,2.286826019419298,2.0,0.4692400482509047,0.9826454033771107,0.982503976369007,aux_base,0
28,2049,1365,810,4224,565,39,85,85,9,183,9,0.004027642316556874,0.24418766152397206,150,615,0.9766806179880083,5442.293887950878,9162.361574382921,12500.0,2.296825613860128,2.0,0.48148148148148145,0.9601686972820993,0.960218231416231,aux_base,0
29,2078,1383,821,4282,501,52,96,96,8,38,14,0.0047029249977547935,0.25542785831365883,150,621,0.9748695694566766,5422.369858493115,9162.361574382921,12500.0,2.3052651010924894,2.0,0.49573690621193667,0.984367598294647,0.9821100917431193,aux_base,0
30,2080,1386,816,4282,500,42,80,80,8,77,6,0.0053736843223345645,0.2616536559089138,149,620,0.9730522475785355,5402.459145891029,9162.361574382921,12500.0,2.313761134039704,2.0,0.5171568627450981,0.9848484848484849,0.9798627002288329,aux_base,0
31,2075,1383,818,4276,504,29,57,57,8,61,8,0.006220903189901079,0.2717879609841696,150,613,0.9710861459471931,5382.071843815042,9162.361574382921,12500.0,2.3225256672046704,2.0,0.5073349633251834,0.9669151910531221,0.9650191830286617,aux_base,0
32,2093,1394,826,4313,464,35,77,80,8,38,9,0.0072130939442656816,0.283028815509208,150,616,0.9690749180043745,5363.546485504326,9162.361574382921,12500.0,2.330547527421056,2.0,0.5181598062953995,0.97122969837587,0.9694313328837941,aux_base,0
33,2098,1405,829,4332,447,28,64,70,9,42,4,0.008170374896329742,0.2882289615904569,149,615,0.9671601478067461,5345.165890324293,9162.361574382921,12500.0,2.3385616567349645,2.0,0.4969843184559711,0.9730983302411874,0.9752363800090049,aux_base,0
34,2103,1403,829,4335,443,41,75,82,9,69,7,0.00945209727226761,0.30013035594496273,148,612,0.9648665008701639,5327.113226279631,9162.361574382921,12500.0,2.346486637140581,2.0,0.5066344993968637,0.973160573808422,0.9726273277989679,aux_base,0
35,2108,1404,832,4344,430,36,75,78,9,64,11,0.010844711889303157,0.31033539416110684,148,613,0.9625542525014892,5309.846031684104,9162.361574382921,12500.0,2.3541172240045953,2.0,0.515625,0.9800092980009298,0.9788192879675529,aux_base,0
36,2140,1428,843,4411,362,50,115,128,9,45,7,0.01239515117240588,0.32010171042593805,149,621,0.9603084545323635,5295.894502710705,9162.361574382921,12500.0,2.3603189213081706,2.0,0.5373665480427047,0.990282276723739,0.9872426141450313,aux_base,0
37,2131,1426,841,4398,370,30,68,69,10,79,13,0.01426994134623304,0.33305629576726237,148,618,0.9577594677176882,5281.29210528724,9162.361574382921,12500.0,2.366845035419632,2.0,0.5338882282996433,0.986574074074074,0.9860986547085202,aux_base,0
38,2153,1435,851,4439,331,39,87,98,10,44,6,0.016344545068940602,0.3453086305578389,148,614,0.9550734614692357,5268.713728060789,9162.361574382921,12500.0,2.3724955739056197,2.0,0.5381903642773208,0.9935394554683895,0.989964317573595,aux_base,0
39,2149,1436,853,4438,325,27,71,76,10,69,14,0.01859625204355642,0.35622123201725503,149,610,0.9523087947589468,5256.110725336281,9162.361574382921,12500.0,2.3781842988477497,2.0,0.5252051582649473,0.9875919117647058,0.9875389408099688,aux_base,0
40,2172,1446,860,4478,284,51,85,108,10,41,7,0.021292882048731768,0.3704643475378431,149,607,0.9492121890637901,5246.745602968987,9162.361574382921,12500.0,2.3824292134397744,2.0,0.5348837209302325,0.9908759124087592,0.9909271962823634,aux_base,0
41,2186,1456,864,4506,259,60,85,116,11,52,3,0.024170218228730923,0.38264890267686785,150,608,0.9461448523985488,5239.943073905016,9162.361574382921,12500.0,2.3855220989422885,2.0,0.5416666666666666,0.9963536918869644,0.9947019867549669,aux_base,0
42,2206,1466,871,4543,223,57,76,103,12,38,10,0.02740584580713702,0.3955380957190982,151,610,0.9429341047405547,5236.849587545205,9162.361574382921,12500.0,2.386931262973208,2.0,0.5545350172215844,0.9941415051825147,0.989760348583878,aux_base,0
43,2215,1473,874,4562,206,52,75,102,14,52,8,0.030749039017397378,0.4053588839923448,153,613,0.9397733444905007,5235.8143459807525,9162.361574382921,12500.0,2.3874032144771453,2.0,0.5789473684210527,0.9986474301172227,0.9975945768642029,aux_base,0
44,2248,1496,892,4636,143,88,104,168,16,30,5,0.034795997626292145,0.4198091523034044,154,618,0.9363652290521272,5235.8143459807525,9168.535144213789,12503.026905829594,2.3879813300537447,2.0,0.6266816143497758,1.009429726088909,1.0084837937785511,aux_base,0
45,2270,1520,899,4689,108,77,99,141,21,44,1,0.039568261613624214,0.4377657976136571,154,617,0.9319847630387141,5235.8143459807525,9168.535144213789,12503.026905829594,2.3879813300537447,2.0,0.6763070077864294,1.0066518847006651,1.0101249461439035,aux_base,0
46,2288,1528,903,4719,106,66,94,120,29,63,0,0.04415342162462265,0.4488368663976239,156,619,0.9276598073412217,5235.8143459807525,9168.535144213789,12503.026905829594,2.3879813300537447,2.0,0.7009966777408638,1.0132860938883967,1.0135309278350515,aux_base,0
47,2307,1538,898,4743,107,51,81,94,31,51,0,0.04998898725111758,0.46781874220842073,156,613,0.9221135354795073,5235.8143459807525,9168.535144213789,12503.026905829594,2.3879813300537447,2.0,0.7216035634743875,1.0198938992042441,1.01650235747964,aux_base,0
48,2320,1557,916,4793,83,76,100,153,31,48,3,0.05632457002950852,0.4862028157540435,156,616,0.9163723911888096,5235.8143459807525,9168.535144213789,12503.026905829594,2.3879813300537447,2.0,0.7358078602620087,1.0229276895943562,1.0239265114291818,aux_base,0
49,2333,1568,922,4823,81,65,101,133,32,67,0,0.062386014789314305,0.4976727612864585,158,619,0.9107287824878141,5235.8143459807525,9168.535144213789,12503.026905829594,2.3879813300537447,2.0,0.7689804772234273,1.0300220750551876,1.0318784766795037,aux_base,0
50,2337,1570,933,4840,95,59,93,129,32,75,0,0.06931923675166525,0.5119764245487125,159,615,0.9043458962302361,5235.8143459807525,9168.535144213789,12504.82262459206,2.388324298433409,2.0,0.7813504823151125,1.0313327449249778,1.0344090617653345,aux_base,0
51,2334,1575,936,4845,119,41,75,92,33,66,0,0.0779251736162992,0.533824426640829,158,605,0.8963754598416163,5235.8143459807525,9168.535144213789,12504.82262459206,2.388324298433409,2.0,0.7938034188034188,1.0532490974729243,1.058784965034965,aux_base,0
52,2353,1593,941,4887,101,62,82,113,27,38,1,0.08679890751668663,0.5524969006926422,158,604,0.8880824398674195,5235.8143459807525,9168.535144213789,12504.82262459206,2.388324298433409,2.0,0.8012752391073327,1.0676043557168784,1.0738299274884642,aux_base,0
53,2382,1617,957,4956,59,95,119,184,31,46,0,0.09600014485890562,0.5687796307203264,158,597,0.8795122664891273,5235.8143459807525,9168.535144213789,12504.82262459206,2.388324298433409,2.0,0.8244514106583072,1.078804347826087,1.0866038149528612,aux_base,0
54,2404,1634,970,5008,38,76,98,149,35,42,0,0.1060225858212912,0.585716898260204,158,596,0.8701468444918463,5235.8143459807525,9168.535144213789,12504.82262459206,2.388324298433409,2.0,0.8329896907216495,1.080935251798561,1.0891692040017398,aux_base,0
55,2411,1654,982,5047,31,74,91,150,36,48,0,0.11608753218012939,0.5990475411340552,159,601,0.8608489306622018,5235.8143459807525,9168.535144213789,12505.281049861393,2.388411854110337,2.0,0.845213849287169,1.0835955056179776,1.1010034904013961,aux_base,0
56,2381,1649,981,5011,99,40,110,112,35,143,0,0.12554529060622746,0.6062480916399335,158,588,0.8521053976707637,5235.8143459807525,9168.535144213789,12505.281049861393,2.388411854110337,2.0,0.7971457696228338,1.0783514492753623,1.097940403155127,aux_base,0
57,2387,1664,998,5049,97,69,107,155,37,68,0,0.1367168674923776,0.6189607474040251,157,584,0.8417360833647282,5235.8143459807525,9168.535144213789,12505.281049861393,2.388411854110337,2.0,0.7755511022044088,1.0830308529945554,1.1082089552238805,aux_base,0
58,2382,1683,996,5061,118,56,89,112,35,75,0,0.14957640161963434,0.6361357523485769,155,582,0.8297529555540106,5235.8143459807525,9168.535144213789,12505.281049861393,2.388411854110337,2.0,0.7670682730923695,1.0638677981241627,1.0956917081619397,aux_base,0
59,2402,1711,1008,5121,84,89,112,175,30,48,0,0.16162286563501502,0.6470450683494084,156,588,0.8184803302787478,5235.8143459807525,9168.535144213789,12505.281049861393,2.388411854110337,2.0,0.7956349206349206,1.1213818860877685,1.1596467391304348,aux_base,0
60,2403,1735,1033,5171,70,80,101,181,37,50,0,0.1744770394794517,0.6589655191208589,157,586,0.8071614357166123,5235.8143459807525,9171.33590711087,12528.693647683687,2.392883479014354,2.0,0.7802516940948693,1.128169014084507,1.1760291107573346,aux_base,0
61,2423,1769,1052,5244,33,106,128,214,39,52,0,0.18833438961855475,0.6725784806421398,158,590,0.7946545011517668,5235.8143459807525,9171.33590711087,12551.273878820577,2.3971961283263417,2.0,0.8051330798479087,1.1275011633317822,1.1848169905106192,aux_base,0
62,2436,1802,1077,5315,0,102,136,227,38,65,0,0.201217093620991,0.6810961730730438,157,584,0.7831431923532043,5235.8143459807525,9173.35136161654,12572.787018635157,2.401304971458088,2.0,0.8263695450324977,1.1393826005612722,1.2035778985507246,aux_base,0
63,2405,1846,1098,5349,4,53,72,245,39,37,0,0.21548789710563643,0.6930681692844343,158,581,0.7731578527869245,5298.644118132522,9173.35136161654,12593.443947398016,2.376729530541958,2.0,0.8214936247723132,1.1248830682881197,1.2123753399818675,aux_base,0
64,2383,1882,1123,5388,0,54,74,253,38,32,0,0.23147355845212955,0.7092039971096601,158,580,0.7614293620288023,5362.227847550112,9179.375943063384,12613.11349386617,2.3522151337953376,2.0,0.7960819234194123,1.105800464037123,1.2088849001570563,aux_base,0
65,2375,1913,1132,5420,1,60,89,252,39,51,0,0.24750557575931006,0.7242599768957,158,578,0.7498560443341308,5426.5745817207135,9189.807706419484,12654.741225326492,2.3319943427947503,2.0,0.758833922261484,1.0969976905311778,1.2106321197230288,aux_base,0
66,2357,1945,1156,5458,0,66,89,272,40,48,0,0.2628160527958518,0.7364217311572623,157,578,0.7380625520034035,5491.693476701362,9195.052275341914,12662.272766817,2.305713678401205,2.0,0.7344290657439446,1.086675887505763,1.2210290827740493,aux_base,0
67,2389,1920,1149,5458,39,131,239,239,41,237,0,0.2761120042332792,0.7427451341157021,157,571,0.7249765891519446,5491.693476701362,9195.052275341914,12662.272766817,2.305713678401205,2.0,0.7885117493472585,1.0978860294117647,1.2169453734671125,aux_base,0
68,2393,1969,1174,5536,1,71,113,217,43,32,0,0.28854097360654096,0.7470213633217234,159,573,0.714965338961929,5533.492768379021,9204.681629222947,12669.304966002659,2.289567456995882,2.0,0.7981260647359455,1.0877272727272727,1.2223448884963568,aux_base,0
69,2344,2026,1214,5584,0,79,96,320,48,47,0,0.30456350816076716,0.7607311259393797,158,582,0.7023457688429755,5599.89468159957,9208.988656954687,12685.710359253528,2.265348025372139,2.0,0.7800658978583196,1.0664240218380345,1.230226922229566,aux_base,0
70,2338,2063,1229,5630,2,89,138,283,52,88,0,0.3142643948602621,0.7590839401945789,160,584,0.6952182270643894,5667.093417778765,9212.890089861221,12685.710359253528,2.2384861910791884,2.0,0.7973962571196095,1.0569620253164558,1.2330267192290845,aux_base,0
71,2372,2070,1243,5685,0,117,207,255,54,151,0,0.331185631908946,0.7753023477709183,159,581,0.6790577667537246,5682.040018293783,9212.890089861221,12685.710359253528,2.232597855420037,2.0,0.8109412711182623,1.066546762589928,1.2401832460732984,aux_base,0
72,2319,2046,1215,5580,156,81,213,213,55,314,0,0.3446460395875143,0.7835875641283747,158,575,0.6657800780746023,5682.040018293783,9212.890089861221,12685.710359253528,2.232597855420037,2.0,0.8304526748971194,1.041311180960934,1.2127798304716366,aux_base,0
73,2359,2097,1252,5708,75,110,174,244,50,43,0,0.3562728262966275,0.7882520714230749,159,584,0.6547575802122154,5682.040018293783,9229.611243739148,12685.710359253528,2.232597855420037,2.0,0.8091054313099042,1.0669380370872907,1.2509314047775586,aux_base,0
74,2366,2149,1279,5794,46,122,153,275,61,63,0,0.36822771385968456,0.7942629959766807,160,593,0.6432265253602338,5682.040018293783,9236.92106148547,12690.09431858018,2.23336940213786,2.0,0.8076622361219703,1.063370786516854,1.2606614447345519,aux_base,0
75,2380,2202,1316,5898,0,133,157,309,62,49,0,0.3827930913380183,0.8063426558884579,161,597,0.6295370830066724,5682.612997119157,9247.810728640608,12712.928774010576,2.237162513170524,2.0,0.8457446808510638,1.0653536257833482,1.2791151594014314,aux_base,0
76,2343,2262,1350,5955,0,79,88,318,63,25,0,0.39767370021819326,0.8193693473130146,162,597,0.6183682993436586,5750.804353084587,9278.375111048796,12762.838790678912,2.219313683282104,2.0,0.8429629629629629,1.0520880107768298,1.2951283166594172,aux_base,0
77,2365,2275,1366,6006,6,96,144,253,64,86,0,0.408787007333267,0.8250633488921585,163,601,0.609965783472217,5814.683266554157,9292.445613964454,12802.715654484635,2.2017907197328155,2.0,0.8594436310395315,1.053921568627451,1.2974724562540505,aux_base,0
78,2381,2310,1381,6072,4,98,142,228,67,73,0,0.4256241631640097,0.8426512696238379,162,602,0.5938563194760351,5820.14872692818,9292.445613964454,12842.004509621278,2.206473599240679,2.0,0.8732802317161478,1.0629464285714285,1.3122973849146315,aux_base,0
79,2370,2361,1408,6139,0,101,139,293,68,67,0,0.4388126866499045,0.8532647413249843,162,607,0.5825890715397752,5872.3581623435775,9313.218815129427,12852.803467958915,2.1886954290999063,2.0,0.8352272727272727,1.0656474820143884,1.338055797733217,aux_base,0
80,2352,2405,1445,6202,0,92,124,337,68,56,0,0.4508836953464531,0.8621146424441216,163,608,0.5735987243345146,5942.826460291701,9364.296302103048,12871.571229424238,2.165900571963268,2.0,0.8283737024221454,1.0585058505850584,1.353557398515932,aux_base,0
81,2386,2424,1453,6263,0,102,157,250,67,90,0,0.4583723463706332,0.8627645147720349,164,609,0.5684126572335214,5995.699184557866,9403.515087605914,12890.121174472013,2.149894579046089,2.0,0.8396421197522368,1.0752591257323119,1.3683635569150099,aux_base,0
82,2415,2441,1470,6326,1,116,187,266,66,122,0,0.46277497382221666,0.8583461921078502,166,617,0.5653769606777921,5995.699184557866,9457.902152745946,12908.184881696101,2.1529073564833916,2.0,0.8482993197278912,1.0858812949640289,1.3800174520069808,aux_base,0
83,2442,2460,1487,6389,0,91,120,223,65,54,0,0.46829391219005206,0.8567341052246137,169,622,0.5632172388001891,5995.699184557866,9562.015969939588,12986.536782665966,2.165975373833505,2.0,0.8211163416274377,1.0926174496644296,1.3877063423110338,aux_base,0
84,2427,2480,1491,6398,52,83,170,245,68,154,0,0.47644254981944795,0.8605232176357537,170,623,0.5573113943751016,5995.699184557866,9623.860621616133,13065.083119826317,2.179075820460756,2.0,0.8202548625083836,1.0912769784172662,1.394811423588402,aux_base,0
85,2412,2497,1493,6402,109,70,144,201,68,133,0,0.48893579023586997,0.8725568267625048,170,619,0.545660738132027,5995.699184557866,9643.154592890387,13126.461882721467,2.1893129522790487,2.0,0.7923643670462157,1.0864864864864865,1.4005688033253116,aux_base,0
86,2423,2532,1510,6465,101,104,139,250,61,70,0,0.5044459288683848,0.8902038855860342,170,614,0.5319660155630397,5995.699184557866,9692.42151540762,13221.911254557413,2.20523259215721,2.0,0.7715231788079471,1.0929183581416329,1.412805944055944,aux_base,0
87,2423,2546,1525,6494,132,74,129,213,65,95,0,0.5192089463323388,0.9067190416054469,170,614,0.5184795333334636,5995.699184557866,9764.402782498479,13247.48806649246,2.2094984519256458,2.0,0.7252459016393442,1.0831470719713903,1.4062364660025986,aux_base,0
88,2434,2558,1532,6524,144,68,107,199,50,69,0,0.5294054048697497,0.9155425710172118,170,614,0.5116128394505931,5995.699184557866,9863.207239739366,13385.289613377332,2.232481850966042,2.0,0.7147519582245431,1.093932584269663,1.4194952132288947,aux_base,0
89,2404,2560,1528,6492,215,44,161,173,47,185,0,0.5371245588600944,0.9204733185504116,168,612,0.5034115215857589,5995.07191400553,9863.207239739366,13385.289613377332,2.2327154378427,2.0,0.6825916230366492,1.0770609318996416,1.4091599739526808,aux_base,0
90,2430,2606,1559,6595,135,149,200,368,32,88,0,0.5472930721000578,0.9299771507972202,167,614,0.4946979346894425,5995.07191400553,9953.240230460362,13401.448122070324,2.235410736402046,2.0,0.7017318794098781,1.1100959342165373,1.456814667550254,aux_base,0
91,2465,2649,1585,6699,80,118,151,297,52,44,0,0.5467434037795033,0.9217365840269937,170,627,0.49888445650209057,5995.07191400553,10061.083907732795,13526.838327527928,2.2563262829136184,2.0,0.7009463722397477,1.1459786145978614,1.50302894323536,aux_base,0
92,2475,2682,1594,6751,89,95,144,244,68,85,0,0.5506754861207133,0.9215742792119873,172,632,0.49689519524065745,5995.07191400553,10138.496483243598,13584.645619050589,2.2659687513196456,2.0,0.698870765370138,1.1506276150627615,1.5157162101481814,aux_base,0
93,2464,2689,1613,6766,140,57,111,181,68,94,0,0.5587739753237779,0.9287713450354247,173,634,0.4891956692067619,5995.07191400553,10171.00452217202,13616.430152569681,2.271270528174872,2.0,0.6627402355858648,1.1302752293577982,1.5048932384341638,aux_base,0
94,2475,2720,1617,6812,134,90,149,233,48,95,0,0.57048712890783,0.9422588209506462,173,635,0.47823784787995693,5995.07191400553,10225.449311084822,13664.984473076618,2.279369567052705,2.0,0.645021645021645,1.1447733580018502,1.5290684624017958,aux_base,0
95,2478,2735,1640,6853,138,95,160,271,51,113,0,0.574154488861646,0.9427707534141444,173,639,0.47615743705450136,5995.07191400553,10298.466870516444,13712.645272580274,2.2873195633475474,2.0,0.6384146341463415,1.1509521597770553,1.5393081761006289,aux_base,0
96,2485,2762,1656,6903,132,99,168,262,50,112,0,0.5747842498638484,0.9386950077353923,175,643,0.47687313368520085,5995.07191400553,10337.527963541617,13776.306393869885,2.2979384720450207,2.0,0.6419082125603864,1.1563517915309447,1.5550799729668845,aux_base,0
97,2517,2792,1676,6985,99,121,180,294,52,95,0,0.5791951753235711,0.9411628992482729,176,649,0.4741695174145576,5995.07191400553,10394.606520520829,13872.050079356637,2.3139088702087323,2.0,0.6646778042959427,1.180028129395218,1.5835411471321696,aux_base,0
98,2545,2825,1685,7055,87,102,152,254,68,72,0,0.5861665543257002,0.948086649346682,177,653,0.4683329733627423,5995.07191400553,10454.766455604196,13934.865356570579,2.324386689009737,2.0,0.6599406528189911,1.2038789025543992,1.618490479467768,aux_base,0
99,2523,2824,1685,7032,171,48,164,181,68,180,0,0.5854350296971171,0.9428643210765901,179,651,0.46904551561278024,5995.07191400553,10454.766455604196,13934.865356570579,2.324386689009737,2.0,0.6445103857566765,1.1839511966213045,1.5978186775732788,aux_base,0
100,2543,2857,1710,7110,128,117,164,295,41,80,0,0.5886156459935846,0.944260969121283,179,653,0.4674343858641136,5995.07191400553,10536.318757049627,13972.187978402799,2.330612239322991,2.0,0.6637426900584795,1.1883177570093457,1.6111488783140722,aux_base,0
101,2569,2885,1721,7175,112,99,153,247,54,83,0,0.5961423598659723,0.9528762192633421,179,657,0.460874561339494,5995.07191400553,10606.548708418106,14017.311407097723,2.338138992853588,2.0,0.6914584543869843,1.1971109040074557,1.6178128523111612,aux_base,0
102,2545,2875,1719,7139,208,42,145,147,62,179,0,0.6028069136728088,0.9603250088350367,179,659,0.4534662065704917,5995.07191400553,10606.548708418106,14017.311407097723,2.338138992853588,2.0,0.6300174520069808,1.2808253648716659,1.739522417153996,aux_base,0
103,2561,2906,1726,7193,182,87,153,224,36,91,0,0.607974765133318,0.965600417951686,179,659,0.4482827315725457,5995.07191400553,10621.834402152055,14046.125671797829,2.342945317967519,2.0,0.6095017381228274,1.286934673366834,1.7471459800825844,aux_base,0
104,2585,2925,1752,7262,151,114,181,291,40,110,0,0.5988907283255916,0.9485086171833923,184,671,0.4597043678675384,5995.07191400553,10665.955868130226,14114.239760672026,2.354306998002594,2.0,0.6113013698630136,1.2925,1.7553782934493594,aux_base,0
105,2411,2734,1628,6773,682,56,169,169,49,651,0,0.6007661719171541,0.9490363843190286,181,628,0.4572816962264918,5979.451924619795,10665.955868130226,14114.239760672026,2.3604571018554488,2.0,0.6572481572481572,1.2115577889447235,1.6451299489919844,aux_base,0
106,2424,2754,1640,6818,651,48,143,143,20,92,0,0.6028239310668079,0.9500487371315709,183,633,0.4546536800802593,5963.406990720565,10665.955868130226,14114.239760672026,2.3668080650263628,2.0,0.6268292682926829,1.2150375939849625,1.6556580864497328,aux_base,0
107,2434,2768,1655,6857,624,53,165,165,19,119,0,0.6044125254087823,0.9505041105377642,183,638,0.4525318469930497,5946.721305984725,10665.955868130226,14114.239760672026,2.373449003986043,2.0,0.5957703927492447,1.2268145161290323,1.6708089668615984,aux_base,0
108,2456,2812,1679,6947,550,71,215,215,19,122,0,0.6132167458718634,0.9624542124542124,182,641,0.44251144485012717,5930.6676747017145,10665.955868130226,14114.239760672026,2.3798736558581335,2.0,0.570577724836212,1.2292292292292293,1.6833050642112914,aux_base,0
109,2480,2852,1688,7020,487,63,179,179,19,98,1,0.6143196838045689,0.9624542124542124,182,647,0.4409877153537004,5915.531380608328,10665.955868130226,14114.239760672026,2.385963128678489,2.0,0.533175355450237,1.2563323201621075,1.7151233813828488,aux_base,0
110,2499,2870,1718,7087,435,60,186,186,20,117,3,0.6093816225365901,0.9531531531531531,185,664,0.4460939465752147,5900.869269391188,10665.955868130226,14114.239760672026,2.3918916207625522,2.0,0.49941792782305006,1.2545180722891567,1.717644207464857,aux_base,0
111,2531,2901,1729,7161,375,51,148,166,20,68,0,0.613897666563253,0.9587813620071683,186,667,0.44079809573836043,5887.73264032934,10665.955868130226,14114.239760672026,2.3972283768446596,2.0,0.4979757085020243,1.3080103359173127,1.7880149812734083,aux_base,0
112,2516,2892,1725,7133,417,35,117,121,21,139,1,0.6209465306365425,0.9684684684684686,185,652,0.4327093206253743,5871.337600555204,10665.955868130226,14114.239760672026,2.4039223633363136,2.0,0.45159420289855073,1.3063343717549325,1.786823647294589,aux_base,0
113,2557,2934,1752,7243,322,113,174,263,19,61,1,0.6202186803493339,0.9661319073083778,187,666,0.4335556489888135,5861.989142215174,10665.955868130226,14142.403791609988,2.4125605572626063,2.0,0.4526255707762557,1.315329218106996,1.808489388264669,aux_base,0
114,2536,2912,1732,7180,400,46,138,138,23,194,1,0.6192026042184411,0.9634581105169342,187,664,0.4343818576395274,5848.559711040006,10665.955868130226,14142.403791609988,2.418100265765287,2.0,0.46016166281755194,1.296523517382413,1.7710902812037495,aux_base,0
115,2555,2945,1747,7247,348,72,169,197,21,98,2,0.6162616998727768,0.9578947368421052,190,669,0.4373835009937717,5836.898855508659,10665.955868130226,14142.403791609988,2.4229311046332227,2.0,0.44762449914138525,1.2936708860759494,1.7718826405867971,aux_base,0
116,2577,2962,1760,7299,304,85,122,189,22,63,7,0.6236182206439824,0.968421052631579,190,670,0.4291047055873565,5829.632636162309,10665.955868130226,14146.260810825881,2.4266127376661717,2.0,0.4278409090909091,1.3034901365705616,1.7824175824175825,aux_base,0
117,2588,2980,1772,7340,279,73,129,184,25,85,6,0.625381681072693,0.9703315881326352,191,676,0.427023284752442,5824.861456379081,10665.955868130226,14146.260810825881,2.428600391058854,2.0,0.4345372460496614,1.2952952952952952,1.7738037699371678,aux_base,0
118,2564,2952,1757,7273,362,36,99,99,27,160,5,0.6302147349063723,0.9770723104056438,189,669,0.4214833795896553,5815.666006346072,10665.955868130226,14146.260810825881,2.4324403766291667,2.0,0.43141718838929993,1.2749875683739433,1.7441247002398081,aux_base,0
119,2529,2915,1732,7176,473,52,151,151,23,241,2,0.6317976997779483,0.9788359788359788,189,658,0.41945397071190643,5801.117838751249,10665.955868130226,14146.260810825881,2.4385405027164575,2.0,0.437066974595843,1.2470414201183433,1.7167464114832536,aux_base,0
120,2541,2922,1738,7201,461,54,144,144,20,115,3,0.6260426685546945,0.9692982456140352,190,661,0.4254673910362372,5786.329352988578,10665.955868130226,14146.260810825881,2.4447728340108204,2.0,0.42577675489067895,1.2560553633217992,1.7247904191616767,aux_base,0
121,2571,2960,1755,7286,384,55,158,161,20,70,9,0.6276391923959744,0.9712041884816754,191,667,0.42345301120743273,5773.5935139356625,10665.955868130226,14146.260810825881,2.4501657029857054,2.0,0.4170940170940171,1.2791044776119402,1.7518634287088242,aux_base,0
122,2578,2968,1758,7304,371,53,131,153,21,105,8,0.6313568034163303,0.9764397905759162,191,666,0.4191067027825562,5761.142975541666,10665.955868130226,14146.260810825881,2.455460812356569,2.0,0.4124004550625711,1.2877122877122877,1.7625482625482625,aux_base,0
123,2563,2954,1763,7280,407,41,136,144,21,155,4,0.6297878399435628,0.9735449735449735,189,670,0.4205516142370641,5745.805905029842,10665.955868130226,14146.260810825881,2.4620150845057847,2.0,0.4055587067498582,1.2757590841214534,1.7512629299975944,aux_base,0
124,2550,2946,1752,7248,450,43,133,133,20,159,3,0.6299719598167086,0.973404255319149,188,667,0.42003144849740426,5727.830458445982,10665.955868130226,14146.260810825881,2.469741538869484,2.0,0.4126712328767123,1.3070220399794976,1.7998510057114476,aux_base,0
125,2538,2929,1740,7207,502,54,158,158,18,197,5,0.6307069504606482,0.9741532976827095,187,662,0.4188474564695556,5707.691966489303,10665.955868130226,14146.260810825881,2.4784555462839717,2.0,0.3816091954022989,1.313664596273292,1.8076247805367445,aux_base,0
126,2530,2924,1745,7199,522,37,114,114,17,121,4,0.6349067756496019,0.9802867383512546,186,655,0.41387463715579265,5685.81248061776,10665.955868130226,14146.260810825881,2.487992852217472,2.0,0.3753581661891118,1.3047962867457452,1.7957096532801198,aux_base,0
127,2540,2924,1753,7217,502,44,126,131,17,102,13,0.6346054895774398,0.9795008912655971,187,656,0.41379982907380497,5664.643996335727,10665.955868130226,14146.260810825881,2.497290353988112,2.0,0.35767256132344555,1.3039014373716633,1.794380905022377,aux_base,0
128,2554,2938,1753,7245,480,42,118,122,17,85,6,0.6342165534276698,0.9786096256684492,187,661,0.41384561480126064,5643.9957583524,10665.955868130226,14146.260810825881,2.506426548937639,2.0,0.33314318311466057,1.3090722706304458,1.795539033457249,aux_base,0
129,2562,2959,1753,7274,460,47,115,127,17,81,3,0.6344615488762306,0.9787234042553191,188,665,0.4132470217722435,5623.616115164067,10665.955868130226,14146.260810825881,2.5155096864952293,2.0,0.31831146605818594,1.3011681056373794,1.790743476120138,aux_base,0
130,2583,2987,1763,7333,405,85,128,190,17,63,7,0.6341183182296127,0.9779541446208112,189,669,0.41334118892140237,5607.998723422557,10665.955868130226,14146.260810825881,2.5225149841318846,2.0,0.34429948950652295,1.3118334179786695,1.8039360393603936,aux_base,0
131,2568,2957,1738,7263,478,48,122,122,19,183,7,0.6370582777131603,0.9822695035460994,188,666,0.4097521287267559,5590.0531275076055,10665.955868130226,14146.260810825881,2.530612945557669,2.0,0.3469505178365938,1.3169230769230769,1.8062670977368813,aux_base,0
132,2602,2987,1771,7360,389,90,193,239,18,92,6,0.6293418224150545,0.9701754385964912,190,676,0.41790777638299936,5576.143430093339,10665.955868130226,14146.260810825881,2.5369255630121206,2.0,0.3608130999435347,1.344702842377261,1.8358692940883012,aux_base,0
133,2602,3002,1780,7384,377,66,110,156,20,84,6,0.6303099153332326,0.9714894028247658,191,677,0.4166668982351001,5563.5736703235525,10665.955868130226,14146.260810825881,2.542657228802939,2.0,0.3651685393258427,1.3516883116883116,1.852948557089084,aux_base,0
134,2606,3001,1782,7389,381,68,142,174,21,135,10,0.6346618846055885,0.9780339054425667,191,677,0.41167717723261027,5552.228785281907,10665.955868130226,14146.260810825881,2.5478526476296173,2.0,0.37317620650953987,1.3665443104352386,1.8696862348178138,aux_base,0
135,2615,3008,1798,7421,360,59,145,169,22,109,7,0.6285664114535136,0.9684938622312557,194,675,0.4181194548727534,5541.172916721244,10665.955868130226,14146.260810825881,2.5529361785728817,2.0,0.37986651835372637,1.3542206110823407,1.8608324974924775,aux_base,0
136,2613,3005,1796,7414,384,49,134,137,22,138,2,0.6333115248531085,0.9756708597903123,193,673,0.4126994258130751,5528.323175714766,10665.955868130226,14146.260810825881,2.5588700879443227,2.0,0.383630289532294,1.3434447300771208,1.8484168536524557,aux_base,0
137,2571,2951,1753,7275,527,43,119,119,20,250,8,0.6308679523922639,0.971784849427618,193,665,0.4150180979227955,5510.672305715181,10665.955868130226,14146.260810825881,2.567066235485393,2.0,0.3867655447803765,1.3130745658835548,1.7980721700444884,aux_base,0
138,2584,2971,1766,7321,484,50,146,146,18,96,11,0.6361983107296093,0.9798844232961645,192,672,0.4089339976235041,5493.719207525506,10665.955868130226,14146.260810825881,2.5749879592403984,2.0,0.3912797281993205,1.3197139938712972,1.8139246778989098,aux_base,0
139,2573,2965,1765,7303,504,39,126,126,18,137,9,0.6399276767613621,0.9855267844072756,192,670,0.4045862356602685,5475.114442643843,10665.955868130226,14146.260810825881,2.583737921648791,2.0,0.3886685552407932,1.313425216947422,1.80812082198564,aux_base,0
140,2577,2970,1766,7313,503,44,126,126,17,114,6,0.6397058120311383,0.9850927566294979,192,673,0.4045073341975033,5456.087064729309,10665.955868130226,14146.260810825881,2.592748363983029,2.0,0.3895809739524349,1.3208610968733983,1.8164431197218083,aux_base,0
141,2596,2990,1773,7359,467,62,166,173,17,117,4,0.6400908795905349,0.9856017751616422,193,675,0.403766177074842,5437.837950649514,10665.955868130226,14146.260810825881,2.601449498717814,2.0,0.3965031020868584,1.32719836400818,1.8197329376854599,aux_base,0
142,2620,3028,1798,7446,385,97,156,229,17,65,8,0.6328276604456741,0.9743425643173313,196,683,0.4114802276753097,5424.754566828151,10665.955868130226,14146.260810825881,2.607723655799821,2.0,0.39766407119021135,1.3292744799594114,1.8263428991905812,aux_base,0
143,2632,3032,1805,7469,370,73,142,183,19,112,4,0.627299655748178,0.9657633464959443,198,687,0.4172459334185296,5413.340506852316,10665.955868130226,14146.260810825881,2.613222056310564,2.0,0.4099722991689751,1.3373983739837398,1.8319843021829776,aux_base,0
144,2656,3060,1814,7530,315,103,186,245,20,119,8,0.6318079232253963,0.9726418840452224,196,697,0.4121942452710143,5406.45941992983,10665.955868130226,14146.260810825881,2.616548042269313,2.0,0.4151047409040794,1.3326643251379828,1.8330087633885102,aux_base,0
145,2668,3070,1820,7558,296,77,138,186,23,100,4,0.6299315826731468,0.9696969696969697,198,696,0.4141053482070132,5401.500605848826,10665.955868130226,14146.260810825881,2.6189501479474235,2.0,0.4197802197802198,1.3267031327697663,1.8212048192771084,aux_base,0
146,2699,3112,1845,7656,210,133,176,292,24,68,2,0.6290789837823489,0.9683333333333333,200,705,0.4150464974061037,5401.500605848826,10665.955868130226,14148.637689336103,2.619390188351686,2.0,0.44932249322493223,1.3707465718638903,1.8792341678939617,aux_base,0
147,2714,3115,1857,7686,201,80,147,200,33,106,1,0.6286728563567493,0.9676616915422885,201,706,0.4154083853585111,5401.500605848826,10665.955868130226,14148.637689336103,2.619390188351686,2.0,0.45772751750134627,1.3727870510875064,1.8782991202346042,aux_base,0
148,2706,3120,1868,7694,220,71,165,209,34,151,1,0.6193056863637166,0.9532019704433498,203,713,0.4256283713036074,5401.500605848826,10665.955868130226,14148.637689336103,2.619390188351686,2.0,0.4668094218415418,1.3509735396904643,1.8548698167791706,aux_base,0
149,2698,3105,1839,7642,294,63,162,162,32,205,1,0.6234684587913792,0.9595709570957096,202,706,0.420983467848903,5399.617849292473,10665.955868130226,14148.637689336103,2.620303525959719,2.0,0.4850462207721588,1.3483258370814593,1.8494675701839303,aux_base,0
150,2712,3123,1861,7696,252,66,168,191,25,106,5,0.6236203960490885,0.9597701149425287,203,708,0.42079291393819784,5398.262479629898,10665.955868130226,14148.637689336103,2.620961419109455,2.0,0.4879097259537883,1.3546453546453547,1.8616352201257862,aux_base,0
151,2725,3134,1874,7733,232,87,144,210,25,100,1,0.624830772407502,0.9616013071895426,204,713,0.419439864062726,5398.262479629898,10665.955868130226,14148.637689336103,2.620961419109455,2.0,0.5101387406616862,1.3700351935646053,1.8870180575890678,aux_base,0
152,2721,3117,1862,7700,280,62,178,178,27,202,3,0.6288915304822488,0.9678217821782178,202,711,0.4149220516535788,5397.060040275417,10665.955868130226,14148.637689336103,2.6215453568706426,2.0,0.523093447905478,1.3591408591408591,1.8671193016488845,aux_base,0
153,2707,3108,1854,7669,326,43,142,142,23,166,1,0.6264591560118099,0.9640522875816995,204,712,0.4174971596191911,5392.780607898792,10665.955868130226,14148.637689336103,2.6236256799715956,2.0,0.5151024811218986,1.3420922161626176,1.8439528732868478,aux_base,0
154,2685,3086,1844,7615,393,39,126,126,19,176,2,0.6245984402400329,0.9611650485436893,206,703,0.41939499138160496,5385.15799937431,10665.955868130226,14148.637689336103,2.6273393818677193,2.0,0.4864425162689805,1.3351566384883142,1.8384838242394979,aux_base,0
155,2728,3126,1856,7710,303,64,184,198,18,76,0,0.6309217332275864,0.970873786407767,206,704,0.41235914340469176,5379.941738704068,10665.955868130226,14148.637689336103,2.6298867862357667,2.0,0.47844827586206895,1.3491592482690407,1.8471490177287972,aux_base,0
0,2159,1447,859,4465,239,28,64,64,27,53,0,1.674047961596599e-05,0.023714637238500647,152,699,1.0037142561496808,5833.333333333333,9166.666666666666,12500.0,2.142857142857143,2.0,0.3911525029103609,0.9963082602676512,1.0,aux_base,1
1,2164,1442,857,4463,260,36,73,73,22,72,0,2.144576628339578e-05,0.02719453372458073,154,699,1.0037344769918883,5833.333333333333,9166.666666666666,12500.0,2.142857142857143,2.0,0.44807467911318555,0.9995381062355658,0.9991045444369823,aux_base,1
2,2159,1445,853,4457,283,30,70,70,20,73,0,2.921034053006581e-05,0.033146914676961674,154,694,1.00373010332743,5833.333333333333,9166.666666666666,12500.0,2.142857142857143,2.0,0.44079718640093785,0.9958487084870848,0.995088189327975,aux_base,1
3,2161,1451,857,4469,283,28,69,69,17,54,2,3.932987265435196e-05,0.039927751609729945,154,698,1.003689387461618,5833.095136821211,9166.666666666666,12500.0,2.1429446471898226,2.0,0.42707117852975496,0.9981524249422633,1.0002238137869293,aux_base,1
4,2177,1461,862,4500,263,44,99,99,16,65,2,5.145931166241274e-05,0.04672466501894386,153,701,1.0036848648768097,5833.095136821211,9166.666666666666,12500.0,2.1429446471898226,2.0,0.46218097447795825,1.0158656089594027,1.0158013544018059,aux_base,1
5,2200,1462,868,4530,240,52,101,101,16,68,6,6.602941801737081e-05,0.05360912561900062,151,696,1.003697910396393,5833.095136821211,9166.666666666666,12500.0,2.1429446471898226,2.0,0.5023041474654378,1.0242085661080074,1.0218813444619896,aux_base,1
6,2176,1450,860,4486,294,30,60,60,17,99,2,8.425359275164914e-05,0.06115095487005977,150,693,1.0034866609027193,5829.979927634057,9166.666666666666,12500.0,2.144089714743288,2.0,0.4943521594684386,1.024,1.0234998859228839,aux_base,1
7,2189,1466,866,4521,272,41,96,96,14,60,0,0.00010264094182417965,0.06658085191090368,149,701,1.003277422076245,5826.899024240642,9166.666666666666,12500.0,2.1452233766190916,2.0,0.5005773672055427,1.0423809523809524,1.0429065743944637,aux_base,1
8,2196,1463,867,4526,278,32,69,69,14,61,0,0.00012030918349776156,0.0697345532343179,150,702,1.003050692868908,5823.129952009349,9166.666666666666,12500.0,2.1466118913741066,2.0,0.4936562860438293,1.0472103004291846,1.0440599769319492,aux_base,1
9,2166,1452,853,4471,343,33,69,69,14,121,1,0.00014501545271416687,0.07509265285754038,150,687,1.0025092195907048,5814.364155729906,9166.666666666666,12500.0,2.14984814593726,2.0,0.4980070339976553,1.0353728489483747,1.0328020328020329,aux_base,1
10,2129,1427,849,4405,419,24,53,53,12,118,1,0.0001787051787975101,0.08265610972507227,149,678,1.00159158238076,5800.048216172649,9166.666666666666,12500.0,2.1551544977066643,2.0,0.4857051076132348,1.0099620493358634,1.0093950504124656,aux_base,1
11,2134,1428,845,4407,423,38,69,69,10,64,1,0.0002149084680272515,0.08877173566023847,150,673,1.000713721196006,5785.43228374852,9166.666666666666,12500.0,2.1605991370969693,2.0,0.49230769230769234,1.0113744075829383,1.008466819221968,aux_base,1
12,2150,1433,851,4434,402,48,91,91,10,63,3,0.00026351975331648713,0.09719749674968077,149,683,0.9998750033212225,5772.018355828541,9166.666666666666,12500.0,2.165620278628808,2.0,0.5123384253819037,1.0151085930122756,1.0120976945902762,aux_base,1
13,2153,1430,855,4438,407,33,70,70,10,66,1,0.0003155319593118989,0.10390890614565393,149,685,0.9989905063268362,5758.067364094008,9166.666666666666,12500.0,2.1708672736180796,2.0,0.5064327485380117,1.0141309467734339,1.012779552715655,aux_base,1
14,2152,1436,857,4445,408,32,75,75,10,67,1,0.00037714858787615076,0.11087828401848412,149,685,0.998043455265256,5743.122868159929,9166.666666666666,12500.0,2.176516206766258,2.0,0.5075845974329055,1.0,1.0006753714543,aux_base,1
15,2132,1423,843,4398,454,26,50,50,10,92,6,0.0004477965281875135,0.1175188770498125,149,671,0.9969465962698058,5725.502606375941,9166.666666666666,12500.0,2.1832144458514358,2.0,0.5136417556346382,1.0018796992481203,1.0018223234624146,aux_base,1
16,2116,1404,845,4365,487,29,62,62,9,94,8,0.0005362086257603408,0.12561288623734682,148,663,0.9956859360430372,5705.993486383844,9166.666666666666,12500.0,2.19067898164073,2.0,0.49467455621301776,0.989247311827957,0.9888989578613503,aux_base,1
17,2104,1398,834,4336,517,40,81,81,9,104,2,0.00063196852440091,0.1321488391374877,149,664,0.9943320657448895,5684.493504503796,9166.666666666666,12500.0,2.1989646025800385,2.0,0.486810551558753,0.9882573978393612,0.9874743794124345,aux_base,1
18,2084,1385,825,4294,558,36,80,80,8,118,5,0.0007617267719701012,0.142181582373234,148,654,0.9927276070526523,5660.506491816788,9165.113611294948,12500.0,2.2082829545502416,2.0,0.4993939393939394,0.9825553983969826,0.9792474344355758,aux_base,1
19,2106,1405,836,4347,506,48,95,95,8,39,4,0.0008994045155966681,0.14986499536740994,150,664,0.9913176410797818,5638.734615766598,9165.113611294948,12500.0,2.2168094176747486,2.0,0.5011961722488039,0.9887323943661972,0.9904306220095693,aux_base,1
20,2091,1397,839,4327,526,34,75,75,8,93,6,0.0010469694969651654,0.15574803662680362,147,659,0.9897923178212519,5615.164705072693,9165.113611294948,12500.0,2.2261145766049575,2.0,0.5017878426698451,1.0028776978417266,1.0048769159312587,aux_base,1
21,2095,1395,833,4323,522,35,73,73,8,73,12,0.0012609433627760068,0.1674901119325408,146,657,0.9882394533607497,5592.519573693982,9165.113611294948,12500.0,2.2351285203895093,2.0,0.5078031212484994,1.0096385542168675,1.0109915809167447,aux_base,1
22,2090,1398,834,4322,520,38,80,80,8,79,9,0.001474429879891594,0.1749062770528642,148,656,0.9867017200860626,5569.499463063988,9165.113611294948,12500.0,2.2443668561058248,2.0,0.5239808153477218,1.0082006753497348,1.0081642174014462,aux_base,1
23,2068,1379,819,4266,572,36,63,63,8,117,10,0.0017578864805170404,0.1862796118292664,147,645,0.9847919691198241,5544.303789199393,9161.741140634538,12500.0,2.2545662134081983,2.0,0.5311355311355311,1.0092728160078086,1.0087491132655475,aux_base,1
24,2042,1366,814,4222,616,30,64,64,8,108,8,0.002095293063918907,0.1984005974763109,147,637,0.9825797902995593,5516.582270253396,9154.428725137777,12500.0,2.2658956918675357,2.0,0.5122850122850123,0.9980449657869013,0.9988171279867518,aux_base,1
25,2041,1362,806,4209,623,33,67,67,8,76,10,0.002534677700829255,0.2145369914952365,146,630,0.9801818832247353,5488.999358902129,9146.183676749573,12500.0,2.277282102379433,2.0,0.5173697270471465,0.9931873479318735,0.9912859161563825,aux_base,1
26,2069,1382,822,4273,553,44,102,102,8,35,11,0.002923180245414525,0.2212601021924811,146,637,0.9783248068162628,5464.552369789589,9144.280494725384,12500.0,2.2874700714930305,2.0,0.5218978102189781,0.9980704293294742,0.9983644859813084,aux_base,1
27,2068,1377,822,4267,557,36,72,72,8,78,10,0.0033306997310414903,0.22556384184097913,144,630,0.976361072259587,5440.286945922452,9140.862751717415,12500.0,2.29767292134634,2.0,0.5340632603406326,0.9918465227817745,0.9923255813953489,aux_base,1
28,2071,1386,824,4281,532,31,71,72,8,55,17,0.00395942594100555,0.24005184311848884,144,630,0.974451185932305,5417.1876630431925,9140.729308465567,12500.0,2.3074703660862146,2.0,0.5351941747572816,0.9852521408182683,0.9857241538107299,aux_base,1
29,2075,1382,817,4274,527,41,74,74,8,80,19,0.004664721844469885,0.2533529475657623,143,625,0.9724075615340066,5395.448758605015,9139.939743807692,12500.0,2.3167674384941903,2.0,0.5410036719706243,0.9857482185273159,0.9827546562428144,aux_base,1
30,2073,1383,824,4280,516,34,73,75,8,66,12,0.00544926333494131,0.2653337241400059,143,627,0.9704716322678004,5373.945697318188,9139.939743807692,12500.0,2.32603764608898,2.0,0.5339805825242718,0.9913916786226685,0.9891379708805177,aux_base,1
31,2096,1398,830,4324,464,40,82,92,8,34,12,0.006305949065249331,0.27550357017232396,144,625,0.9685627783442299,5355.31136613398,9139.939743807692,12500.0,2.334131322232305,2.0,0.5204819277108433,0.9872821479039096,0.98992673992674,aux_base,1
32,2082,1392,821,4295,481,29,62,62,9,87,17,0.007354640643236585,0.28858285304962045,144,618,0.9664378822442717,5335.6803060874845,9139.939743807692,12500.0,2.342719069157636,2.0,0.5200974421437271,1.004341534008683,1.0025676937441643,aux_base,1
33,2094,1397,829,4320,448,34,75,79,8,49,15,0.008567069334206616,0.30222327976419505,144,614,0.9642877283773553,5318.071690656465,9139.939743807692,12500.0,2.350476023473274,2.0,0.5138721351025332,1.0038350910834133,1.004417577307603,aux_base,1
34,2100,1394,828,4322,440,34,70,73,9,65,12,0.009891830653743921,0.31409311283391134,145,616,0.962018186005909,5301.4508165362995,9139.939743807692,12500.0,2.3578451319419895,2.0,0.5096618357487923,1.0009532888465205,0.9986136783733827,aux_base,1
35,2116,1414,835,4365,392,41,99,110,9,53,11,0.011649641075827754,0.333369479245311,144,615,0.9596075744027295,5286.800873576995,9139.939743807692,12500.0,2.3643788179112235,2.0,0.511377245508982,1.0105062082139447,1.009481961147086,aux_base,1
36,2124,1417,834,4375,380,41,79,83,10,65,8,0.01365733476371046,0.35269728919932125,143,608,0.9568935206864281,5272.868242773375,9139.939743807692,12500.0,2.370626274823314,2.0,0.5251798561151079,1.0143266475644699,1.0122628412771866,aux_base,1
37,2134,1420,843,4397,352,37,74,89,10,48,12,0.0156787109506177,0.3659365700894638,144,612,0.9543031723930364,5260.236631151332,9139.939743807692,12500.0,2.376318952264333,2.0,0.5243179122182681,1.009460737937559,1.0073310423825887,aux_base,1
38,2149,1430,851,4430,323,36,78,85,11,44,6,0.018044457694555746,0.38122241698280374,144,612,0.9514684632207248,5248.776523450023,9139.939743807692,12500.0,2.3815073749384448,2.0,0.5099882491186839,1.0302013422818792,1.0271272895896129,aux_base,1
39,2166,1442,855,4463,292,35,77,85,11,41,6,0.02051646005964156,0.3930038516342154,145,617,0.948580200879696,5238.689131205932,9139.939743807692,12500.0,2.386093102096809,2.0,0.5064327485380117,1.029957203994294,1.0273941068139962,aux_base,1
40,2168,1443,855,4466,287,33,66,74,11,61,11,0.023543891988785325,0.4096285586969806,145,614,0.945230482201933,5229.305639091635,9139.939743807692,12500.0,2.3903747194572724,2.0,0.5087719298245614,1.024090694378838,1.0215004574565416,aux_base,1
41,2152,1435,847,4434,314,31,69,69,11,96,11,0.026208113259337702,0.4149116770487346,147,603,0.9421265271759892,5218.232818994505,9139.939743807692,12500.0,2.395446970955315,2.0,0.5017709563164109,1.0218423551756886,1.0176727105806749,aux_base,1
42,2169,1446,860,4475,276,57,100,128,10,55,3,0.030199073872263473,0.43585168857677753,146,610,0.9379971206893157,5209.653147856526,9139.939743807692,12500.0,2.3993919835417516,2.0,0.5209302325581395,1.05908203125,1.0556735079028072,aux_base,1
43,2177,1456,859,4492,258,55,82,110,11,60,7,0.03417874170415631,0.45057201903515237,147,602,0.9339530928157803,5203.371549616518,9139.939743807692,12500.0,2.4022885701716294,2.0,0.5389988358556461,1.0516908212560387,1.0473303800419678,aux_base,1
44,2192,1469,870,4531,223,62,92,126,13,50,6,0.03852121356768213,0.4647533945492533,146,598,0.9298146378749563,5200.16118787369,9139.939743807692,12500.0,2.403771642530789,2.0,0.5701149425287356,1.05283381364073,1.05152007426317,aux_base,1
45,2207,1478,878,4563,201,58,90,120,14,56,2,0.04366836631277355,0.4831275479338833,146,591,0.9250042758102114,5199.258502086094,9139.939743807692,12500.0,2.4041889809834682,2.0,0.592255125284738,1.0646406174626146,1.0673684210526315,aux_base,1
46,2207,1480,878,4565,208,38,68,79,16,64,5,0.04891838764225373,0.4972746167950253,147,588,0.9200733100835127,5197.960843040383,9139.939743807692,12500.0,2.4047891812683453,2.0,0.5968109339407744,1.0625902744342801,1.0621219171707772,aux_base,1
47,2243,1502,888,4633,152,87,113,163,16,41,0,0.054902425921497654,0.5138008439691247,148,588,0.9144637319759555,5197.960843040383,9139.939743807692,12500.0,2.4047891812683453,2.0,0.6418918918918919,1.0778471888515138,1.0797017012351433,aux_base,1
48,2251,1504,898,4653,153,48,78,103,22,58,1,0.06183964357152847,0.5338098242729885,147,581,0.9080504540056429,5197.960843040383,9139.939743807692,12500.0,2.4047891812683453,2.0,0.6425389755011136,1.0811719500480308,1.0813386009760633,aux_base,1
49,2267,1514,910,4691,135,59,86,119,21,47,0,0.0693945943363073,0.5535823933991549,147,577,0.901063925637966,5197.960843040383,9139.939743807692,12500.0,2.4047891812683453,2.0,0.6582417582417582,1.0883341334613539,1.0899163568773234,aux_base,1
50,2285,1539,907,4731,115,68,96,123,23,53,0,0.07737720901004988,0.5714908107318721,147,576,0.8936377087884754,5197.960843040383,9139.939743807692,12500.0,2.4047891812683453,2.0,0.6957001102535832,1.1006743737957612,1.1015133876600698,aux_base,1
51,2301,1556,923,4780,90,80,103,157,28,52,2,0.08535793782955681,0.5847423894808731,148,576,0.8863103359491384,5197.960843040383,9139.939743807692,12500.0,2.4047891812683453,2.0,0.7323943661971831,1.1110574601641718,1.1142191142191142,aux_base,1
52,2313,1569,928,4810,93,71,107,135,36,75,1,0.09427827312506823,0.600104945955004,147,569,0.8780162008198203,5197.960843040383,9139.939743807692,12500.0,2.4047891812683453,2.0,0.7693965517241379,1.1184719535783365,1.1238317757009346,aux_base,1
53,2336,1594,943,4873,63,91,114,179,36,48,0,0.10334300098271916,0.6122844296003014,148,568,0.8696776705712917,5197.960843040383,9139.939743807692,12501.511134676563,2.405079898094076,2.0,0.8207847295864263,1.1295938104448742,1.1396164639850328,aux_base,1
54,2353,1605,962,4920,51,78,104,161,36,56,0,0.11221196795646701,0.6199098551502847,150,571,0.8617509532073889,5197.960843040383,9139.939743807692,12515.494113866698,2.4077699874603433,2.0,0.8264033264033264,1.1328839672604718,1.146318732525629,aux_base,1
55,2291,1573,937,4801,202,44,100,100,36,215,0,0.12322670913872338,0.6358879004943576,149,552,0.8515033881744598,5197.960843040383,9139.939743807692,12515.494113866698,2.4077699874603433,2.0,0.8367129135538954,1.1040963855421686,1.1198973641240961,aux_base,1
56,2316,1602,962,4880,144,49,119,132,22,39,0,0.13468601673191824,0.6503879215223969,150,551,0.8409407299925669,5197.960843040383,9139.939743807692,12515.494113866698,2.4077699874603433,2.0,0.8014553014553014,1.102332222751071,1.1244239631336406,aux_base,1
57,2320,1621,968,4909,135,65,94,132,23,62,0,0.14701242134893375,0.6655719946252041,151,548,0.829501032502337,5197.960843040383,9139.939743807692,12515.494113866698,2.4077699874603433,2.0,0.8037190082644629,1.105815061963775,1.134242144177449,aux_base,1
58,2338,1654,984,4976,90,105,134,209,25,64,0,0.15949969524517238,0.6783386786651894,151,549,0.8180727843565947,5197.960843040383,9143.763708924205,12515.494113866698,2.4077699874603433,2.0,0.858739837398374,1.117056856187291,1.1497227356746764,aux_base,1
59,2350,1672,996,5018,75,78,109,173,34,60,0,0.1740826908934827,0.6969270479462377,151,549,0.805317112105202,5197.960843040383,9169.226247099296,12515.594639923838,2.407789326978315,2.0,0.8393574297188755,1.134717527764365,1.1743505733676574,aux_base,1
60,2375,1707,1025,5107,17,118,125,243,35,32,0,0.18824993683874403,0.7109830481048559,152,552,0.7938068468297379,5197.960843040383,9204.603238349087,12539.404795580278,2.4123699993564687,2.0,0.8839024390243903,1.1423761423761423,1.1890570430733411,aux_base,1
61,2380,1724,1038,5142,16,75,112,165,36,75,0,0.20320721167507386,0.7256922007752206,151,550,0.7804198258090304,5197.960843040383,9223.567710914409,12539.404795580278,2.4123699993564687,2.0,0.8882466281310212,1.136038186157518,1.191104933981932,aux_base,1
62,2349,1777,1061,5187,1,82,97,273,36,46,0,0.21932673155495644,0.742395165472741,151,550,0.7694514683821911,5260.336373156868,9241.454269345366,12561.599896622783,2.3879841526339947,2.0,0.882186616399623,1.122848948374761,1.2032011134307585,aux_base,1
63,2230,1675,1003,4908,311,59,134,134,35,409,0,0.23530705456622275,0.7568120145883532,150,520,0.7541292889171805,5260.336373156868,9241.454269345366,12561.599896622783,2.3879841526339947,2.0,0.9122632103688934,1.0926016658500735,1.164965582720152,aux_base,1
64,2280,1748,1040,5068,168,68,189,189,21,25,0,0.24997286934645468,0.7658834092972208,151,532,0.7403702713544962,5260.336373156868,9241.454269345366,12561.599896622783,2.3879841526339947,2.0,0.8769230769230769,1.1320754716981132,1.2197352587244283,aux_base,1
65,2289,1785,1053,5127,127,69,157,182,26,90,0,0.264580311600838,0.7742247009151346,151,535,0.7265863991032797,5260.336373156868,9241.454269345366,12561.599896622783,2.3879841526339947,2.0,0.8452041785375118,1.1204111600587372,1.2157932179274367,aux_base,1
66,2306,1838,1092,5236,41,128,136,274,25,25,0,0.28136843956107555,0.7884063060468247,151,543,0.7108462192970593,5260.336373156868,9241.454269345366,12561.599896622783,2.3879841526339947,2.0,0.8608058608058609,1.135401280157558,1.250537377597325,aux_base,1
67,2315,1878,1114,5307,1,101,120,233,36,44,0,0.2956368497656954,0.7952672403306514,152,552,0.6980707256463949,5279.355386307331,9241.454269345366,12561.599896622783,2.3793813784923183,2.0,0.8949730700179533,1.1454725383473527,1.270529087862102,aux_base,1
68,2299,1895,1120,5314,28,75,144,183,38,133,0,0.311481000320984,0.8064122006668135,151,551,0.6830303822365682,5279.355386307331,9241.454269345366,12561.599896622783,2.3793813784923183,2.0,0.9133928571428571,1.1495,1.2882424242424242,aux_base,1
69,2281,1944,1154,5379,0,87,101,268,40,33,0,0.3263796165920012,0.8152228568454599,152,548,0.6713814733374244,5342.707650943019,9241.986698809444,12569.13250245334,2.3525772555110356,2.0,0.9055459272097054,1.14221331997997,1.3017909002904162,aux_base,1
70,2259,1976,1184,5419,0,75,101,256,42,59,0,0.34163985542403286,0.8252074744200466,153,544,0.6594163475011658,5406.820142754335,9246.88831928533,12586.457522929693,2.327885372661558,2.0,0.8572635135135135,1.127245508982036,1.3083051665861902,aux_base,1
71,2223,2025,1211,5459,1,63,78,305,43,36,0,0.34788212352577924,0.8143886724869229,158,547,0.6575533332364881,5471.701984467388,9287.757282474271,12634.038697611752,2.308977852499315,2.0,0.8257638315441783,1.1048707753479126,1.312890812890813,aux_base,1
72,2218,2061,1223,5502,0,63,109,287,46,62,0,0.3666174545035003,0.83354179402487,158,551,0.6420965890198745,5537.3624082809965,9305.233227521061,12650.092087747555,2.284497772591087,2.0,0.7726901062959934,1.0969337289812067,1.316267942583732,aux_base,1
73,2205,2093,1246,5544,0,70,107,303,47,60,0,0.38264356111586506,0.8465972069819284,158,558,0.6293583040407135,5603.8107571803685,9326.635708532664,12675.55471291294,2.2619526715229075,2.0,0.7544141252006421,1.0872781065088757,1.3218884120171674,aux_base,1
74,2181,2133,1276,5590,0,69,94,316,49,45,0,0.4016547838946373,0.8663648063330867,158,556,0.6137950431779166,5671.056486266533,9347.335330400545,12719.740345642595,2.242922527124478,2.0,0.7264890282131662,1.0759743463246176,1.3344473621389352,aux_base,1
75,2158,2181,1295,5634,1,62,83,343,51,33,0,0.4148611410143109,0.8738930817719581,160,557,0.6045600549179692,5739.109164101732,9371.498685096922,12812.16718475649,2.2324313440310406,2.0,0.7181467181467182,1.062007874015748,1.340152235965747,aux_base,1
76,2213,2162,1294,5669,18,131,237,267,55,199,0,0.432776712263748,0.8916958100705615,159,554,0.5879466122322848,5792.464985133014,9371.498685096922,12812.16718475649,2.2118678693164826,2.0,0.767387944358578,1.0874692874692875,1.3475160446874257,aux_base,1
77,2216,2201,1324,5741,1,80,117,266,58,42,0,0.4500153674382528,0.9082754085891038,159,558,0.5728696428035804,5861.97456495461,9378.302708222222,12834.927167549957,2.189522834896391,2.0,0.7583081570996979,1.0815031722791606,1.351777725453261,aux_base,1
78,2217,2237,1347,5801,0,83,109,267,63,45,0,0.46115117346339407,0.912987690639436,160,562,0.5646617391545424,5932.318259734066,9418.239101426747,12866.428480999042,2.168870232119984,2.0,0.7119524870081663,1.078307392996109,1.3610980760206475,aux_base,1
79,2217,2275,1368,5860,0,94,130,298,65,65,0,0.4721199639189573,0.9180302464889039,161,567,0.5569165444320504,6003.5060788508745,9465.640788332828,12915.937895855752,2.1513991534640002,2.0,0.695906432748538,1.0788321167883212,1.3820754716981132,aux_base,1
80,2228,2301,1389,5918,1,97,149,282,64,86,0,0.4827309852169032,0.923008427699276,161,568,0.5487679244174878,6075.548151797085,9491.960288447453,12955.197139769576,2.132350335489903,2.0,0.701223902087833,1.0799806107610277,1.3888758507392631,aux_base,1
81,2249,2325,1401,5975,0,114,196,294,63,132,0,0.4923833068032192,0.9267811379538012,159,568,0.5402994628395943,6133.634606381319,9501.554312825023,12957.028066988472,2.1124551588886993,2.0,0.7144896502498216,1.0938715953307394,1.4098631429919775,aux_base,1
82,2226,2377,1425,6028,1,82,102,303,63,40,0,0.5049888883835421,0.9366437554320064,159,571,0.5298339040724146,6207.238221657894,9534.515952229125,12985.669918504973,2.092020550008249,2.0,0.7073684210526315,1.0837390457643623,1.4220334984666194,aux_base,1
83,2213,2420,1462,6095,0,84,113,320,68,44,0,0.5107054805527933,0.9343251994639068,161,576,0.5264151488418553,6281.725080317789,9562.725511823324,13030.755596005883,2.0743912586742277,2.0,0.7038303693570451,1.0732298739088264,1.4358068315665489,aux_base,1
84,2231,2451,1477,6159,0,86,119,277,68,51,0,0.5170451457903327,0.9338572986125069,163,579,0.523172334348363,6357.105781281603,9609.926594337416,13101.741012069164,2.0609600442149367,2.0,0.7122545700744752,1.08458920758386,1.4505416862929816,aux_base,1
85,2254,2470,1501,6225,2,87,138,270,68,72,0,0.5296586377483631,0.9452309883023927,163,575,0.5132169985992354,6433.391050656983,9664.629253412875,13154.09560406809,2.044659729292343,2.0,0.7121918720852765,1.1219512195121952,1.4963942307692308,aux_base,1
86,2278,2497,1516,6291,3,108,173,284,68,106,0,0.5370792907878091,0.9477925069187013,163,586,0.5077495419388076,6485.479489874857,9718.839424547557,13179.848477256004,2.0322087977970495,2.0,0.7308707124010554,1.1476070528967255,1.5310294475541495,aux_base,1
87,2303,2527,1527,6357,0,93,149,257,68,78,0,0.5441430338441009,0.9502626132092767,164,589,0.5025064061245502,6563.305243753355,9760.93772939168,13179.848477256004,2.0081114602737644,2.0,0.7459070072036673,1.1755997958141908,1.570405138339921,aux_base,1
88,2314,2527,1524,6365,57,76,182,185,68,171,0,0.5537348508404502,0.9576174031034458,161,587,0.49224510123679543,6563.305243753355,9760.93772939168,13179.848477256004,2.0081114602737644,2.0,0.7112860892388452,1.1734279918864097,1.5638820638820639,aux_base,1
89,2336,2563,1543,6442,44,104,141,247,68,60,0,0.5637783803970109,0.9661501195036267,161,591,0.48265319215522307,6563.305243753355,9817.583920490773,13187.655594241234,2.0093009702379185,2.0,0.7180816591056384,1.1768261964735516,1.5742913000977516,aux_base,1
90,2366,2597,1557,6520,32,111,160,247,68,80,0,0.5721345540325283,0.9721885577505244,160,594,0.4742957720795145,6563.305243753355,9850.873733353246,13187.655594241234,2.0093009702379185,2.0,0.7296082209377007,1.1895424836601307,1.5859888105083921,aux_base,1
91,2401,2636,1579,6616,1,110,137,250,68,38,0,0.5719914665173065,0.9643014562145096,162,611,0.4758346419642114,6563.305243753355,9905.913061253408,13228.095510889312,2.015462487209351,2.0,0.7295756808106396,1.192154915590864,1.5896203748197981,aux_base,1
92,2413,2667,1598,6678,3,95,134,238,68,68,0,0.5763374567798792,0.9645204656855865,163,612,0.47234860027323766,6563.305243753355,9956.67204434118,13259.58466941461,2.020260246471769,2.0,0.7196495619524406,1.2040918163672654,1.615775465763368,aux_base,1
93,2423,2683,1603,6709,36,64,120,179,68,85,0,0.5803439633974382,0.9646241007475409,164,616,0.46914959970932896,6563.305243753355,9992.42403035504,13307.511078381913,2.027562422309609,2.0,0.6862133499688085,1.2212701612903225,1.6335524713903091,aux_base,1
94,2436,2695,1621,6752,57,74,121,217,68,74,0,0.5796335835454274,0.9573657832745821,165,615,0.4722379455163453,6563.305243753355,10094.795394910921,13354.781065296978,2.0347645842020574,2.0,0.6736582356570019,1.221664994984955,1.6392328235008498,aux_base,1
95,2421,2699,1624,6744,131,40,97,134,68,103,0,0.5869075670814173,0.963711509595362,164,616,0.4650962483062246,6563.305243753355,10141.929374742958,13354.781065296978,2.0347645842020574,2.0,0.645320197044335,1.2026825633383011,1.6215436402981487,aux_base,1
96,2433,2722,1631,6786,135,77,127,191,51,80,0,0.5904135610911536,0.9642196396766629,164,618,0.46194956188248076,6563.305243753355,10170.08235723949,13377.200066251477,2.038180393786083,2.0,0.6370324954015941,1.2062469013386217,1.6253892215568861,aux_base,1
97,2460,2767,1657,6884,84,126,162,287,49,62,0,0.5945503614139409,0.9661143009087506,165,627,0.4583583987328167,6563.305243753355,10223.252003563966,13382.738243225194,2.0390242029291956,2.0,0.6505733252866627,1.2184249628528974,1.6484674329501916,aux_base,1
98,2483,2784,1665,6932,96,80,120,191,68,64,0,0.5981830135148692,0.9675224981606355,166,629,0.45506046672566974,6563.305243753355,10261.559821416402,13388.12348924499,2.0398447111670106,2.0,0.6306306306306306,1.2292079207920792,1.6607570675610925,aux_base,1
99,2493,2812,1674,6979,114,94,161,230,68,111,0,0.6053272251495119,0.9749014223919119,165,629,0.44770194820370907,6563.305243753355,10288.476345329193,13393.337979397314,2.0406392026554703,2.0,0.6278375149342891,1.2353815659068386,1.6728187919463087,aux_base,1
100,2512,2844,1686,7042,103,93,120,217,60,49,0,0.608122897758362,0.9755546266746916,166,638,0.4457388388736764,6563.305243753355,10347.486762398466,13406.270573840053,2.0426096419330046,2.0,0.6334519572953736,1.2404938271604937,1.6814708691499523,aux_base,1
101,2503,2839,1690,7032,174,54,122,155,66,127,0,0.6136017759129169,0.9807834163917236,166,640,0.43961001457948695,6563.305243753355,10348.660376606813,13406.270573840053,2.0426096419330046,2.0,0.6023668639053255,1.2215714982918497,1.6647727272727273,aux_base,1
102,2484,2826,1683,6993,248,46,147,147,42,179,0,0.6075771590604643,0.9679244338584397,167,635,0.44603876202933584,6562.191177180614,10348.660376606813,13406.270573840053,2.0429564168229453,2.0,0.5662507427213309,1.2058252427184466,1.643092105263158,aux_base,1
103,2485,2836,1683,7004,263,51,155,157,31,139,0,0.6062961585813411,0.96293441389836,167,635,0.4472593341327293,6557.7956343125725,10348.660376606813,13406.270573840053,2.0443257645441064,2.0,0.5311942959001783,1.2080700048614488,1.6406652611852892,aux_base,1
104,2487,2839,1687,7013,277,50,123,144,28,109,0,0.6128177788272259,0.9705659421476329,165,635,0.4402033574104347,6551.166661446338,10348.660376606813,13435.085711422,2.050792844347492,2.0,0.5032602252519265,1.212579229644076,1.652839971718124,aux_base,1
105,2505,2858,1692,7055,253,87,116,196,26,66,0,0.6188709273757181,0.9776366492183399,165,638,0.4338156240364647,6548.950298828102,10356.930614640461,13455.857687912,2.0546586970311638,2.0,0.5153664302600472,1.218385214007782,1.6557146209809903,aux_base,1
106,2495,2851,1703,7049,288,43,145,151,30,150,0,0.6208872963195142,0.9785165474859314,164,637,0.4313361672576691,6542.31868958212,10356.930614640461,13455.857687912,2.0567413980212983,2.0,0.4938344098649442,1.2129314535731648,1.657028678890456,aux_base,1
107,2496,2859,1697,7052,304,56,170,171,26,160,0,0.6227916302612858,0.9794072420512848,163,635,0.42902862756241744,6533.076700265004,10356.930614640461,13455.857687912,2.059650958539364,2.0,0.5050088391278728,1.2057971014492754,1.650749063670412,aux_base,1
108,2500,2876,1707,7083,292,68,121,176,24,85,0,0.6216029139135515,0.9756164471981379,165,638,0.43013650063938563,6525.046070166397,10356.930614640461,13460.476980592208,2.06289378432679,2.0,0.4967779730521383,1.21300339640951,1.6576175988766675,aux_base,1
109,2517,2890,1723,7130,266,76,131,194,25,80,0,0.6233523428452781,0.9766056729601706,166,646,0.4280950200484288,6519.962958459562,10361.302744519306,13460.476980592208,2.064502063332649,2.0,0.4631456761462565,1.2302052785923754,1.6827944300212414,aux_base,1
110,2519,2915,1733,7167,251,78,134,205,27,94,2,0.6277781274372267,0.9819277108433735,166,649,0.42311562277710724,6517.361582941741,10361.907005742829,13460.476980592208,2.065326100031503,2.0,0.4593190998268898,1.2439506172839505,1.7092773670403052,aux_base,1
111,2538,2914,1737,7189,257,59,113,129,30,89,0,0.6318816865658876,0.9868686868686868,165,650,0.4184839648451787,6514.529982397627,10361.907005742829,13460.476980592208,2.066223813070575,2.0,0.43811168681635004,1.2484013772749631,1.7039582839535434,aux_base,1
112,2544,2915,1740,7199,273,44,130,134,29,117,0,0.6283657218813016,0.9800399201596808,167,650,0.42215525803562637,6509.3350267187,10361.907005742829,13460.476980592208,2.0678728203943004,2.0,0.4091954022988506,1.2367525522605736,1.6930856067732831,aux_base,1
113,2517,2900,1728,7145,348,23,84,85,27,134,2,0.6292233488546694,0.9801587301587302,168,642,0.42095703103240634,6498.457856811425,10361.907005742829,13460.476980592208,2.071334042196407,2.0,0.3940972222222222,1.2194767441860466,1.6795956746591443,aux_base,1
114,2539,2924,1739,7202,307,63,134,164,23,70,0,0.6337614073549369,0.9861111111111113,168,646,0.41577672204489224,6489.503918393604,10361.907005742829,13460.476980592208,2.0741919798276633,2.0,0.4013801035077631,1.2319262493934984,1.6906103286384977,aux_base,1
115,2553,2941,1753,7247,276,81,138,201,24,87,4,0.6369676845122316,0.9900793650793651,168,652,0.4120838467603833,6483.909360206531,10361.907005742829,13460.476980592208,2.075981669824492,2.0,0.4152880775812892,1.2256361017762842,1.6853488372093024,aux_base,1
116,2565,2955,1760,7280,265,79,158,198,27,121,1,0.6356486402947338,0.9871031746031745,168,653,0.41337847465414373,6479.487471490914,10361.907005742829,13460.476980592208,2.0773984114973505,2.0,0.43011363636363636,1.2409288824383164,1.706516643225504,aux_base,1
117,2567,2967,1756,7290,275,53,104,135,28,89,3,0.6349689944223292,0.985207100591716,169,656,0.4139931009743991,6474.6758351668805,10361.907005742829,13460.476980592208,2.0789422240233706,2.0,0.41173120728929385,1.327300930713547,1.8279839518555667,aux_base,1
118,2589,2993,1783,7365,222,104,167,253,27,88,1,0.6386043263683479,0.9900793650793651,168,658,0.4099317979502217,6474.6758351668805,10361.955474402394,13463.753395067575,2.0794482593151407,2.0,0.43970835670218733,1.3491401771756122,1.855631141345427,aux_base,1
119,2606,3006,1787,7399,214,68,125,158,33,87,3,0.6334349497789628,0.9813725490196079,170,663,0.41552311008047166,6474.6758351668805,10361.955474402394,13463.753395067575,2.0794482593151407,2.0,0.44543928371572467,1.3558792924037462,1.8646673387096775,aux_base,1
120,2614,3021,1792,7427,216,60,102,144,34,70,0,0.6326524704851361,0.97953216374269,171,673,0.41634093381205234,6474.6758351668805,10361.955474402394,13466.878909248571,2.0799309883753385,2.0,0.43973214285714285,1.370020964360587,1.8835911742328177,aux_base,1
121,2632,3038,1792,7462,208,72,128,170,34,86,0,0.6361704922952423,0.9844054580896685,171,672,0.4125502720620436,6474.6758351668805,10361.955474402394,13477.520148386684,2.0815745052724033,2.0,0.4375,1.3665628245067498,1.8734622144112478,aux_base,1
122,2633,3036,1797,7466,232,44,116,140,36,105,1,0.6286297633062509,0.9722222222222223,174,678,0.4207183538096002,6474.567283144495,10361.955474402394,13477.520148386684,2.0816094047664406,2.0,0.41736227045075125,1.3558187435633369,1.8595267745952677,aux_base,1
123,2645,3038,1809,7492,235,57,118,154,32,89,0,0.6296509295435753,0.9733333333333335,175,681,0.4196021778834615,6474.0502170073,10361.955474402394,13487.8164075603,2.083366046826123,2.0,0.4134881149806523,1.36059670781893,1.8590570719602977,aux_base,1
124,2647,3044,1817,7508,245,74,155,193,32,135,2,0.6305424262284084,0.9742857142857143,175,687,0.4185468626926316,6472.523487322653,10361.955474402394,13490.533270964355,2.0842772216103134,2.0,0.42817831590533845,1.348446255731024,1.8529121421520236,aux_base,1
125,2657,3057,1827,7541,232,76,138,191,31,98,4,0.6321134904347999,0.9763257575757577,176,681,0.4167496777336741,6472.424909602527,10361.955474402394,13490.533270964355,2.084308966018242,2.0,0.4548440065681445,1.3446356275303644,1.8442161897774516,aux_base,1
126,2655,3046,1815,7516,278,58,126,146,32,144,4,0.6259647920149384,0.9664804469273743,179,685,0.4234098129076011,6470.2607551435885,10361.955474402394,13490.533270964355,2.0850061197672662,2.0,0.4550964187327824,1.3497712252160652,1.8503200393894632,aux_base,1
127,2673,3061,1826,7560,257,58,150,165,30,101,2,0.6244906826386183,0.9638888888888889,180,686,0.42492204268659106,6467.7653986066225,10361.955474402394,13490.533270964355,2.0858105449945166,2.0,0.4397590361445783,1.3603053435114503,1.865745310957552,aux_base,1
128,2668,3058,1822,7548,295,62,147,173,30,155,0,0.6239421820153829,0.962756052141527,179,688,0.42542213161690917,6463.02046857887,10361.955474402394,13493.169181965706,2.087749721289784,2.0,0.4313940724478595,1.3577608142493638,1.8586555035705492,aux_base,1
129,2672,3091,1835,7598,262,92,154,242,27,96,2,0.6301465322698341,0.9720670391061452,179,689,0.41855047436433807,6461.9340603354385,10361.955474402394,13493.169181965706,2.088100722783494,2.0,0.44959128065395093,1.3688524590163935,1.88395735184726,aux_base,1
130,2710,3101,1848,7659,229,79,169,186,31,106,1,0.6356634439683007,0.9803370786516854,178,693,0.4124445786363766,6461.9340603354385,10361.955474402394,13493.169181965706,2.088100722783494,2.0,0.4329004329004329,1.3933161953727506,1.906172224987556,aux_base,1
131,2688,3084,1839,7611,304,38,123,127,34,164,0,0.6406184965243414,0.9877589453860641,177,690,0.40687832849929056,6457.005503425065,10361.955474402394,13493.169181965706,2.0896945456850493,2.0,0.4187058183795541,1.3742331288343559,1.8843773211190888,aux_base,1
132,2693,3092,1850,7635,303,54,154,172,27,126,0,0.6413588621479316,0.9887005649717514,177,694,0.4059027112893808,6450.667232559785,10361.955474402394,13493.169181965706,2.091747829411948,2.0,0.412972972972973,1.373278939316675,1.8786909448818898,aux_base,1
133,2702,3097,1855,7654,303,69,150,179,26,126,2,0.6445070041793667,0.9933712121212122,176,690,0.40231147979978155,6444.72237340185,10361.955474402394,13493.169181965706,2.0936773378561115,2.0,0.4102425876010782,1.372270187912646,1.8778213935230619,aux_base,1
134,2697,3099,1852,7648,329,44,120,131,25,122,1,0.6391944470551225,0.9850187265917604,178,691,0.40796282029959907,6436.227639935517,10361.955474402394,13493.169181965706,2.096440638339649,2.0,0.4109071274298056,1.3518796992481203,1.8545101842871,aux_base,1
135,2711,3103,1848,7662,326,64,162,172,23,138,2,0.6374029790923375,0.9821092278719397,177,689,0.4097721519696661,6427.807280134902,10361.955474402394,13493.169181965706,2.0991869534835406,2.0,0.4155844155844156,1.3555,1.8498309995171416,aux_base,1
136,2697,3122,1858,7677,330,78,172,215,22,155,1,0.636195347381987,0.9801136363636364,176,691,0.4109063096710245,6418.954687845054,10361.955474402394,13493.169181965706,2.1020820115020284,2.0,0.4155005382131324,1.3478260869565217,1.856590084643289,aux_base,1
137,2704,3116,1852,7672,348,48,116,118,21,115,2,0.6321649730548438,0.9737827715355806,178,695,0.41513585375555545,6409.063460726592,10361.955474402394,13493.169181965706,2.1053261938579704,2.0,0.4017278617710583,1.352,1.8571774388767852,aux_base,1
138,2723,3129,1860,7712,319,61,130,157,19,86,4,0.6329363787235589,0.9748603351955307,179,692,0.41412978187367766,6401.095321999284,10361.955474402394,13493.169181965706,2.107946922082598,2.0,0.40161290322580645,1.3527074018877299,1.85652383245065,aux_base,1
139,2734,3142,1873,7749,295,83,153,209,21,109,1,0.6266050911707716,0.9650092081031308,181,701,0.42091593485924256,6395.528968391445,10361.955474402394,13493.169181965706,2.109781575324395,2.0,0.41217298451681794,1.3663168415792104,1.8726437892701788,aux_base,1
140,2729,3134,1875,7738,322,50,129,141,23,136,3,0.6187993334356284,0.9528985507246376,184,697,0.42928108428002965,6388.019894628951,10361.955474402394,13493.169181965706,2.1122616091585384,2.0,0.4053333333333333,1.3672344689378757,1.875878787878788,aux_base,1
141,2727,3122,1869,7718,356,56,120,148,23,134,3,0.6259111911131372,0.9637681159420289,184,697,0.42133294049353376,6379.55974508305,10361.955474402394,13493.169181965706,2.115062750586412,2.0,0.3873729266987694,1.3560417702635505,1.8620024125452352,aux_base,1
142,2733,3136,1879,7748,337,51,148,155,21,114,6,0.6222850761986185,0.9581105169340463,187,705,0.42511333898210485,6370.433603843019,10361.955474402394,13493.169181965706,2.1180927423567897,2.0,0.3704097924427887,1.3583499005964215,1.8598175708113298,aux_base,1
143,2757,3159,1893,7809,291,85,138,195,23,73,4,0.6298546921230822,0.9696969696969697,187,710,0.4167259282639039,6365.505295956582,10361.955474402394,13493.169181965706,2.119732614241429,2.0,0.3924986793449551,1.3601381351751356,1.8650585144494864,aux_base,1
144,2777,3187,1906,7870,252,100,163,230,26,101,3,0.6294238033737782,0.9689716312056738,188,714,0.4171538614542182,6364.680955660574,10361.955474402394,13493.169181965706,2.120007157619621,2.0,0.41395592864637987,1.36194212849436,1.867141162514828,aux_base,1
145,2779,3192,1909,7880,264,65,144,179,30,131,5,0.619730053949843,0.9539930555555557,192,719,0.4277947511271404,6363.200894805931,10367.201376672641,13494.455592018674,2.1207024287153575,2.0,0.4112100576217915,1.3689655172413793,1.8797709923664123,aux_base,1
146,2782,3190,1908,7880,290,61,146,156,29,144,1,0.6244057582957331,0.961139896373057,193,725,0.4225961062694921,6359.843521074576,10367.201376672641,13494.455592018674,2.1218219516411336,2.0,0.42033542976939203,1.3717948717948718,1.8824653607262303,aux_base,1
147,2805,3213,1925,7943,246,82,153,208,26,86,3,0.6209550320879555,0.9557823129251701,196,724,0.4263231970825794,6359.643408004099,10367.201376672641,13494.455592018674,2.121888717067826,2.0,0.42597402597402595,1.3777013752455796,1.8907402999285885,aux_base,1
148,2813,3212,1926,7951,261,63,147,168,29,137,4,0.6255253602907858,0.9627749576988157,197,727,0.42127495348981603,6358.652563952917,10367.201376672641,13494.455592018674,2.1222193627182104,2.0,0.4179646936656282,1.3891358024691358,1.896255664202242,aux_base,1
149,2829,3254,1942,8025,209,110,169,261,29,89,1,0.6257932957013674,0.9631490787269681,199,736,0.4210467740201554,6358.652563952917,10367.201376672641,13502.210387302244,2.123438928531183,2.0,0.44644696189495364,1.4259072580645162,1.9516050583657587,aux_base,1
150,2838,3249,1941,8028,235,71,151,189,38,140,1,0.6300704709129604,0.9696969696969697,198,742,0.41634235879325027,6358.652563952917,10367.201376672641,13503.03123265294,2.1235680196149374,2.0,0.45182895414734675,1.4290030211480362,1.9542356377799415,aux_base,1
151,2830,3244,1941,8015,280,48,148,148,36,157,0,0.6339198634816308,0.9755892255892257,198,732,0.412072638406355,6357.241358628145,10367.201376672641,13503.03123265294,2.1240394175574946,2.0,0.4337970118495621,1.427850655903128,1.9544013655206047,aux_base,1
152,2831,3244,1934,8009,303,47,136,145,30,131,2,0.6262108334213697,0.9636963696369638,202,735,0.4204393723394331,6353.31980288143,10367.201376672641,13503.952845953205,2.125495530671813,2.0,0.43381592554291626,1.4226130653266331,1.949136042832806,aux_base,1
153,2822,3227,1936,7985,349,60,169,174,27,190,2,0.6232737704727669,0.9591503267973858,204,735,0.4234866342836634,6346.1985881914325,10367.201376672641,13503.952845953205,2.1278805978559237,2.0,0.43543388429752067,1.4117058529264632,1.9320106460198403,aux_base,1
154,2810,3221,1928,7959,396,67,191,191,25,215,2,0.6232892040561271,0.9591503267973858,204,734,0.4232932187494631,6335.814628265949,10367.201376672641,13503.952845953205,2.131368046297956,2.0,0.44553941908713696,1.4042978510744628,1.9238578680203047,aux_base,1
155,2817,3231,1931,7979,394,47,137,137,22,114,1,0.627019709109504,0.9648692810457516,204,739,0.4190217596690538,6324.291713204881,10367.201376672641,13503.952845953205,2.135251417602617,2.0,0.42516830657690313,1.405688622754491,1.9286922890983804,aux_base,1
0,2158,1443,854,4455,269,24,45,45,27,64,0,2.7960043930780468e-05,0.03960832151777864,150,702,1.003736288938464,5833.333333333333,9166.666666666666,12500.0,2.142857142857143,1.0,0.3372365339578454,1.0018570102135562,1.0022497187851518,cost_plateau,0
1,2168,1450,864,4482,260,38,92,92,21,62,0,3.409131232401352e-05,0.043229853876958366,149,696,1.0037056262832784,5833.333333333333,9166.666666666666,12500.0,2.142857142857143,1.0,0.4305555555555556,1.0041685965724874,1.0074173971679028,cost_plateau,0
2,2155,1428,849,4432,324,33,61,61,19,106,0,4.1052992202114705e-05,0.046585558574944945,149,689,1.0037530031385122,5833.333333333333,9166.666666666666,12500.0,2.142857142857143,1.0,0.44758539458186103,1.018431001890359,1.0153493699885452,cost_plateau,0
3,2157,1437,857,4451,320,32,73,73,16,53,0,5.1878097562881656e-05,0.05266673024040091,149,694,1.0036152845087776,5831.804495335029,9166.666666666666,12500.0,2.143418904045735,1.0,0.44457409568261375,1.025190114068441,1.0243958573072498,cost_plateau,0
4,2147,1426,849,4422,357,29,57,57,15,84,5,6.435488955288453e-05,0.058433752017830125,150,684,1.003380383451014,5827.69516474127,9166.666666666666,12500.0,2.1449303106359303,1.0,0.4409893992932862,1.018984337921215,1.0179558011049723,cost_plateau,0
5,2147,1433,856,4436,352,38,82,82,14,66,3,8.121722686463624e-05,0.06594007107964701,150,684,1.0029956602264436,5822.038584786903,9166.666666666666,12500.0,2.147014283392545,1.0,0.4532710280373832,1.0117813383600378,1.0158003205862147,cost_plateau,0
6,2131,1418,847,4396,398,27,51,51,13,87,3,0.00010164764029718022,0.07377549207644052,150,677,1.0024621967712142,5813.13057416427,9166.666666666666,12500.0,2.1503043567530864,1.0,0.4472929667734863,0.99719232569022,0.998863894569416,cost_plateau,0
7,2129,1423,844,4396,406,30,70,70,12,66,0,0.00012739966462538442,0.08264127406831022,150,673,1.001824937801943,5802.706530219402,9166.666666666666,12500.0,2.154167186450384,1.0,0.44609004739336494,1.0,1.0018231540565177,cost_plateau,0
8,2115,1417,851,4383,428,34,88,88,11,101,2,0.00016027713184646312,0.09290108916081975,149,673,1.0009792305810135,5789.66544545641,9166.666666666666,12500.0,2.159019397193269,1.0,0.44653349001175086,1.0119617224880382,1.0202513966480447,cost_plateau,0
9,2105,1412,840,4357,459,29,52,52,10,76,3,0.00019344710648439353,0.10017178267312399,149,663,1.0000824990809705,5774.624252752751,9166.666666666666,12500.0,2.1646430058269637,1.0,0.4485714285714285,1.0028585040495475,1.00437989857077,cost_plateau,0
10,2069,1385,826,4280,541,27,57,57,10,132,3,0.00023985118878542847,0.11093783801532237,146,652,0.9987620044350632,5754.626766956418,9164.281153676793,12500.0,2.1721651996226967,1.0,0.45036319612590797,0.9866475917978064,0.9866297833102813,cost_plateau,0
11,2082,1395,828,4305,517,32,73,73,9,46,6,0.00028606006014961845,0.11816215654812516,146,658,0.9976157677010816,5735.832099239708,9164.281153676793,12500.0,2.1792827585829944,1.0,0.4504830917874396,1.007256894049347,1.0100891600187705,cost_plateau,0
12,2102,1399,834,4335,491,41,81,81,9,51,5,0.00033383524400012213,0.12313289472710146,147,660,0.9965690303350495,5718.946523875048,9164.281153676793,12500.0,2.1857172379241345,1.0,0.4676258992805755,1.011063011063011,1.0060338825713622,cost_plateau,0
13,2108,1403,831,4342,484,34,74,74,9,63,5,0.0003972677121015625,0.1308255857868761,146,658,0.9955371276700258,5702.409529223189,9164.281153676793,12500.0,2.1920558206037533,1.0,0.4645006016847172,1.004287756074321,1.00462748727441,cost_plateau,0
14,2083,1402,830,4315,515,21,59,59,9,85,4,0.0004686485322503843,0.1377784425929432,145,654,0.994299249886184,5682.509283723246,9164.281153676793,12500.0,2.199732437886992,1.0,0.4506024096385542,0.9783936120244247,0.9797910990009082,cost_plateau,0
15,2078,1391,823,4292,535,28,52,52,9,69,6,0.0005436411368136075,0.1426721555323575,146,651,0.9929809300196698,5661.509913096588,9164.281153676793,12500.0,2.207891568128169,1.0,0.44957472660996356,0.9701213818860878,0.9708210812033476,cost_plateau,0
16,2097,1402,835,4334,490,42,88,88,8,45,10,0.0006314756643027805,0.1479302588041003,147,650,0.991785863058493,5642.778060672394,9164.281153676793,12500.0,2.215220918773917,1.0,0.45868263473053894,0.9717330861909175,0.9730579254602605,cost_plateau,0
17,2088,1394,827,4309,508,22,48,48,9,69,12,0.0007441162608240576,0.1555996798170375,147,647,0.9905283491575388,5623.367640258226,9164.281153676793,12500.0,2.222867292280751,1.0,0.4437726723095526,0.9707112970711297,0.9709328526363227,cost_plateau,0
18,2087,1400,832,4319,492,23,59,59,9,45,11,0.0008769153816094655,0.16368233486423403,147,646,0.9892841929827106,5604.104566122115,9164.281153676793,12500.0,2.230507987942426,1.0,0.4362980769230769,0.9747781410555815,0.9782559456398641,cost_plateau,0
19,2095,1409,834,4338,466,31,69,69,9,47,13,0.0010201835137985578,0.16999002664324095,147,645,0.9880640393935237,5585.529265983225,9164.281153676793,12500.0,2.237925790869456,1.0,0.4364508393285372,0.9821847163619315,0.9847900113507378,cost_plateau,0
20,2094,1406,831,4331,468,32,65,65,9,68,10,0.0011904162334712394,0.1770872901925518,147,639,0.9868028115944117,5566.998879857431,9164.281153676793,12500.0,2.24537498026587,1.0,0.43561973525872444,0.9896030245746692,0.9924381301558204,cost_plateau,0
21,2099,1403,832,4334,460,31,67,67,9,61,11,0.0013972129339858603,0.185590691553096,147,637,0.9855372423192554,5549.194473162553,9164.281153676793,12500.0,2.2525791915301356,1.0,0.4375,0.9952584163110479,0.9942647396191787,cost_plateau,0
22,2100,1400,832,4332,456,26,55,55,9,56,14,0.0016253991315838207,0.19281521265099902,147,636,0.9842976136435797,5532.045716069763,9164.281153676793,12500.0,2.259561948971133,1.0,0.4362980769230769,0.9943181818181818,0.9926672777268561,cost_plateau,0
23,2088,1402,823,4313,473,24,58,58,9,72,6,0.0018899474485137167,0.20027384076774848,146,627,0.9829660792671084,5513.208321722021,9164.281153676793,12500.0,2.267282364562581,1.0,0.4313487241798299,0.9825882352941177,0.9833561331509348,cost_plateau,0
24,2098,1397,827,4322,460,33,68,68,9,57,11,0.0021753554688409447,0.20598160332482612,146,629,0.9816152174782756,5495.656066656947,9164.281153676793,12500.0,2.274523705338761,1.0,0.4195888754534462,0.9868297271872061,0.9856328392246294,cost_plateau,0
25,2111,1413,835,4359,417,38,92,93,9,54,14,0.002490432314914572,0.21079202937300054,147,632,0.9804371960749023,5480.004905512084,9164.281153676793,12500.0,2.2810198559177977,1.0,0.42035928143712575,0.9864485981308411,0.9897820163487738,cost_plateau,0
26,2096,1397,835,4328,448,30,64,69,9,93,7,0.0028857795046743004,0.2184291814063825,147,632,0.9790322001642829,5462.526197055287,9164.281153676793,12500.0,2.288318545133649,1.0,0.4311377245508982,0.9767008387698043,0.9783001808318263,cost_plateau,0
27,2082,1395,834,4311,462,26,59,59,9,75,11,0.0033341327109608814,0.22579633236912972,147,632,0.9775627911208946,5443.731176419794,9164.281153676793,12500.0,2.2962191913783916,1.0,0.4292565947242206,0.9765478424015009,0.9795501022494888,cost_plateau,0
28,2080,1392,826,4298,472,49,96,96,9,107,10,0.0038931937106010048,0.23603631934828753,146,624,0.9758915965414571,5424.778267712357,9164.281153676793,12500.0,2.3042416451191254,1.0,0.44188861985472155,0.9746954076850984,0.9770402364173676,cost_plateau,0
29,2061,1374,821,4256,513,37,72,72,9,114,10,0.0044418087548795055,0.2412459688043885,145,621,0.9741230510416699,5403.691021744854,9164.281153676793,12500.0,2.313233667450465,1.0,0.4628501827040195,0.9763145428706774,0.9761467889908257,cost_plateau,0
30,2076,1385,824,4285,481,34,70,70,8,40,10,0.0051678053975133245,0.25162906754033787,145,622,0.972313502227684,5384.529467078789,9164.281153676793,12500.0,2.321465612998398,1.0,0.47451456310679613,0.9829545454545454,0.9805491990846682,cost_plateau,0
31,2097,1401,833,4331,433,42,91,94,9,43,9,0.005965474601082518,0.26062842141043696,146,627,0.9705978270128459,5367.653832207723,9164.281153676793,12500.0,2.3287641846416784,1.0,0.48259303721488594,0.9771668219944082,0.9774317309862334,cost_plateau,0
32,2103,1412,837,4352,413,27,61,65,9,38,6,0.006856067513861733,0.26901974138879636,147,632,0.9688606272341884,5351.206762237577,9164.281153676793,12500.0,2.335921700542402,1.0,0.4743130227001195,0.9758700696055684,0.9781973477185885,cost_plateau,0
33,2099,1407,834,4340,419,28,58,61,9,66,11,0.007891977562096617,0.2784078486582204,148,627,0.9669029715908299,5334.560507282877,9164.281153676793,12500.0,2.343210838631352,1.0,0.4724220623501199,0.9735621521335807,0.9770373705538046,cost_plateau,0
34,1959,1316,780,4055,704,21,52,52,9,334,6,0.009250363722897219,0.293724755131245,147,584,0.9635945639673577,5307.887704746462,9150.990774373357,12500.0,2.3549857674686954,1.0,0.4987179487179487,0.906524757056918,0.9098048014359434,cost_plateau,0
35,2005,1337,795,4137,618,59,113,113,8,27,8,0.010702533939863482,0.3062667890722155,147,588,0.960337048087043,5281.34826622273,9144.225112947754,12500.0,2.366819866802709,1.0,0.5333333333333333,0.9321245932124593,0.9321766561514195,cost_plateau,0
36,2014,1341,796,4151,604,29,57,57,8,41,6,0.012208299031318778,0.3152763001403513,146,591,0.9571667930148718,5255.303379095827,9138.70266961617,12500.0,2.378549647527793,1.0,0.5276381909547738,0.9319759370661731,0.9290510295434199,cost_plateau,0
37,2001,1334,792,4127,629,36,77,77,8,100,6,0.014205744882100383,0.33155796889775335,145,584,0.9535117149118326,5229.026862200348,9131.017992083562,12500.0,2.39050215831939,1.0,0.5277777777777778,0.9263888888888889,0.9253363228699552,cost_plateau,0
38,2006,1350,799,4155,592,27,71,71,8,41,15,0.016312826290248474,0.344638512913882,145,583,0.9500915873914799,5202.881727889346,9128.28548703786,12500.0,2.402514731979287,1.0,0.5193992490613266,0.925703737886479,0.9266280107047279,cost_plateau,0
39,2006,1342,796,4144,589,22,44,44,8,53,20,0.018660430944951328,0.35745061346846685,145,584,0.9461891126433382,5177.685006448004,9123.643985942756,12500.0,2.4142063459699052,1.0,0.5163316582914573,0.921875,0.9221183800623053,cost_plateau,0
40,2001,1333,793,4127,599,40,86,86,8,102,14,0.02096678493789631,0.36479074482294765,144,579,0.9422653457266056,5152.516177440509,9116.501051641686,12500.0,2.4259991758452517,1.0,0.5069356872635561,0.9128649635036497,0.9132551449435716,cost_plateau,0
41,1978,1315,781,4074,647,23,44,44,8,95,11,0.02377436384106085,0.37638196517434575,141,570,0.9376510746644051,5126.753596553306,9104.073397798036,12500.0,2.4381901264776396,1.0,0.4967989756722151,0.9015496809480401,0.8993377483443709,cost_plateau,0
42,1946,1301,774,4021,690,20,46,46,8,98,17,0.026978269057642477,0.3893670439493772,140,559,0.9327428814601244,5101.1198285705395,9087.882877057968,12500.0,2.4504423381684823,1.0,0.48320413436692505,0.8769716088328076,0.8760348583877996,cost_plateau,0
43,1953,1309,772,4034,668,37,79,79,8,63,14,0.029938443165104172,0.3946729490638259,140,561,0.9280071404204175,5075.614229427687,9074.46743090612,12500.0,2.4627561187622935,1.0,0.47797927461139894,0.8805229936880072,0.8821342663459436,cost_plateau,0
44,1947,1305,775,4027,670,27,61,61,8,67,12,0.033625964970219406,0.40569286160846396,139,559,0.9226984966921646,5050.236158280549,9060.111363983433,12500.0,2.4751317776505464,1.0,0.4761290322580645,0.8742703188145488,0.8760060909288666,cost_plateau,0
45,1939,1292,773,4004,679,26,44,44,8,67,22,0.0375247764943945,0.4151575793940522,140,549,0.9169749018642357,5024.984977489146,9042.85695394554,12500.0,2.487569625779443,1.0,0.47477360931435963,0.8598669623059867,0.8625592417061612,cost_plateau,0
46,1939,1299,776,4014,653,32,71,71,8,60,23,0.0415569768131314,0.4224429854687172,142,545,0.9114436163919293,4999.860052601701,9028.893445877025,12500.0,2.500069975657732,1.0,0.48711340206185566,0.8587245349867139,0.8621134020618557,cost_plateau,0
47,1953,1309,782,4044,613,33,72,72,8,42,18,0.046476951955006576,0.4349515843569383,143,547,0.9052083390150613,4974.860752338693,9019.70941680493,12500.0,2.5126331413645544,1.0,0.45012787723785164,0.863395225464191,0.866695242177454,cost_plateau,0
48,1963,1311,784,4058,582,34,75,75,7,57,20,0.052329725417875755,0.4517186697115945,141,547,0.8981727470213928,4951.264145054376,9011.713968953007,12500.0,2.5246077837486736,1.0,0.45535714285714285,0.8655202821869489,0.8669087801751763,cost_plateau,0
49,1962,1315,791,4068,568,25,64,64,7,53,10,0.05838402049602923,0.46574760053820413,140,536,0.8912844814785396,4927.847186064599,9005.246884961512,12500.0,2.5366046324140497,1.0,0.43742098609355246,0.866225165562914,0.8703465982028241,cost_plateau,0
50,1961,1316,791,4068,557,29,62,62,7,60,16,0.06436377614378061,0.4753764975601075,142,535,0.88439975097449,4904.951713858067,8999.939444768443,12500.0,2.548445067192706,1.0,0.43994943109987356,0.8654015887025596,0.869416541996153,cost_plateau,0
51,1967,1326,798,4091,527,39,82,82,8,59,15,0.0719236161380599,0.49271090926134437,143,532,0.8764257850958332,4883.127061787787,8998.595055473788,12500.0,2.559835089653301,1.0,0.4573934837092732,0.8876353790613718,0.8940122377622378,cost_plateau,0
52,1959,1322,796,4077,526,33,75,75,7,88,21,0.08160116119427616,0.5194119366547447,141,525,0.8664434379515658,4861.603979451755,8996.575980128931,12500.0,2.5711678805663705,1.0,0.44974874371859297,0.8888384754990926,0.8958470665787739,cost_plateau,0
53,1954,1323,792,4069,524,22,46,46,8,53,17,0.08993190363467457,0.5328266432773099,142,518,0.8576937924879425,4840.347149440194,8995.154483716271,12500.0,2.582459400963767,1.0,0.45075757575757575,0.884963768115942,0.8921289190966893,cost_plateau,0
54,1945,1317,792,4054,532,23,53,53,8,66,13,0.09907043852269905,0.5473100803125349,143,513,0.8482036786567931,4818.597608343605,8992.14778159342,12500.0,2.5941157606428313,1.0,0.45454545454545453,0.8745503597122302,0.8816876903001305,cost_plateau,0
55,1935,1329,795,4059,517,25,74,74,8,65,14,0.10988572891253981,0.5670443197004049,142,513,0.8376516650198348,4796.172596397083,8992.14778159342,12500.0,2.6062448230887445,1.0,0.4377358490566038,0.8696629213483146,0.8854712041884817,cost_plateau,0
56,1922,1330,791,4043,517,27,62,62,8,74,20,0.12233139131531436,0.5907284309467242,141,510,0.825451656532836,4773.449982215612,8992.14778159342,12500.0,2.618651090211714,1.0,0.43994943109987356,0.8704710144927537,0.8858457493426819,cost_plateau,0
57,1912,1324,789,4025,521,28,54,54,8,70,20,0.1333423946431584,0.603683435429599,140,504,0.8144781288678745,4750.570342645682,8992.14778159342,12500.0,2.631263005999089,1.0,0.4435994930291508,0.867513611615245,0.8834503950834065,cost_plateau,0
58,1909,1334,794,4037,503,32,75,82,8,62,13,0.1457168452073218,0.6197213862086448,140,500,0.8025205125360005,4727.661854599913,8992.14778159342,12500.0,2.6440131262428954,1.0,0.44080604534005036,0.8526127735596248,0.8739987010175363,cost_plateau,0
59,1894,1331,791,4016,520,20,46,46,8,65,10,0.15867183353395067,0.6352308317930137,140,497,0.789935680375897,4704.023545326913,8992.14778159342,12500.0,2.6572996243647187,1.0,0.42604298356510745,0.8842203548085901,0.9094202898550725,cost_plateau,0
60,1874,1335,791,4000,531,19,53,56,9,65,10,0.17077080809511638,0.6449678109098128,141,486,0.7783813700629809,4680.503427600279,8992.14778159342,12500.0,2.6706528888087626,1.0,0.40707964601769914,0.8798122065727699,0.9097111667045713,cost_plateau,0
61,1859,1330,797,3986,543,23,61,67,9,74,10,0.1843312446218634,0.6582824766828098,140,476,0.7654993819554453,4657.100910462277,8992.14778159342,12500.0,2.6840732550841837,1.0,0.4015056461731493,0.8650535132619823,0.9005874378671487,cost_plateau,0
62,1846,1340,801,3987,535,25,71,77,9,68,14,0.19736149833395444,0.6680454369369508,141,475,0.7532375918239598,4633.815405909966,8992.14778159342,12500.0,2.697561060386114,1.0,0.3945068664169788,0.8634237605238541,0.9028532608695652,cost_plateau,0
63,1835,1354,810,3999,515,23,71,81,9,56,14,0.21160928182958935,0.6805934789429586,140,471,0.7400428788069481,4610.646328880416,8992.14778159342,12500.0,2.711116643604135,1.0,0.37037037037037035,0.8582787652011226,0.9063916591115141,cost_plateau,0
64,1810,1354,810,3974,533,18,48,54,9,73,16,0.22511125180977362,0.6897107412416067,141,468,0.7274603466628121,4587.593097236014,8992.14778159342,12500.0,2.724740345330789,1.0,0.35185185185185186,0.839907192575406,0.8916311420237828,cost_plateau,0
65,1805,1367,816,3988,507,26,69,74,8,54,19,0.2356550702577016,0.6895825890652787,144,467,0.7175763957104797,4564.655131749833,8992.14778159342,12505.63725490196,2.739667487236434,1.0,0.3541666666666667,0.8337182448036952,0.8907750725932544,cost_plateau,0
66,1789,1379,823,3991,490,25,78,87,8,73,20,0.2486611735931999,0.6967591590432374,146,460,0.7057290041288179,4541.831856091084,8992.14778159342,12511.016350391918,2.754619005459945,1.0,0.353584447144593,0.8248040571692024,0.892841163310962,cost_plateau,0
67,1759,1380,824,3963,505,21,61,67,8,87,19,0.2610299609518646,0.7021742277876716,147,459,0.6943929505954686,4519.122696810628,8992.14778159342,12511.016350391918,2.768461312020045,1.0,0.3483009708737864,0.8083639705882353,0.8836120401337793,cost_plateau,0
68,1742,1388,830,3960,497,37,59,88,8,60,17,0.2770897739277256,0.7173746525311696,148,454,0.6797647675701568,4496.527083326575,8992.14778159342,12511.016350391918,2.7823731779095935,1.0,0.3578313253012048,0.7918181818181819,0.8743652020313535,cost_plateau,0
69,1699,1383,825,3907,539,20,62,62,8,112,16,0.2948313541414152,0.7364223946351388,147,450,0.6638007754531464,4474.044447909942,8992.14778159342,12511.016350391918,2.796354952672958,1.0,0.3503030303030303,0.772975432211101,0.8607622824410663,cost_plateau,0
70,1661,1376,823,3860,574,24,78,78,8,124,19,0.31051512459038183,0.7500278368120096,147,442,0.649655415212509,4451.674225670393,8992.14778159342,12511.016350391918,2.810406987611013,1.0,0.34143377885783716,0.7509041591320073,0.8453788874288217,cost_plateau,0
71,1638,1375,822,3835,585,19,44,44,8,66,19,0.32677004740473425,0.7649655073314229,148,437,0.6348606076775773,4429.4158545420405,8992.14778159342,12511.016350391918,2.824529635789963,1.0,0.340632603406326,0.7365107913669064,0.8366055846422339,cost_plateau,0
72,1616,1376,822,3814,598,24,65,65,7,85,14,0.34072747493936045,0.7746783118090927,148,435,0.6221609195666737,4407.26877526933,8992.14778159342,12511.016350391918,2.8387232520502144,1.0,0.3467153284671533,0.7256398742703188,0.8289502282112584,cost_plateau,0
73,1586,1376,811,3773,618,19,59,59,7,98,26,0.35089785107266946,0.7763599622263855,149,431,0.6127896977815732,4385.232431392983,8992.14778159342,12511.016350391918,2.852988193015291,1.0,0.34648581997533906,0.7173224785165083,0.82686828840675,cost_plateau,0
74,1578,1383,819,3780,603,24,68,69,7,60,14,0.36396720095311497,0.7850731180337652,150,432,0.600891230227533,4363.306269236018,8992.14778159342,12511.016350391918,2.867324817100795,1.0,0.3418803418803419,0.7092134831460675,0.8224543080939948,cost_plateau,0
75,1550,1370,820,3740,627,21,68,70,7,106,21,0.3758861552757363,0.7917933933898975,150,426,0.5900732229971835,4341.489737889838,8992.14778159342,12511.016350391918,2.881733484523412,1.0,0.33902439024390246,0.693822739480752,0.8111038820212535,cost_plateau,0
76,1523,1372,819,3714,639,13,53,55,8,77,20,0.3887385258516046,0.8009592588790478,151,425,0.5785669997222875,4319.782289200389,8992.14778159342,12511.016350391918,2.896214557309962,1.0,0.3333333333333333,0.6838796587337225,0.807742496737712,cost_plateau,0
77,1508,1380,820,3708,624,28,60,82,7,64,26,0.39935556103024455,0.806027663970489,153,420,0.5689374284358604,4298.183377754387,8992.14778159342,12511.016350391918,2.910768399306494,1.0,0.3353658536585366,0.6720142602495544,0.8010369410239793,cost_plateau,0
78,1497,1387,824,3708,605,25,61,66,7,60,25,0.4152105804976305,0.8220344451702509,153,416,0.5546716957729383,4276.692460865615,8992.14778159342,12511.016350391918,2.925395376187431,1.0,0.3337378640776699,0.6683035714285714,0.8013831856494489,cost_plateau,0
79,1447,1365,821,3633,666,14,52,52,8,127,22,0.4296586325237219,0.8354648192541718,152,406,0.541994301943544,4255.308998561287,8992.14778159342,12511.016350391918,2.9400958554647554,1.0,0.3264311814859927,0.6506294964028777,0.791848299912816,cost_plateau,0
80,1408,1351,811,3570,707,18,70,70,7,132,28,0.4441253662408475,0.8491923422134116,151,398,0.5290973284038093,4234.03245356848,8992.14778159342,12511.016350391918,2.9548702064972416,1.0,0.3070283600493218,0.6336633663366337,0.7791357485814056,cost_plateau,0
81,1399,1348,805,3552,702,18,47,47,7,61,26,0.45333800226989907,0.8532886956488775,152,401,0.5204745863781841,4212.862291300638,8992.14778159342,12511.016350391918,2.9697188004997397,1.0,0.306832298136646,0.6304641730509238,0.7760541839632947,cost_plateau,0
82,1372,1344,803,3519,716,14,53,53,7,84,24,0.4650731853962246,0.862608871087474,152,398,0.5100469875981263,4191.797979844136,8992.14778159342,12511.016350391918,2.984642010552502,1.0,0.29514321295143214,0.6169064748201439,0.7676701570680629,cost_plateau,0
83,1357,1343,801,3501,711,14,53,53,7,70,29,0.4697209498134055,0.8593448412806258,152,393,0.5056911063574137,4170.838989944915,8992.14778159342,12511.016350391918,2.9996402116105547,1.0,0.28963795255930086,0.607158836689038,0.7604257167680278,cost_plateau,0
84,1358,1353,803,3514,682,21,58,58,7,43,21,0.4725378356744366,0.8534707468157432,155,397,0.502825892162232,4149.98479499519,8992.14778159342,12511.016350391918,3.0147137805131208,1.0,0.2851805728518057,0.6106115107913669,0.7660780466535863,cost_plateau,0
85,1352,1356,807,3515,660,15,54,54,7,49,24,0.47722393276105335,0.851655797633934,158,393,0.4984240902570184,4129.234871020214,8992.14778159342,12511.016350391918,3.029863095993086,1.0,0.2788104089219331,0.609009009009009,0.7689783417195362,cost_plateau,0
86,1352,1365,815,3532,611,31,93,100,7,73,36,0.4794756335799529,0.8461384018188088,161,394,0.49618169504202203,4108.588696665113,8992.14778159342,12511.016350391918,3.0450885386865187,1.0,0.2846625766871166,0.6098331078033379,0.7718531468531469,cost_plateau,0
87,1339,1353,811,3503,618,31,79,79,7,105,26,0.49281792362784144,0.8606311554419973,161,392,0.484055525243616,4088.045753181788,8992.14778159342,12511.016350391918,3.0603904911422295,1.0,0.29839704069050554,0.5985695127402771,0.7585534863577306,cost_plateau,0
88,1315,1354,813,3482,624,24,72,75,6,90,18,0.506446618772163,0.8758381292833949,162,385,0.47213600210516654,4067.605524415879,8992.14778159342,12511.016350391918,3.0757693378313866,1.0,0.3111931119311193,0.5910112359550562,0.757615317667537,cost_plateau,0
89,1326,1362,814,3502,581,32,68,75,6,46,27,0.522775390903368,0.8958830702929206,162,379,0.4572411218305457,4047.267496793799,8992.14778159342,12511.016350391918,3.0912254651571724,1.0,0.3157248157248157,0.5940860215053764,0.7601476014760148,cost_plateau,0
90,1327,1376,816,3519,544,24,70,73,6,50,23,0.5378241012555479,0.913887185519258,162,378,0.44375992851048107,4027.03115930983,8992.14778159342,12511.016350391918,3.106759261464495,1.0,0.3137254901960784,0.6062128825947921,0.7773359840954275,cost_plateau,0
91,1315,1382,819,3516,521,29,57,81,6,56,28,0.5442173491222487,0.9174779921999173,164,376,0.43813880476976536,4006.896003513281,8992.14778159342,12516.546250170722,3.1237512127083176,1.0,0.3308913308913309,0.6113435611343561,0.7888714381871214,cost_plateau,0
92,1312,1382,821,3515,508,28,67,80,6,65,17,0.5527773487890819,0.9250918183478765,164,376,0.4303272232239757,3986.8615234957147,8992.14778159342,12516.546250170722,3.1394484549832335,1.0,0.34226552984165654,0.6099488609948861,0.7891782667265379,cost_plateau,0
93,1309,1391,828,3528,471,33,54,81,6,40,29,0.5626743686499216,0.9352544199738926,164,377,0.4215090967071222,3966.927215878236,8992.14778159342,12516.546250170722,3.155224577872597,1.0,0.357487922705314,0.6004587155963302,0.7846975088967971,cost_plateau,0
94,1299,1398,835,3532,450,30,57,83,6,50,20,0.5648949955178784,0.9330224390103518,166,377,0.4195370139020718,3947.092579798845,8992.14778159342,12516.546250170722,3.1710799777614036,1.0,0.37365269461077844,0.6008325624421832,0.7928170594837262,cost_plateau,0
95,1310,1415,844,3569,393,53,73,116,6,33,23,0.5700199938372501,0.9359818471794045,167,377,0.4147589093708841,3927.3571168998506,8992.14778159342,12516.546250170722,3.1870150530265366,1.0,0.4158767772511848,0.6084533209475151,0.8016621743036837,cost_plateau,0
96,1300,1421,848,3569,386,30,53,81,6,50,10,0.5785496162956888,0.9448443249317146,167,375,0.40727778730020125,3907.7203313153514,8992.14778159342,12521.033313920783,3.204178460157655,1.0,0.42452830188679247,0.604932526756631,0.8040099121423744,cost_plateau,0
97,1291,1415,834,3540,399,20,46,46,6,71,18,0.5822447851970789,0.9461183612279472,166,373,0.4036229028119163,3888.1817296587747,8992.14778159342,12521.033313920783,3.2202798594549296,1.0,0.43764988009592326,0.6052508204406939,0.8025391067785083,cost_plateau,0
98,1294,1416,843,3553,372,22,62,64,6,46,17,0.5851491143851824,0.9464410057714925,167,376,0.4008233819650351,3868.740821010481,8992.14778159342,12521.033313920783,3.2364621703064618,1.0,0.4223013048635824,0.6121097445600757,0.8150952053223216,cost_plateau,0
99,1291,1419,841,3551,353,27,75,82,6,71,21,0.5842117219941022,0.9408941397099786,167,374,0.4013601691545017,3849.3971169054284,8992.14778159342,12521.033313920783,3.2527257993029766,1.0,0.41854934601664684,0.6058188643829188,0.8068620768007271,cost_plateau,0
100,1282,1417,842,3541,358,19,55,67,6,63,9,0.5882822412060256,0.9437261190371016,168,373,0.397691217441073,3830.1501313209014,8992.14778159342,12525.732419059974,3.27029802738835,1.0,0.41211401425178146,0.5990654205607476,0.8024019941083164,cost_plateau,0
101,1277,1422,847,3546,342,26,59,76,6,51,14,0.586693572667284,0.9377732418058531,170,374,0.39917468531229583,3810.999380664297,8992.14778159342,12545.046004112268,3.291799538924495,1.0,0.4025974025974026,0.5950605778191985,0.7995490417136415,cost_plateau,0
102,1285,1429,850,3564,314,41,61,85,6,41,14,0.5935741397295929,0.9456163790607551,170,374,0.3930124880524539,3791.9443837609756,8992.14778159342,12564.232545059733,3.31340106117224,1.0,0.4211764705882353,0.6467035732259688,0.868421052631579,cost_plateau,0
103,1281,1430,854,3565,303,20,57,65,6,54,14,0.5931376678065593,0.9420357764541619,171,379,0.3932159975785765,3772.9846618421707,8992.14778159342,12564.232545059733,3.3300513177610456,1.0,0.40866510538641687,0.6437185929648241,0.8659217877094972,cost_plateau,0
104,1284,1435,857,3576,289,41,61,84,6,48,7,0.6005460752722268,0.9511303155484704,171,378,0.3864716167865333,3754.1197385329597,8992.14778159342,12564.232545059733,3.3467852439809502,1.0,0.4224037339556593,0.642,0.864394488759971,cost_plateau,0
105,1290,1435,858,3583,272,36,66,87,5,54,10,0.6004313513413737,0.9485074648766768,172,382,0.3862405293877983,3737.1477373999137,8992.14778159342,12568.391335319404,3.3630972652057225,1.0,0.4254079254079254,0.6482412060301508,0.8702939033276658,cost_plateau,0
106,1277,1426,849,3552,295,16,50,50,5,78,10,0.6044799855649623,0.9526586741355786,173,373,0.38246381962287396,3719.18531762983,8992.14778159342,12568.391335319404,3.3793398989134036,1.0,0.4134275618374558,0.6401002506265664,0.8625546381738708,cost_plateau,0
107,1244,1404,827,3475,367,20,65,65,5,138,6,0.6081799191968699,0.9564287450068625,173,366,0.3790724608220332,3700.5893910416808,8992.14778159342,12568.391335319404,3.3963215064456316,1.0,0.3845223700120919,0.6270161290322581,0.8467348927875243,cost_plateau,0
108,1221,1389,816,3426,407,21,55,55,5,101,11,0.6139812905996974,0.963654178532874,173,361,0.37389235352446115,3682.0864440864725,8992.14778159342,12568.391335319404,3.413388448689077,1.0,0.3786764705882353,0.6111111111111112,0.8301429609886116,cost_plateau,0
109,1216,1378,820,3414,411,25,73,73,5,83,11,0.6199952481067222,0.9713461150167876,170,357,0.36843939388682856,3663.67601186604,8992.14778159342,12568.391335319404,3.430541154461384,1.0,0.3829268292682927,0.6160081053698075,0.8341070119716589,cost_plateau,0
110,1225,1398,821,3444,374,28,73,73,5,41,10,0.6214316673552431,0.9720010110303345,171,361,0.36692100093934416,3645.35763180671,8992.14778159342,12568.391335319404,3.4477800547350594,1.0,0.38976857490864797,0.6149598393574297,0.8347067377605429,cost_plateau,0
111,1238,1402,837,3477,336,30,84,84,5,47,6,0.6159603649077239,0.9620028707957476,174,366,0.37139817670631603,3627.130843647676,8992.14778159342,12568.391335319404,3.465105582648301,1.0,0.3859020310633214,0.6397932816537467,0.8681647940074907,cost_plateau,0
112,1216,1389,828,3433,376,20,58,58,5,98,5,0.6213729408277199,0.9691335254490843,171,356,0.36661472535973344,3608.9951894294377,8992.14778159342,12568.391335319404,3.48251817351588,1.0,0.391304347826087,0.6313603322949117,0.8599699398797596,cost_plateau,0
113,1231,1401,836,3468,340,30,77,77,5,41,5,0.619150530441516,0.964468020456163,172,360,0.3681873784520367,3590.9502134822906,8992.14778159342,12568.391335319404,3.500018264840081,1.0,0.3923444976076555,0.6332304526748971,0.8659176029962546,cost_plateau,0
114,1220,1400,836,3456,350,23,63,63,5,72,4,0.6207139171549919,0.9658096618449312,169,359,0.3667693588815148,3572.995462414879,8992.14778159342,12568.391335319404,3.517606296321689,1.0,0.3708133971291866,0.623721881390593,0.852491366551554,cost_plateau,0
115,1227,1403,839,3469,330,26,61,68,5,45,9,0.6264295085134847,0.9736992081960161,169,357,0.36148138615740494,3555.130485102805,8992.14778159342,12568.391335319404,3.535282709871044,1.0,0.3766388557806913,0.6212658227848101,0.8481662591687041,cost_plateau,0
116,1226,1399,842,3467,326,22,61,65,6,62,11,0.6280770294207761,0.9753451676528601,169,358,0.3598182838943963,3537.3548326772907,8992.14778159342,12568.391335319404,3.55304794961914,1.0,0.3527315914489311,0.620131512392514,0.8466422466422466,cost_plateau,0
117,1227,1411,840,3478,306,19,61,67,6,45,10,0.6255470909544832,0.9705882352941176,170,359,0.3617956716035986,3519.6680585139043,8992.14778159342,12568.391335319404,3.570902461928784,1.0,0.3333333333333333,0.6141141141141141,0.8405026582890285,cost_plateau,0
118,1240,1409,845,3494,289,28,72,77,6,54,5,0.6298266222006537,0.9764705882352941,170,363,0.3576309763173767,3502.069718221335,8992.14778159342,12568.391335319404,3.5888466954058127,1.0,0.3455621301775148,0.6166086524117355,0.8378896882494005,cost_plateau,0
119,1247,1418,843,3508,265,27,64,69,7,48,15,0.6266948710902382,0.9709302325581395,172,364,0.35999582260345664,3485.7716245326897,8992.14778159342,12568.391335319404,3.6056267274837177,1.0,0.35468564650059314,0.6148915187376726,0.8392344497607656,cost_plateau,0
120,1247,1420,845,3512,249,25,70,77,7,63,16,0.6200371913721787,0.96,175,369,0.3655501345005316,3470.7054485138206,8992.14778159342,12568.391335319404,3.6212785906972527,1.0,0.3585798816568047,0.6164112703905091,0.8411976047904192,cost_plateau,0
121,1249,1429,849,3527,235,44,80,102,8,64,6,0.614783160804351,0.9513108614232209,178,371,0.3699685552312273,3457.2064404038897,8992.14778159342,12568.391335319404,3.635418234917755,1.0,0.3792697290930506,0.6213930348258706,0.848040394325559,cost_plateau,0
122,1254,1431,851,3536,224,39,79,95,8,65,5,0.6182947488416789,0.9562383612662944,179,376,0.3667001918155799,3444.9365174786376,8992.14778159342,12568.391335319404,3.6483666016923464,1.0,0.391304347826087,0.6263736263736264,0.8532818532818532,cost_plateau,0
123,1233,1420,845,3498,260,18,52,52,8,87,7,0.6181504559446057,0.9555555555555556,180,371,0.366846849931107,3430.1638465396795,8992.14778159342,12568.391335319404,3.6640790054382655,1.0,0.37988165680473374,0.6137381781981085,0.8414722155400529,cost_plateau,0
124,1249,1433,848,3530,225,37,83,88,7,49,8,0.6181578660292114,0.9551496505128727,182,370,0.36647640831067213,3417.704486136441,8992.14778159342,12568.391335319404,3.6774365327083607,1.0,0.39858490566037735,0.6401845207585853,0.8765830643158679,cost_plateau,0
125,1220,1394,834,3448,303,33,96,96,8,173,7,0.6230406059903871,0.9623123075978185,179,356,0.3620730048174303,3401.8324347940447,8992.14778159342,12568.391335319404,3.69459447995425,1.0,0.4088729016786571,0.6314699792960663,0.8648106345623275,cost_plateau,0
126,1220,1397,830,3447,303,26,72,72,7,69,4,0.6300028072806036,0.9727150832015605,177,356,0.35581943163737945,3385.748534216006,8992.14778159342,12568.391335319404,3.7121455442731817,1.0,0.41445783132530123,0.629190304280557,0.8598154153155401,cost_plateau,0
127,1226,1408,838,3472,280,22,67,69,7,40,3,0.6360046511975946,0.9816604692655904,177,356,0.3505363763368171,3370.048895938589,8992.14778159342,12568.391335319404,3.7294388667375684,1.0,0.40572792362768495,0.6293634496919918,0.8632521133764296,cost_plateau,0
128,1223,1405,846,3474,275,18,53,63,7,49,8,0.629490989436863,0.9713179799630157,180,357,0.35604808187959697,3354.174850632669,8992.14778159342,12568.391335319404,3.747088895186468,1.0,0.3971631205673759,0.6268580215274219,0.8609665427509293,cost_plateau,0
129,1224,1413,842,3479,266,20,62,69,8,52,7,0.6311615399464668,0.9736327947778307,180,356,0.35437457990273,3338.395291213903,8992.14778159342,12568.391335319404,3.7648002225492303,1.0,0.4002375296912114,0.6216353478923311,0.8564746430329887,cost_plateau,0
130,1224,1411,840,3475,271,24,53,55,8,55,5,0.6358191672381135,0.9805772392222751,180,356,0.3501030356975801,3322.59700520329,8992.14778159342,12568.391335319404,3.782701096653285,1.0,0.3964285714285714,0.6216353478923311,0.8548585485854858,cost_plateau,0
131,1234,1424,843,3501,245,28,59,67,7,32,6,0.6322387116243867,0.9748382952015173,182,365,0.35291560116271675,3308.5552648468383,8992.14778159342,12568.391335319404,3.798755145140738,1.0,0.3962040332147094,0.6328205128205128,0.8706789355881621,cost_plateau,0
132,1214,1395,829,3438,308,19,50,50,7,110,4,0.6326635833258728,0.975296170659393,182,357,0.35224551480787725,3292.057198728886,8992.14778159342,12568.391335319404,3.8177925159296304,1.0,0.3956574185765983,0.6273901808785529,0.8575704664504864,cost_plateau,0
133,1212,1387,830,3429,316,24,70,70,6,75,3,0.6302083125368969,0.9713328036066095,183,362,0.35408075504065806,3275.5969127352414,8992.14778159342,12568.391335319404,3.836977402944352,1.0,0.3710843373493976,0.6296103896103896,0.8604767879548306,cost_plateau,0
134,1165,1340,795,3300,444,22,55,55,7,181,5,0.6358565518728042,0.9798749252381475,182,348,0.3490400838104672,3259.218928171565,8992.14778159342,12568.391335319404,3.8562586964264844,1.0,0.3660377358490566,0.610907184058731,0.8350202429149798,cost_plateau,0
135,1138,1312,784,3234,506,11,39,39,7,103,9,0.6397652460284766,0.9857490040147855,181,344,0.345626286137288,3242.922833530707,8992.14778159342,12568.391335319404,3.875636880830638,1.0,0.3622448979591837,0.5893319523562921,0.8109327983951855,cost_plateau,0
136,1146,1327,790,3263,474,18,63,63,7,33,9,0.6395929824590495,0.9853479853479853,182,348,0.3456075416006402,3226.7082193630536,8992.14778159342,12568.391335319404,3.8951124430458672,1.0,0.33544303797468356,0.5892030848329048,0.8135128396908502,cost_plateau,0
137,1147,1332,791,3270,459,23,61,61,7,52,13,0.6432070386700388,0.990791896869245,181,349,0.3423406452034623,3210.574678266238,8992.14778159342,12568.391335319404,3.914685872407907,1.0,0.3223767383059418,0.5858018386108274,0.8082056351952546,cost_plateau,0
138,1155,1340,798,3293,437,25,72,72,7,46,3,0.6456714566471866,0.994475138121547,181,349,0.3400249312172032,3194.521804874907,8992.14778159342,12568.391335319404,3.934357660711464,1.0,0.3182957393483709,0.5898876404494382,0.8159068384539148,cost_plateau,0
139,1152,1332,796,3280,446,24,57,57,6,69,9,0.64394435418981,0.9917127071823204,181,349,0.3412231625305367,3178.5491958505327,8992.14778159342,12568.391335319404,3.954128302222577,1.0,0.32160804020100503,0.5880551301684533,0.812082198564001,cost_plateau,0
140,1171,1353,803,3327,396,32,86,86,7,37,8,0.6346810653774173,0.977355072463768,184,354,0.3487574076020123,3162.65644987128,8992.14778159342,12568.391335319404,3.973998293691032,1.0,0.33623910336239105,0.6002050230650948,0.8263785394932935,cost_plateau,0
141,1164,1343,792,3299,415,18,49,49,6,73,11,0.6376121480939696,0.9817850637522769,183,351,0.3459090911581418,3146.843167621924,8992.14778159342,12568.391335319404,3.993968134362846,1.0,0.3383838383838384,0.5950920245398773,0.8157764589515332,cost_plateau,0
142,1165,1348,800,3313,397,23,66,66,6,49,7,0.6406191176353815,0.9863387978142076,183,351,0.34329638486595343,3131.108951783814,8992.14778159342,12568.391335319404,4.01403832599281,1.0,0.33375,0.5910705225773719,0.8126073092960511,cost_plateau,0
143,1171,1354,810,3335,375,24,65,65,6,41,4,0.6395357127815636,0.9846014492753623,184,354,0.3440809520018492,3115.453407024895,8992.14778159342,12568.391335319404,4.034209372857096,1.0,0.32469135802469135,0.595020325203252,0.8180034338974737,cost_plateau,0
144,1161,1335,798,3294,411,22,51,51,6,91,10,0.6355342305443364,0.9783783783783784,185,351,0.34707767444847376,3099.8761399897708,8992.14778159342,12568.391335319404,4.054481781765925,1.0,0.3333333333333333,0.5825388861013547,0.8018500486854917,cost_plateau,0
145,1165,1337,797,3299,396,21,59,59,6,52,14,0.6396137851581875,0.9846014492753624,184,353,0.343302783409533,3084.376759289822,8992.14778159342,12568.391335319404,4.074856062076306,1.0,0.3299874529485571,0.5793137742416709,0.7949397590361446,cost_plateau,0
146,1152,1339,798,3289,401,15,52,52,7,60,10,0.643178299478137,0.9900362318840581,184,352,0.340424140465245,3068.954875493373,8992.14778159342,12568.391335319404,4.09533272570483,1.0,0.3208020050125313,0.585068562722194,0.8073146784486991,cost_plateau,0
147,1158,1344,798,3300,382,23,55,55,7,42,13,0.6380394337284575,0.9820788530465949,186,356,0.3444588246241935,3053.610101115906,8992.14778159342,12568.391335319404,4.115912287140533,1.0,0.3358395989974937,0.5857359635811836,0.8064516129032258,cost_plateau,0
148,1144,1327,790,3261,417,29,76,76,7,113,9,0.6409309984093804,0.9864864864864865,185,350,0.3418152439693757,3038.3420506103266,8992.14778159342,12568.391335319404,4.1365952634578225,1.0,0.3531645569620253,0.5711432850723914,0.7861620057859209,cost_plateau,0
149,1148,1330,801,3279,400,21,65,65,7,47,6,0.6369967562382206,0.980392156862745,187,355,0.3450515205894023,3023.150340357275,8992.14778159342,12568.391335319404,4.157382174329469,1.0,0.34581772784019976,0.5737131434282858,0.7935624394966118,cost_plateau,0
150,1160,1346,800,3306,371,28,74,74,7,45,7,0.637087545638886,0.9804964539007093,188,356,0.3446114262647992,3008.0345886554887,8992.14778159342,12568.391335319404,4.178273542039668,1.0,0.35,0.5794205794205795,0.7997097242380261,cost_plateau,0
151,1165,1340,794,3299,378,21,52,52,7,55,3,0.6366025433755708,0.9797178130511464,189,356,0.3444955681322691,2992.9944157122113,8992.14778159342,12568.391335319404,4.199269891497154,1.0,0.34886649874055414,0.5857214680744093,0.8050268423621278,cost_plateau,0
152,1166,1346,801,3313,360,21,65,72,7,49,9,0.62667437062148,0.9644097222222223,192,357,0.35281339008592505,2978.0294436336503,8992.14778159342,12568.391335319404,4.220371750248395,1.0,0.33208489388264667,0.5824175824175825,0.8033462657613967,cost_plateau,0
153,1166,1356,802,3324,347,16,57,61,7,43,6,0.6290558779020143,0.9680483592400692,193,356,0.3507217677856118,2963.139296415482,8992.14778159342,12568.391335319404,4.24157964849085,1.0,0.32917705735660846,0.5780862667327714,0.7992305842750661,cost_plateau,0
154,1166,1338,799,3303,365,32,80,80,7,99,8,0.6306555905180339,0.970486111111111,192,353,0.3488874137387289,2948.3235999334047,8992.14778159342,12568.391335319404,4.262894119086281,1.0,0.34167709637046306,0.5798110392839383,0.7974408498309995,cost_plateau,0
155,1170,1351,799,3320,348,21,69,70,7,50,5,0.6264012115307496,0.9639175257731959,194,359,0.3522924488448868,2933.5819819337376,8992.14778159342,12568.391335319404,4.284315697574152,1.0,0.3379224030037547,0.5786350148367952,0.7954000958313369,cost_plateau,0
0,2156,1435,855,4446,279,22,47,47,27,76,0,1.6963686010845535e-05,0.024030832401680656,150,692,1.0037351156565628,5833.333333333333,9166.666666666666,12500.0,2.142857142857143,1.0,0.3087719298245614,0.9949238578680203,0.9957446808510638,cost_plateau,1
1,2154,1439,852,4445,296,32,67,67,20,64,0,2.0130989514666737e-05,0.02552731695531191,151,697,1.0037364871119099,5833.333333333333,9166.666666666666,12500.0,2.142857142857143,1.0,0.38028169014084506,0.994919168591224,0.9950749944034027,cost_plateau,1
2,2148,1432,852,4432,323,31,67,67,18,77,1,2.509351297004197e-05,0.028475276846125094,150,695,1.0036759137317532,5832.506404782237,9166.666666666666,12500.0,2.143160955597219,1.0,0.39906103286384975,0.9907749077490775,0.989506586291583,cost_plateau,1
3,2133,1428,848,4409,357,20,54,54,16,74,2,3.0126719861372998e-05,0.030584695709857973,152,694,1.0034044857928703,5828.233524453437,9166.666666666666,12500.0,2.1447321812954003,1.0,0.3714622641509434,0.9852193995381062,0.9867949865711728,cost_plateau,1
4,2082,1383,832,4297,478,39,78,78,14,189,4,3.851426485915928e-05,0.03497066062213867,152,676,1.0025288878802956,5816.458867624567,9162.572463768116,12500.0,2.149073909828057,1.0,0.4153846153846154,0.971535230984601,0.9699774266365688,cost_plateau,1
5,2077,1395,831,4303,480,31,73,73,11,65,1,4.9388666211678864e-05,0.04009853926624402,152,681,1.0016909060358712,5803.02008255894,9162.101659649425,12500.0,2.154050791168021,1.0,0.42117930204572807,0.9669459962756052,0.9706744868035191,cost_plateau,1
6,2074,1389,825,4288,498,33,65,65,10,75,2,6.544665709065395e-05,0.04750094854641699,151,671,1.000744238572839,5788.291210128104,9160.096506220945,12500.0,2.1595319838310894,1.0,0.4322077922077922,0.976,0.9783253479352042,cost_plateau,1
7,2071,1392,830,4293,497,29,70,70,10,63,4,8.428742473619599e-05,0.054675341482399324,151,669,0.9997456049329239,5772.3963787098155,9159.55234207206,12500.0,2.1654784564177603,1.0,0.4283132530120482,0.9861904761904762,0.9903114186851211,cost_plateau,1
8,2071,1389,822,4282,514,36,71,71,10,79,1,0.0001071588001437111,0.062112224818534234,151,671,0.9986907343159043,5755.506596626686,9158.101323879257,12500.0,2.1718331462475042,1.0,0.44282238442822386,0.9876013352408202,0.9877739331026528,cost_plateau,1
9,2067,1383,826,4276,525,33,74,74,9,78,2,0.00013768734660742082,0.07129797499612828,151,666,0.9974573740124891,5737.3667288209,9155.113145508058,12500.0,2.1786998445136705,1.0,0.4445520581113802,0.9880497131931166,0.9877569877569877,cost_plateau,1
10,2059,1377,818,4254,555,28,60,60,9,81,0,0.00017040236496333792,0.07881582766989018,151,662,0.9960652976555949,5717.422210692128,9150.311851031483,12500.0,2.1862999686508724,1.0,0.445432318292954,0.9767552182163188,0.9747937671860678,cost_plateau,1
11,2073,1389,826,4288,527,37,81,81,9,45,1,0.0002068050975570547,0.08542449547030757,152,665,0.994862354844781,5698.293551197096,9149.416777565553,12500.0,2.1936391812201395,1.0,0.4491525423728814,0.9824644549763033,0.9812356979405035,cost_plateau,1
12,2102,1407,837,4346,473,52,105,105,9,46,4,0.0002476653831887607,0.0913497184728577,154,677,0.9938673992376662,5682.123034384459,9149.416777565553,12500.0,2.199881967419264,1.0,0.47909199522102747,0.9924457034938622,0.9920109564026478,cost_plateau,1
13,2089,1398,833,4320,499,29,60,60,10,86,10,0.00030732436335378433,0.10120603471559968,153,670,0.9927621111091163,5664.381561560351,9149.416777565553,12500.0,2.2067722423269562,1.0,0.4777911164465786,0.9839849269901083,0.985851209493382,cost_plateau,1
14,2094,1399,827,4320,502,29,58,58,9,56,4,0.0003728930476299391,0.10962719355907483,153,669,0.9916518887250989,5646.678629505548,9149.416777565553,12500.0,2.2136907056625894,1.0,0.4788391777509069,0.9730483271375465,0.9725348941918055,cost_plateau,1
15,2087,1395,820,4302,509,32,67,67,9,79,14,0.00044859399692734277,0.1177281632431789,153,665,0.9904929416475464,5628.320562482297,9149.416777565553,12500.0,2.2209111690125622,1.0,0.4975609756097561,0.980733082706767,0.9799544419134396,cost_plateau,1
16,2085,1399,824,4308,501,29,60,60,9,53,10,0.0005443191888728067,0.12751287663776673,153,663,0.9893192430542271,5609.791605481024,9149.416777565553,12500.0,2.2282467654924876,1.0,0.4830097087378641,0.9747545582047685,0.9759855006796556,cost_plateau,1
17,2088,1397,821,4306,498,32,67,67,9,63,8,0.0006562013124552632,0.13721607696152852,152,661,0.9881231410229968,5591.5701202170285,9149.416777565553,12500.0,2.2355080471591817,1.0,0.48599269183922045,0.9807421324565524,0.9806422227283079,cost_plateau,1
18,2062,1377,810,4249,550,33,68,68,9,121,10,0.0007820727449980609,0.14597929927972603,151,655,0.986641182049438,5570.431145872293,9146.828695528871,12500.0,2.2439914743874967,1.0,0.4925925925925926,0.9721829325789721,0.9689851767388825,cost_plateau,1
19,2064,1377,808,4249,542,23,53,53,8,51,14,0.0009133204842938613,0.15218377023252647,151,656,0.9852203879076331,5549.889752790713,9145.076009790806,12500.0,2.2522969926951224,1.0,0.4863861386138614,0.9690140845070423,0.9681020733652312,cost_plateau,1
20,2023,1355,798,4176,611,25,59,59,8,130,10,0.0010917349791755835,0.1624073862861153,148,635,0.983288193913953,5524.665048955283,9137.45511311598,12500.0,2.262580607011416,1.0,0.47869674185463656,0.9702637889688249,0.969809568044589,cost_plateau,1
21,2001,1340,791,4132,651,21,51,51,8,92,9,0.001258750020638065,0.16719877202701047,148,639,0.9810290812890691,5497.041723710507,9125.544114256056,12500.0,2.2739503588054433,1.0,0.46776232616940583,0.9643373493975904,0.9663236669784846,cost_plateau,1
22,2009,1336,793,4138,641,31,66,66,8,59,11,0.0014477569308227677,0.17174216170002554,150,635,0.9787265459634877,5470.572983241767,9112.431090892409,12500.0,2.284952607028874,1.0,0.4703656998738966,0.9691268692715871,0.9652437602052718,cost_plateau,1
23,2006,1339,787,4132,641,28,56,56,8,60,12,0.0017069913497455647,0.1808863595861968,150,630,0.9764459828197121,5444.17230344251,9100.520449987223,12500.0,2.2960331347514265,1.0,0.4625158831003812,0.9790141532454856,0.9770631354930244,cost_plateau,1
24,2003,1335,794,4132,636,34,71,71,8,71,13,0.002011105392017647,0.19042897541876944,150,628,0.9741503540728055,5417.747713634429,9088.224094596606,12500.0,2.3072318352038086,1.0,0.4357682619647355,0.9789833822091887,0.9775254317482849,cost_plateau,1
25,2017,1350,792,4159,601,41,81,81,8,51,13,0.0023869666269029223,0.2020346171695705,150,621,0.97204584723128,5393.19408892239,9081.053345779837,12500.0,2.3177359824069703,1.0,0.45202020202020204,0.9815085158150851,0.9795101271785209,cost_plateau,1
26,2027,1357,801,4185,564,35,77,77,8,48,16,0.0028199797346353406,0.21344869350595289,151,626,0.9701596314710732,5370.416402757881,9076.57067960781,12500.0,2.3275662560506203,1.0,0.4544319600499376,0.9778099372889532,0.977803738317757,cost_plateau,1
27,2009,1337,799,4145,601,25,52,52,8,92,11,0.003233375367903883,0.21897277719187588,148,613,0.9679311462994789,5345.834290563814,9066.549267789627,12500.0,2.3382692617435494,1.0,0.44680851063829785,0.9635491606714628,0.963953488372093,cost_plateau,1
28,2033,1359,803,4195,544,46,96,96,8,44,13,0.003825679714142896,0.23194308474116462,148,617,0.9659892078190836,5324.195024066971,9063.793329478234,12500.0,2.347772751279061,1.0,0.4657534246575342,0.967174119885823,0.9659221736127102,cost_plateau,1
29,2028,1354,804,4186,542,37,70,70,8,78,18,0.004530640580460192,0.24607065194711342,147,617,0.9639539042748505,5302.8321049020815,9060.070155113937,12500.0,2.357230957481128,1.0,0.47139303482587064,0.9634204275534441,0.9625201195677168,cost_plateau,1
30,2049,1368,807,4224,503,45,85,85,8,46,8,0.005322162992778883,0.25914499640699584,147,618,0.9620644125364272,5283.860481967773,9060.070155113937,12500.0,2.3656945603803776,1.0,0.48451053283767037,0.9799139167862266,0.9761959787381558,cost_plateau,1
31,2045,1372,805,4222,496,31,76,76,9,74,14,0.0060300838867187135,0.2634511668330329,148,618,0.9603208840635926,5264.704571691663,9060.070155113937,12500.0,2.3743022670659526,1.0,0.4956521739130435,0.9632595383890721,0.9665750915750916,cost_plateau,1
32,2029,1365,808,4202,509,37,89,89,9,106,13,0.006965088359107676,0.2732975230084718,147,609,0.9583769070008369,5244.2401907828535,9060.070155113937,12500.0,2.3835674082910407,1.0,0.5086633663366337,0.9787747226242162,0.9808590102707749,cost_plateau,1
33,2048,1367,818,4233,476,40,85,86,8,53,9,0.008118866234558405,0.2864118738455682,148,611,0.9562105147842443,5226.016020551761,9060.070155113937,12500.0,2.391879387824811,1.0,0.5256723716381418,0.9817833173537871,0.9841897233201581,cost_plateau,1
34,1997,1337,797,4131,575,21,48,48,9,147,9,0.009678652414992581,0.3073241113273483,146,589,0.9531207359101497,5202.231031075078,9052.540502214755,12500.0,2.4028152393333415,1.0,0.5269761606022585,0.9518589132507149,0.9544824399260629,cost_plateau,1
35,2017,1351,801,4169,529,39,80,80,8,39,13,0.011182480436308245,0.3200010760381367,148,586,0.950365052059876,5180.894751582443,9050.137932223646,12500.0,2.412710660872241,1.0,0.5380774032459426,0.9632282712511939,0.9641535615171137,cost_plateau,1
36,2029,1356,800,4185,507,40,83,83,8,63,10,0.013055434849362968,0.3371533729204478,146,586,0.9473896913266479,5160.756146993893,9050.137932223646,12500.0,2.4221256815788843,1.0,0.54625,0.9689589302769819,0.9683017121702915,cost_plateau,1
37,2041,1360,799,4200,486,38,77,77,9,58,11,0.0151524019982249,0.35365267165848896,147,581,0.9442784869846137,5141.981191878802,9050.137932223646,12500.0,2.4309696075400637,1.0,0.5431789737171464,0.9654683065279092,0.9621993127147767,cost_plateau,1
38,2058,1376,816,4250,436,37,93,105,9,42,8,0.017454883122795823,0.3687665678216659,148,588,0.9413391688852601,5124.815672576559,9050.137932223646,12500.0,2.439112116146703,1.0,0.5343137254901961,0.9865771812080537,0.9853929979132854,cost_plateau,1
39,2062,1381,814,4257,425,27,63,68,9,53,10,0.020164579776268766,0.3862633951286762,148,585,0.9378775031008978,5108.223258167545,9050.137932223646,12500.0,2.447034784553266,1.0,0.538083538083538,0.9805040418449834,0.9799723756906077,cost_plateau,1
40,2081,1386,821,4288,388,43,88,93,10,55,14,0.02304611587828462,0.40096799778397113,149,585,0.9343573030899336,5094.063696232151,9050.137932223646,12500.0,2.453836611671284,1.0,0.5298416565164433,0.9829948039678791,0.9807868252516011,cost_plateau,1
41,2077,1383,820,4280,391,30,64,69,10,67,10,0.026320880987030667,0.41669695043148725,148,583,0.9305260693716507,5079.428840480268,9050.137932223646,12500.0,2.4609066083142737,1.0,0.5219512195121951,0.9862298195631529,0.9823272894193252,cost_plateau,1
42,2071,1378,819,4268,398,28,61,64,10,69,11,0.03000020522043961,0.4329814933492998,148,578,0.9262991154539786,5064.203210342982,9050.137932223646,12500.0,2.4683053741742356,1.0,0.5018315018315018,1.01123046875,1.0068412361405992,cost_plateau,1
43,2088,1385,819,4292,367,50,96,103,10,67,12,0.03386264162813273,0.44640493030192996,149,576,0.9218826776739569,5050.993343614756,9050.137932223646,12500.0,2.474760735094207,1.0,0.525030525030525,1.008695652173913,1.0006994637444626,cost_plateau,1
44,2095,1394,825,4314,342,39,92,101,10,66,9,0.038096816377126315,0.4596330980507687,148,571,0.9173786282965448,5038.461340188056,9050.137932223646,12500.0,2.480916128163335,1.0,0.5236363636363637,1.006243996157541,1.0011603620329543,cost_plateau,1
45,2100,1398,835,4333,321,30,71,83,10,50,10,0.04303043551256128,0.4760697628761469,148,566,0.9123068080768627,5026.483743267177,9050.137932223646,12500.0,2.4868278976816294,1.0,0.5053892215568863,1.0130246020260492,1.0135672514619882,cost_plateau,1
46,2095,1405,836,4336,318,28,68,72,10,62,7,0.04807122205082559,0.4886628459427194,149,559,0.9071122325737955,5013.740251287359,9050.137932223646,12500.0,2.4931487020673684,1.0,0.5131578947368421,1.0086663456909004,1.0088413215449046,cost_plateau,1
47,2095,1406,835,4336,315,32,50,66,10,46,9,0.05389511518665016,0.5043739908380112,149,554,0.9011113937619424,5001.754865557596,9050.137932223646,12500.0,2.4991228750684686,1.0,0.5053892215568863,1.0067275348390197,1.0104870659519924,cost_plateau,1
48,2094,1409,840,4343,311,26,59,61,10,52,7,0.06075703053412728,0.5244645330993367,148,547,0.8942699464565583,4989.512633598802,9050.137932223646,12500.0,2.5052547048035203,1.0,0.4857142857142857,1.005763688760807,1.0092958401115502,cost_plateau,1
49,2112,1420,845,4377,274,62,80,112,9,45,11,0.06799173743584731,0.5423913649338895,148,545,0.8871690707624665,4981.471527488159,9050.137932223646,12500.0,2.5092986943765507,1.0,0.5112426035502958,1.013922227556409,1.016960966542751,cost_plateau,1
50,2097,1407,838,4342,311,29,54,54,11,86,6,0.07462583426769172,0.5511697704377819,148,537,0.880497283570396,4971.412465435589,9050.137932223646,12500.0,2.5143759619439994,1.0,0.5059665871121718,1.010115606936416,1.0109429569266588,cost_plateau,1
51,2095,1411,843,4349,305,27,65,65,11,56,8,0.08286472222309257,0.5676626791658698,148,532,0.8725179317034237,4960.890649023616,9050.137932223646,12500.0,2.5197088354407096,1.0,0.5029655990510083,1.01158860453887,1.0137529137529138,cost_plateau,1
52,2086,1414,839,4339,319,24,57,58,10,65,4,0.09122618016215814,0.5806776057858956,149,527,0.8642945832445613,4948.912368133495,9050.137932223646,12500.0,2.5258075047941153,1.0,0.4827175208581645,1.0087040618955512,1.013785046728972,cost_plateau,1
53,2082,1417,837,4336,323,40,86,87,10,84,4,0.09871954055186094,0.5848914488878392,152,523,0.8567786804078911,4936.010951730699,9050.137932223646,12500.0,2.532409292085781,1.0,0.4958183990442055,1.006769825918762,1.0140318054256314,cost_plateau,1
54,2097,1437,858,4392,268,79,105,163,10,49,9,0.10947464519413089,0.6047876414684279,152,519,0.8468069609949073,4927.787745324857,9050.137932223646,12500.0,2.5366352298471324,1.0,0.5431235431235432,1.0096292729898892,1.0232991612301958,cost_plateau,1
55,2085,1430,857,4372,292,34,56,71,12,73,5,0.12035286919830228,0.6210579982853004,153,514,0.8365129382272121,4918.328059758778,9050.137932223646,12500.0,2.5415140771665135,1.0,0.5250875145857643,1.0048192771084337,1.019827385117798,cost_plateau,1
56,2025,1402,843,4270,404,26,65,65,12,167,2,0.13303732489525297,0.642426521498117,153,494,0.8244501184944578,4901.7610599785385,9050.137932223646,12500.0,2.5501039008324753,1.0,0.5183867141162515,0.9638267491670633,0.9838709677419355,cost_plateau,1
57,2013,1409,846,4268,410,25,69,69,10,67,2,0.14650991716901468,0.6632969983611645,153,490,0.8115887595052801,4883.314147185468,9050.137932223646,12500.0,2.559737019418352,1.0,0.5106382978723404,0.959485224022879,0.9861367837338263,cost_plateau,1
58,2008,1422,852,4282,399,32,77,77,10,61,5,0.15874809709514287,0.675142195466933,155,488,0.7998456454839021,4863.993564244677,9050.137932223646,12500.0,2.5699047161344484,1.0,0.5117370892018779,0.9593884376493073,0.9893715341959335,cost_plateau,1
59,2000,1420,850,4270,408,31,75,77,9,81,6,0.17319088796592438,0.693356781548912,154,486,0.7858707941625617,4843.679118517974,9050.137932223646,12500.0,2.580682925962412,1.0,0.5117647058823529,0.9657170449058425,0.9992979171542242,cost_plateau,1
60,1993,1449,861,4303,379,56,96,134,9,62,4,0.18593764150886916,0.7022499626687565,154,486,0.7739821127839078,4824.357494648068,9050.137932223646,12500.0,2.59101859965124,1.0,0.5400696864111498,0.9586339586339586,1.0018626309662397,cost_plateau,1
61,1955,1434,849,4238,445,20,53,53,10,114,5,0.20053944690810593,0.7161650975344795,153,478,0.7599194127080037,4800.830379764618,9050.137932223646,12500.0,2.603716234734556,1.0,0.49823321554770317,0.9331742243436754,0.9817002548065786,cost_plateau,1
62,1939,1446,863,4248,440,37,87,99,9,76,3,0.21412384261465184,0.7247839989341748,153,476,0.747143642814167,4776.826227865795,9050.137932223646,12500.0,2.616800235914127,1.0,0.49942062572421786,0.9268642447418738,0.9853862212943633,cost_plateau,1
63,1907,1439,857,4203,487,31,61,75,9,103,4,0.23110787863244348,0.7433063132658285,151,465,0.7310989074628715,4752.942096726466,9050.137932223646,12500.0,2.6299499858433433,1.0,0.5075845974329055,0.9343459088682019,0.9976263944932352,cost_plateau,1
64,1884,1454,863,4201,485,26,73,81,9,71,9,0.24386926730464942,0.7471827896940094,152,464,0.7191733697027617,4729.177386242834,9050.137932223646,12500.0,2.643165814917933,1.0,0.5063731170336037,0.9354518371400199,1.0110709987966306,cost_plateau,1
65,1870,1464,873,4207,479,49,68,111,9,59,6,0.25896847831454617,0.757803146637809,153,462,0.705070413283876,4705.531499311619,9050.137932223646,12500.0,2.656448055193903,1.0,0.5108820160366552,0.9153206069505629,0.9976286459568413,cost_plateau,1
66,1814,1446,858,4118,562,12,46,46,9,128,8,0.27792109786500774,0.7787467083445455,151,446,0.6875245990885126,4682.003841815061,9050.137932223646,12500.0,2.669797040395882,1.0,0.4417249417249417,0.8931560807483998,0.9835204203486984,cost_plateau,1
67,1796,1458,868,4122,548,20,72,75,9,65,16,0.29482757956694167,0.7930902922331636,150,441,0.6719706073806629,4658.593822605985,9050.137932223646,12500.0,2.68321310592551,1.0,0.4205069124423963,0.8886689757545769,0.9868326550155614,cost_plateau,1
68,1770,1459,868,4097,565,18,59,62,9,82,15,0.31205438047376544,0.8078966595915847,150,438,0.6560442820283564,4635.300853492955,9050.137932223646,12500.0,2.6966965888698593,1.0,0.4112903225806452,0.885,0.9932121212121212,cost_plateau,1
69,1743,1462,870,4075,573,27,53,73,9,73,21,0.32890505813177284,0.8215308416649362,150,436,0.6405626538597727,4612.12434922549,9050.137932223646,12500.0,2.7102478280099094,1.0,0.4126436781609195,0.8728092138207311,0.9862052274927396,cost_plateau,1
70,1726,1473,879,4078,562,36,70,94,9,66,16,0.33917197733371507,0.8192464853441085,153,432,0.6311089997714652,4589.063727479363,9050.137932223646,12503.441410693971,2.724617079475979,1.0,0.4129692832764505,0.8612774451097804,0.9845485272815065,cost_plateau,1
71,1708,1478,887,4073,560,39,79,102,9,82,14,0.3539125082692682,0.8285057446033678,153,429,0.6175625862933646,4566.118408841966,9050.137932223646,12503.441410693971,2.7383086225889235,1.0,0.4182638105975197,0.8489065606361829,0.9795574795574795,cost_plateau,1
72,1690,1500,893,4083,542,44,70,108,9,59,16,0.3687453760034038,0.83837983837542,154,428,0.6040911525607293,4543.287816797756,9050.137932223646,12503.441410693971,2.752068967426054,1.0,0.40201567749160133,0.8358061325420376,0.9767942583732058,cost_plateau,1
73,1659,1502,894,4055,564,26,58,76,9,84,13,0.3788266635205796,0.8381523377305515,157,424,0.5949076114160178,4520.571377713767,9050.137932223646,12506.406432594495,2.766554355108863,1.0,0.4082774049217002,0.8180473372781065,0.9668574153552695,cost_plateau,1
74,1637,1506,900,4043,564,24,67,88,9,76,18,0.3924155926374198,0.8464359757422543,159,427,0.5827772726104994,4497.9685208251985,9050.137932223646,12523.081641171288,2.7841639138180985,1.0,0.39111111111111113,0.8075974346324618,0.9651468130818811,cost_plateau,1
75,1579,1485,889,3953,648,16,66,66,9,153,12,0.4107461267740486,0.8652249224279277,158,415,0.5662759936958185,4475.478678221072,9050.137932223646,12523.081641171288,2.7981546872543706,1.0,0.37907761529808776,0.7770669291338582,0.9402949571836346,cost_plateau,1
76,1565,1494,897,3956,632,24,86,90,9,80,19,0.4243327331955264,0.8742977834621705,159,411,0.5538919268264598,4453.101284829967,9050.137932223646,12523.081641171288,2.8122157660847944,1.0,0.3734671125975474,0.769041769041769,0.9403375326836225,cost_plateau,1
77,1553,1503,902,3958,606,30,71,88,9,67,31,0.44191466907554877,0.891925600010063,159,412,0.5379280493288966,4430.835778405817,9050.137932223646,12525.802842946974,2.8269616545015954,1.0,0.35033259423503327,0.7579306979014153,0.9319519660937132,cost_plateau,1
78,1540,1510,900,3950,601,32,73,87,9,77,18,0.4581451473011821,0.9070363561492127,158,408,0.5230744281365819,4408.681599513788,9050.137932223646,12525.802842946974,2.8411674919614027,1.0,0.37333333333333335,0.7490272373540856,0.9267949319568278,cost_plateau,1
79,1516,1513,901,3930,601,18,50,65,10,68,28,0.4735317488165242,0.9207754412202268,157,403,0.5091734419926197,4386.638191516218,9050.137932223646,12525.802842946974,2.8554447155390985,1.0,0.3706992230854606,0.7377128953771289,0.9268867924528302,cost_plateau,1
80,1495,1504,902,3901,618,17,56,56,9,84,20,0.48395544853937655,0.9253496695102689,157,399,0.4995987776085931,4364.705000558637,9050.137932223646,12525.802842946974,2.869793683958893,1.0,0.369179600886918,0.7246728065923412,0.915512790424783,cost_plateau,1
81,1478,1504,897,3879,625,18,60,60,9,81,23,0.49236014045684057,0.9267375334437329,154,391,0.4917898752513254,4342.881475555844,9050.137932223646,12525.802842946974,2.8842147577476314,1.0,0.3612040133779264,0.7188715953307393,0.9152902312411515,cost_plateau,1
82,1459,1510,903,3872,616,12,56,58,9,61,23,0.4948384563289042,0.9178169277183391,156,395,0.48950029028926073,4321.167068178065,9050.137932223646,12525.802842946974,2.89870829924385,1.0,0.33222591362126247,0.7103213242453749,0.9134229771172446,cost_plateau,1
83,1456,1507,902,3865,599,25,68,75,9,71,29,0.4970613534749196,0.9093635488864613,158,395,0.4870905639269871,4299.561232837174,9050.137932223646,12528.52463602593,2.913907712336188,1.0,0.3170731707317073,0.7061105722599418,0.9104829210836278,cost_plateau,1
84,1442,1515,908,3865,582,33,73,97,9,71,24,0.5099821773435582,0.9211005699446299,157,391,0.475449548732066,4278.0634266729885,9050.137932223646,12528.52463602593,2.928550464659485,1.0,0.30286343612334804,0.7010209042294604,0.9102684879886952,cost_plateau,1
85,1448,1536,913,3897,537,50,73,116,10,36,18,0.5227539885804546,0.932908922934766,157,394,0.4637407530988952,4256.6731095396235,9050.137932223646,12528.52463602593,2.9432667986527488,1.0,0.32749178532311063,0.7207565953210553,0.9367788461538461,cost_plateau,1
86,1440,1525,910,3875,545,21,56,59,9,73,18,0.5249341389060178,0.9263597610534372,160,394,0.461369772865612,4235.389743991926,9050.137932223646,12528.52463602593,2.9580570840731144,1.0,0.3252747252747253,0.72544080604534,0.9430518374300316,cost_plateau,1
87,1412,1518,907,3837,562,17,67,67,9,103,28,0.5376934151528261,0.9389993402634171,159,389,0.4499277542293783,4214.212795271966,9050.137932223646,12528.52463602593,2.9729216925357935,1.0,0.3274531422271224,0.7207759060745278,0.9478754940711462,cost_plateau,1
88,1411,1524,914,3849,536,22,59,65,9,47,23,0.5463536512938821,0.9448525118728422,160,389,0.4419512236885014,4193.1417312956055,9050.137932223646,12528.52463602593,2.987860997523411,1.0,0.3227571115973742,0.7155172413793104,0.9457002457002457,cost_plateau,1
89,1414,1538,919,3871,495,35,66,85,9,43,27,0.5500924808297946,0.9426965179429047,162,390,0.4383410625611798,4172.176022639127,9050.137932223646,12528.52463602593,3.002875374395388,1.0,0.3264417845484222,0.7123425692695214,0.9459921798631477,cost_plateau,1
90,1406,1546,923,3875,477,34,68,91,9,62,21,0.5527974158254682,0.939330300244414,164,391,0.4357713083405493,4151.315142525931,9050.137932223646,12528.52463602593,3.0179652003973754,1.0,0.3271939328277356,0.7068878833584716,0.9425930430552177,cost_plateau,1
91,1401,1547,926,3874,464,28,47,69,8,48,22,0.5597941469678287,0.9437383994348517,165,392,0.42947685569967714,4130.558566813302,9050.137932223646,12544.056759440786,3.0368911508058924,1.0,0.3369330453563715,0.6956305858987091,0.9308024987986545,cost_plateau,1
92,1380,1518,911,3809,515,27,63,63,8,125,19,0.5672172351085863,0.9492574624744125,165,385,0.42245558522711685,4109.905773979235,9050.137932223646,12544.056759440786,3.052151910357681,1.0,0.3534577387486279,0.688622754491018,0.9216065811759013,cost_plateau,1
93,1384,1542,914,3840,473,21,66,66,8,33,17,0.5762190231528876,0.9577677930662427,165,389,0.4142490654039215,4089.356245109339,9050.137932223646,12544.056759440786,3.067489357143398,1.0,0.35557986870897157,0.6975806451612904,0.9349890430971513,cost_plateau,1
94,1380,1544,920,3844,459,19,68,69,8,62,16,0.5815354564287776,0.9605070574766739,165,387,0.4093216987657206,4068.9094638837923,9050.137932223646,12544.056759440786,3.082903876526028,1.0,0.36086956521739133,0.6920762286860582,0.9332362223840738,cost_plateau,1
95,1371,1546,919,3836,445,26,72,74,8,78,28,0.5783711446303192,0.9496945688907106,168,385,0.41191958493328384,4048.5649165643736,9050.137932223646,12544.056759440786,3.098395855805053,1.0,0.36235038084874865,0.6810730253353204,0.9223371002644867,cost_plateau,1
96,1374,1546,920,3840,430,32,79,90,8,73,17,0.5801921265912197,0.9475267509288327,169,387,0.40994824493403914,4028.3220919815517,9050.137932223646,12546.238334529386,3.114507243475615,1.0,0.36086956521739133,0.6812097174020822,0.9197604790419162,cost_plateau,1
97,1364,1538,916,3818,439,20,53,57,8,72,18,0.578606017721438,0.9402055479087561,172,391,0.41106108440215783,4008.1804815216437,9050.137932223646,12546.238334529386,3.130158033643834,1.0,0.3296943231441048,0.6755819712729074,0.914272030651341,cost_plateau,1
98,1367,1546,915,3828,416,22,68,68,8,56,19,0.5847083373086006,0.9457280772385331,172,388,0.40532318457959143,3988.1395791140353,9050.137932223646,12546.238334529386,3.1458874709988285,1.0,0.33114754098360655,0.6767326732673268,0.9171058936272161,cost_plateau,1
99,1366,1544,917,3827,407,19,58,58,7,57,15,0.584242784712436,0.9409441673430152,175,390,0.4054211053645754,3968.198881218465,9050.137932223646,12546.238334529386,3.1616959507525917,1.0,0.3326063249727372,0.6769078295341923,0.9173058485139022,cost_plateau,1
100,1364,1538,916,3818,403,24,59,64,7,64,16,0.5854175116300024,0.9391305016012792,178,386,0.40405047814679423,3948.3578868123727,9050.137932223646,12548.539391341832,3.178166658411161,1.0,0.3351528384279476,0.6735802469135802,0.9116523400191022,cost_plateau,1
101,1362,1546,917,3825,386,29,67,80,7,57,14,0.5914721155921278,0.9454112830227807,178,389,0.3985100687058009,3928.6160973783108,9050.137932223646,12550.810991711474,3.194715564110992,1.0,0.3282442748091603,0.664714494875549,0.9055397727272727,cost_plateau,1
102,1371,1560,927,3858,347,49,77,117,7,41,10,0.6013799522770716,0.9580517324609831,178,393,0.38969767326743143,3908.9730168914193,9050.137932223646,12566.32688102809,3.214738711862832,1.0,0.3408845738942826,0.6655339805825242,0.9064849624060151,cost_plateau,1
103,1375,1562,928,3865,332,36,68,82,7,61,15,0.6032238268449662,0.9580548613595645,180,392,0.38771967321897055,3889.4281518069624,9050.137932223646,12566.32688102809,3.23089317775159,1.0,0.34913793103448276,0.6684491978609626,0.9053642539236355,cost_plateau,1
104,1368,1563,926,3857,330,29,66,79,7,72,15,0.6016103570671275,0.9528158992548621,182,394,0.3889468671174135,3869.9810110479275,9050.137932223646,12568.33532204147,3.247647801413416,1.0,0.35205183585313177,0.666991711360312,0.9090266320999293,cost_plateau,1
105,1371,1567,929,3867,313,40,77,96,7,66,13,0.6011897921712589,0.9497055815093381,184,395,0.389195527675168,3851.00696745779,9050.137932223646,12583.785310133797,3.2676610082689304,1.0,0.3713670613562971,0.666828793774319,0.9075334428537902,cost_plateau,1
106,1379,1578,935,3892,281,28,70,75,7,44,13,0.6008560621029871,0.9469473814494735,187,398,0.3892342507161085,3833.9130462351504,9050.137932223646,12583.785310133797,3.282230232762034,1.0,0.3786096256684492,0.670393777345649,0.9149036201222379,cost_plateau,1
107,1377,1566,931,3874,289,25,62,68,6,73,9,0.6099465449391329,0.959206955184865,186,396,0.3808725885852369,3817.048461959264,9050.137932223646,12583.785310133797,3.296731869019716,1.0,0.3791621911922664,0.6652173913043479,0.9068352059925093,cost_plateau,1
108,1381,1569,934,3884,270,26,74,80,6,62,13,0.6080352557985527,0.9543217748105579,188,401,0.3824584309699908,3801.3957838610113,9050.137932223646,12599.036750145651,3.3143185994037774,1.0,0.3715203426124197,0.6700630761766133,0.9089632576644044,cost_plateau,1
109,1384,1571,940,3895,247,33,72,91,6,59,16,0.6109717207969608,0.9572089611872217,189,400,0.37972185837544414,3787.915987768547,9050.137932223646,12600.645137815884,3.326537647219282,1.0,0.3829787234042553,0.6764418377321603,0.9192825112107623,cost_plateau,1
110,1371,1559,939,3869,270,17,58,58,7,82,8,0.6200124088315823,0.969781103689946,186,393,0.37167218004559915,3773.071263602854,9050.137932223646,12600.645137815884,3.339625535135984,1.0,0.3780617678381257,0.677037037037037,0.9227283567851181,cost_plateau,1
111,1352,1534,924,3810,326,23,58,58,7,115,8,0.6274000550657018,0.9798693040923727,184,389,0.36488789090794566,3756.1805121476095,9050.137932223646,12600.645137815884,3.3546431267254033,1.0,0.38852813852813856,0.6650270536153468,0.9030575965868689,cost_plateau,1
112,1353,1540,916,3809,314,30,78,78,6,74,14,0.6263842976558379,0.9769495624713078,186,395,0.36546950737457873,3740.2515244201686,9050.137932223646,12600.645137815884,3.3689298849411724,1.0,0.39847161572052403,0.6577540106951871,0.8958137347130762,cost_plateau,1
113,1344,1534,918,3796,324,23,73,73,6,83,6,0.6280260397907327,0.9782936484928132,186,392,0.3639077131070779,3723.351128643159,9050.137932223646,12600.645137815884,3.384221552697807,1.0,0.39106753812636164,0.6511627906976745,0.8923366243535495,cost_plateau,1
114,1360,1556,920,3836,279,27,85,85,6,42,8,0.6235745884523509,0.9702607687107403,189,395,0.36749932116308187,3708.558977187709,9050.137932223646,12600.645137815884,3.39772003501243,1.0,0.36630434782608695,0.6598738476467734,0.9004694835680751,cost_plateau,1
115,1341,1540,910,3791,324,17,54,54,7,95,3,0.6288866244132065,0.9775184596416933,187,391,0.36267339965700623,3691.269135643015,9050.137932223646,12600.645137815884,3.4136348975867525,1.0,0.34945054945054943,0.643783005280845,0.8816279069767442,cost_plateau,1
116,1341,1544,917,3802,313,28,77,77,7,63,4,0.6318361910013466,0.9811827956989247,186,390,0.3599518594762872,3673.7781988156603,9050.137932223646,12600.645137815884,3.4298872865754486,1.0,0.3456924754634678,0.648766328011611,0.8912330051570558,cost_plateau,1
117,1339,1539,906,3784,329,25,59,62,7,71,3,0.6324401718465438,0.9812834224598931,187,387,0.35901865801319405,3655.772400694516,9050.137932223646,12600.645137815884,3.4467805313651474,1.0,0.3333333333333333,0.6923474663908997,0.9488465396188566,cost_plateau,1
118,1345,1548,922,3815,295,26,78,87,7,46,9,0.630136073031864,0.9769503546099292,188,395,0.3609615343130686,3638.713627451693,9050.137932223646,12602.777134173257,3.463525417085209,1.0,0.32537960954446854,0.7008858780614904,0.9611992945326279,cost_plateau,1
119,1340,1547,913,3800,302,23,70,72,7,78,8,0.6279062573312364,0.9728070175438597,190,396,0.362613518139314,3621.2674949550055,9050.137932223646,12602.777134173257,3.4802115976604613,1.0,0.3263964950711939,0.6971904266389178,0.9576612903225806,cost_plateau,1
120,1344,1549,916,3809,291,23,71,76,7,60,7,0.6327723761890897,0.9797178130511464,189,392,0.3581286775116669,3604.350429830972,9050.137932223646,12605.088560547209,3.4971873034937757,1.0,0.3220524017467249,0.7044025157232704,0.9660157240679685,cost_plateau,1
121,1329,1530,905,3764,332,22,58,58,7,100,8,0.6364567976473103,0.9848484848484848,187,383,0.3546329100017499,3586.328677681817,9050.137932223646,12605.088560547209,3.5147611090389703,1.0,0.3138121546961326,0.6900311526479751,0.9450163193572684,cost_plateau,1
122,1329,1525,907,3761,332,14,48,48,6,50,8,0.6368458969908007,0.9849290780141845,188,387,0.3540179298880877,3568.397034293408,9050.137932223646,12605.088560547209,3.5324232251647945,1.0,0.3098125689084895,0.684346035015448,0.9367372353673723,cost_plateau,1
123,1311,1511,896,3718,376,18,59,59,6,100,3,0.6337810599432051,0.9797178130511465,189,385,0.3564914580248471,3550.555049121941,9050.137932223646,12605.088560547209,3.5501740956430097,1.0,0.3080357142857143,0.6743827160493827,0.9225806451612903,cost_plateau,1
124,1318,1519,904,3741,346,28,80,80,6,55,11,0.6346947867036482,0.9807017543859649,190,390,0.35547877410183004,3532.802273876331,9050.137932223646,12605.088560547209,3.5680141664753866,1.0,0.3030973451327434,0.6714212939378502,0.9232477788746298,cost_plateau,1
125,1324,1527,906,3757,324,27,73,75,6,54,9,0.6383542760313127,0.9859649122807016,190,391,0.3520264387825421,3515.1382625069496,9050.137932223646,12605.088560547209,3.585943885904911,1.0,0.3068432671081678,0.6700404858299596,0.9188065541697237,cost_plateau,1
126,1327,1533,909,3769,301,21,63,70,6,50,16,0.6244246978178956,0.9641025641025641,195,399,0.3639205298292929,3498.485076385197,9050.137932223646,12607.61235165614,3.603734781307952,1.0,0.2992299229922992,0.6746314184036604,0.9278680452978828,cost_plateau,1
127,1340,1539,916,3795,272,27,75,81,7,49,10,0.6296128629218435,0.9717948717948718,195,397,0.35912341134567916,3483.5974420726047,9050.137932223646,12609.92466483854,3.619799610754142,1.0,0.3078602620087336,0.6819338422391857,0.9365745310957552,cost_plateau,1
128,1333,1549,917,3799,268,25,74,82,7,69,6,0.6314617946836236,0.9743589743589743,195,392,0.3575275239281994,3468.465565683602,9050.137932223646,12609.92466483854,3.635591712254246,1.0,0.3042529989094875,0.6783715012722646,0.9354838709677419,cost_plateau,1
129,1347,1554,916,3817,246,36,71,82,7,50,8,0.6333708041992584,0.9770408163265306,196,398,0.3554521216961759,3455.742771817273,9050.137932223646,12609.92466483854,3.648976644811834,1.0,0.3165938864628821,0.6900614754098361,0.9464418546987354,cost_plateau,1
130,1344,1550,923,3817,241,22,55,68,8,52,10,0.6378833545090368,0.9837606837606837,195,393,0.351482682592099,3443.2933767213253,9050.137932223646,12609.92466483854,3.662169697792525,1.0,0.30985915492957744,0.6910025706940874,0.9499751119960179,cost_plateau,1
131,1345,1551,923,3819,239,35,63,76,8,58,5,0.6386306237165043,0.9846938775510204,196,393,0.3506559652266063,3431.552596771821,9050.137932223646,12609.92466483854,3.674699515519922,1.0,0.3228602383531961,0.6876278118609407,0.9455310720475365,cost_plateau,1
132,1339,1541,915,3795,262,25,74,74,8,97,8,0.6364911128352191,0.9811965811965812,195,392,0.3522467355235988,3419.1998767211235,9050.137932223646,12609.92466483854,3.6879752923163287,1.0,0.32786885245901637,0.6828148903620602,0.9338090551181102,cost_plateau,1
133,1326,1530,909,3765,292,24,75,75,8,103,6,0.6327262523589436,0.9752136752136753,195,391,0.35536797072387294,3405.3024836738055,9050.137932223646,12609.92466483854,3.7030263024488623,1.0,0.33223322332233224,0.6734382935500254,0.9236997055937193,cost_plateau,1
134,1339,1543,923,3805,255,34,98,101,8,57,4,0.6207963407273382,0.9566666666666667,200,397,0.365527254598342,3392.497686952862,9050.137932223646,12609.92466483854,3.717003172422134,1.0,0.3488624052004334,0.6711779448621554,0.9226479146459747,cost_plateau,1
135,1339,1542,917,3798,262,30,80,80,8,84,5,0.623466880964493,0.9606365159128979,199,400,0.36293221159469835,3379.4703249282784,9050.137932223646,12609.92466483854,3.7313316740268037,1.0,0.3642311886586696,0.6695,0.9169483341380975,cost_plateau,1
136,1336,1531,917,3784,276,24,66,70,8,77,5,0.6230090393297757,0.9597989949748744,199,395,0.36308273743213343,3365.9057130521046,9050.137932223646,12609.92466483854,3.7463689538125027,1.0,0.35986913849509267,0.6676661669165417,0.9151148730350666,cost_plateau,1
137,1346,1548,926,3820,239,40,86,106,8,47,6,0.6238848941406446,0.9610281923714759,201,398,0.3622327010100203,3354.263338803166,9050.137932223646,12609.92466483854,3.759372294644548,1.0,0.37041036717062636,0.673,0.924715565238441,cost_plateau,1
138,1345,1562,930,3837,224,40,66,97,8,47,4,0.6314927398891382,0.972636815920398,201,401,0.3557289716503839,3344.1041003201453,9050.137932223646,12609.92466483854,3.77079309930314,1.0,0.38924731182795697,0.6681569796323895,0.9236880115551276,cost_plateau,1
139,1341,1558,924,3823,242,26,53,58,8,64,1,0.6379623084482418,0.9825,200,401,0.34996077914096885,3333.2741509442358,9050.137932223646,12609.92466483854,3.7830445663362116,1.0,0.3906926406926407,0.6701649175412294,0.9238762687288545,cost_plateau,1
140,1357,1576,937,3870,195,52,94,126,8,43,4,0.6339247924278084,0.9761904761904762,203,405,0.3533489858642279,3325.760852148813,9050.137932223646,12609.92466483854,3.791590924732643,1.0,0.41408751334044824,0.6798597194388778,0.9381818181818182,cost_plateau,1
141,1365,1568,937,3870,200,40,83,83,9,83,4,0.6349019477580123,0.9776119402985075,201,403,0.3521775225883818,3318.651931458423,9050.137932223646,12609.92466483854,3.799712933226158,1.0,0.4183564567769477,0.6787667826951765,0.9336550060313631,cost_plateau,1
142,1382,1584,942,3908,164,49,92,118,9,51,4,0.6297619073123443,0.9696223316912973,203,410,0.35642383826310736,3314.324374994115,9050.137932223646,12611.477479340792,3.805142783998982,1.0,0.4447983014861996,0.6868787276341949,0.9380700912145943,cost_plateau,1
143,1382,1585,949,3916,163,39,76,98,10,67,2,0.6314949387171528,0.9722222222222224,204,408,0.35498398202917686,3310.483113907976,9050.137932223646,12611.477479340792,3.809558014767558,1.0,0.4457323498419389,0.6817957572767637,0.9352758538332935,cost_plateau,1
144,1386,1594,946,3926,156,38,77,95,10,61,1,0.6174628306309845,0.9505582137161085,209,416,0.3671035685188678,3307.075958671988,9050.137932223646,12626.24863901004,3.8179493899741943,1.0,0.4608879492600423,0.6797449730259931,0.931435349940688,cost_plateau,1
145,1402,1614,960,3976,112,73,95,170,10,44,3,0.6188294117107497,0.95260663507109,211,418,0.36719756043165624,3307.075958671988,9071.288564367604,12706.214880390437,3.8421297361106976,1.0,0.5052083333333334,0.69064039408867,0.9484732824427481,cost_plateau,1
146,1413,1620,956,3989,106,32,69,75,14,51,2,0.6211845516327124,0.9561815336463224,213,420,0.3649386044099726,3307.075958671988,9071.288564367604,12706.214880390437,3.8421297361106976,1.0,0.5052301255230126,0.6967455621301775,0.9529383659818442,cost_plateau,1
147,1429,1642,975,4046,62,64,88,158,15,29,0,0.6201058942920002,0.9544753086419753,216,428,0.36731815941981383,3307.075958671988,9075.24413234086,12824.154618510984,3.8777925813535714,1.0,0.5302564102564102,0.7018664047151277,0.9631040228517019,cost_plateau,1
148,1425,1625,975,4025,100,33,88,93,23,105,2,0.6254226180868386,0.9626168224299065,214,424,0.3626512799407295,3307.075958671988,9075.24413234086,12824.154618510984,3.8777925813535714,1.0,0.5394871794871795,0.7037037037037037,0.9599332220367279,cost_plateau,1
149,1440,1644,985,4069,70,58,114,148,17,67,0,0.6212919975014719,0.956221198156682,217,428,0.3662400168335137,3307.075958671988,9075.24413234086,12824.154618510984,3.8777925813535714,1.0,0.5522842639593909,0.7258064516129032,0.9895428015564203,cost_plateau,1
150,1434,1639,982,4055,103,32,76,93,21,88,0,0.6244254874794656,0.9610091743119266,218,425,0.36369851206597276,3307.075958671988,9075.24413234086,12837.683971041308,3.881883613038177,1.0,0.5458248472505092,0.7220543806646526,0.9870983446932814,cost_plateau,1
151,1430,1647,986,4063,108,30,86,92,16,75,0,0.6314008636204108,0.9717125382262998,218,426,0.3578559781067681,3307.075958671988,9075.24413234086,12837.683971041308,3.881883613038177,1.0,0.5476673427991886,0.7214934409687185,0.9907339673250427,cost_plateau,1
152,1430,1653,992,4075,108,34,78,99,15,63,0,0.634470807744115,0.9764079147640791,219,427,0.3553313476473185,3307.075958671988,9075.24413234086,12837.891030460194,3.881946224064193,1.0,0.5262096774193549,0.7185929648241206,0.9917254806522268,cost_plateau,1
153,1440,1657,991,4088,108,41,83,87,14,69,0,0.6339935382457109,0.9756468797564689,219,433,0.35557067752844085,3307.075958671988,9075.24413234086,12837.891030460194,3.881946224064193,1.0,0.5277497477295661,0.720360180090045,0.9891120251633196,cost_plateau,1
154,1444,1675,992,4111,98,49,77,113,15,52,0,0.6331723116030792,0.9743589743589745,221,434,0.3564228669998124,3307.075958671988,9078.765868869828,12837.891030460194,3.881946224064193,1.0,0.5272177419354839,0.7216391804097951,0.9937152525985014,cost_plateau,1
155,1450,1674,997,4121,101,32,74,86,16,61,0,0.6357010127232818,0.9782282282282283,222,433,0.35418087142028715,3307.075958671988,9078.765868869828,12837.968289583749,3.8819695858268255,1.0,0.5175526579739218,0.7235528942115769,0.9961324631375392,cost_plateau,1
0,2154,1437,854,4445,268,25,44,44,27,62,0,2.7960043930780468e-05,0.03960832151777864,150,698,1.0037328281915856,5833.333333333333,9166.666666666666,12500.0,2.142857142857143,1.5,0.351288056206089,1.0,1.0,cost_plateau,0
1,2159,1435,855,4449,282,34,75,75,21,68,0,3.409131232401352e-05,0.043229853876958366,149,695,1.003736551300128,5833.333333333333,9166.666666666666,12500.0,2.142857142857143,1.5,0.41403508771929826,1.0,1.0,cost_plateau,0
2,2116,1416,833,4365,377,16,37,37,19,116,3,4.1611536313708096e-05,0.04721937569841358,147,678,1.0035094879895892,5829.424450157097,9166.666666666666,12500.0,2.1442940219704085,1.5,0.36014405762304924,1.0,1.0,cost_plateau,0
3,2104,1406,835,4345,408,25,59,59,14,78,2,5.001009826737334e-05,0.050770334273556775,148,679,1.003068704448759,5822.564258281795,9166.666666666666,12500.0,2.146820446373,1.5,0.3592814371257485,1.0,1.0,cost_plateau,0
4,2108,1399,838,4345,419,33,67,67,13,65,0,6.150383813574242e-05,0.055845018936989996,148,680,1.002597107951246,5814.767943427486,9166.666666666666,12500.0,2.1496988567065562,1.5,0.3809069212410502,1.0004746084480303,1.0002302025782688,cost_plateau,0
5,2122,1410,835,4367,404,41,85,85,12,61,3,7.589239459983345e-05,0.06161685257560352,147,682,1.0021892258510778,5807.60375676301,9166.666666666666,12500.0,2.1523506980729583,1.5,0.4167664670658683,1.0,1.0,cost_plateau,0
6,2123,1417,837,4377,399,34,76,76,12,62,3,9.060867285949066e-05,0.06576344917657259,148,677,1.001689764655908,5799.586871207226,9166.666666666666,12500.0,2.1553259357244587,1.5,0.42601126472094214,0.9934487599438465,0.994546693933197,cost_plateau,0
7,2093,1402,829,4324,454,36,84,84,12,133,6,0.00011329190993644909,0.07348989344917717,146,671,1.000917530641526,5787.175852529781,9166.666666666666,12500.0,2.15994818863778,1.5,0.44149577804583834,0.9830906528886801,0.9854147675478578,cost_plateau,0
8,2082,1385,817,4284,503,37,71,71,11,109,0,0.0001358775215305085,0.07875839551926406,144,661,0.9999657787514435,5772.2986820653305,9164.835758377425,12500.0,2.1655151073241927,1.5,0.4585883312933496,0.9961722488038277,0.9972067039106145,cost_plateau,0
9,2096,1400,825,4321,471,36,88,88,10,50,4,0.00016550535456251372,0.08570283996370849,144,668,0.9990991188019909,5758.30595802523,9164.835758377425,12500.0,2.1707773242891015,1.5,0.46109090909090905,0.9985707479752263,0.996081143384048,cost_plateau,0
10,2117,1415,830,4362,436,44,92,92,10,47,0,0.00019812430094990943,0.09163799319478436,144,669,0.998334787595023,5745.811745511751,9164.835758377425,12500.0,2.1754976587536436,1.5,0.4744797371303396,1.0095374344301382,1.0055325034578146,cost_plateau,0
11,2114,1413,830,4357,447,34,73,73,11,75,2,0.00023537679260315998,0.09722653837387608,144,668,0.9974797249086124,5732.054034550138,9164.835758377425,12500.0,2.18071914965488,1.5,0.4759036144578313,1.0227382680212869,1.0222900046926326,cost_plateau,0
12,2118,1415,839,4372,441,35,70,70,10,55,1,0.00028114949200351883,0.10370010783353562,144,665,0.9965808746816422,5717.875858972693,9164.835758377425,12500.0,2.1861265106664667,1.5,0.4827175208581645,1.0187590187590188,1.014620561615224,cost_plateau,0
13,2103,1407,832,4342,473,23,52,52,10,78,4,0.0003284328681953243,0.1081573484691664,145,663,0.9955554815853622,5701.261211497235,9164.835758377425,12500.0,2.192497332834416,1.5,0.4735576923076923,1.0019056693663648,1.00462748727441,cost_plateau,0
14,2109,1411,828,4348,467,33,69,69,9,60,6,0.00039042922813174757,0.11478267249969179,145,657,0.994546885945765,5685.093246833603,9164.835758377425,12500.0,2.198732625355276,1.5,0.4963768115942029,0.9906059182714889,0.9872842870118075,cost_plateau,0
15,2115,1407,829,4351,460,34,64,64,10,56,9,0.0004575768973215179,0.12008561869565113,145,655,0.9935454519508141,5669.467959872981,9164.835758377425,12500.0,2.2047924229348763,1.5,0.5066344993968637,0.9873949579831933,0.9841664781723592,cost_plateau,0
16,2121,1414,842,4377,436,34,77,77,10,50,7,0.000533468055958109,0.12497087701508727,146,663,0.992559222832652,5654.0794039818975,9164.835758377425,12500.0,2.210793147191539,1.5,0.5,0.9828544949026877,0.9827121688370004,cost_plateau,0
17,2133,1421,835,4389,428,41,78,78,10,63,3,0.0006389463604740913,0.13360795126278974,145,657,0.991592657779677,5639.416077175966,9164.835758377425,12500.0,2.2165415406375883,1.5,0.5041916167664671,0.9916317991631799,0.9889589905362776,cost_plateau,0
18,2138,1423,841,4402,411,34,71,71,10,54,10,0.000753535720954758,0.14065266591983264,145,658,0.9906482275672351,5625.364589498118,9164.835758377425,12500.0,2.2220781962001186,1.5,0.5005945303210464,0.998598785614199,0.9970554926387316,cost_plateau,0
19,2138,1428,840,4406,405,30,63,63,10,55,8,0.0008824946717930178,0.1470473603440673,145,662,0.98969541556346,5611.14904840046,9164.835758377425,12500.0,2.227707710520238,1.5,0.49404761904761907,1.002344116268167,1.000227014755959,cost_plateau,0
20,2137,1434,841,4412,393,34,71,71,10,61,12,0.0010389777965550463,0.15455918475309227,144,665,0.9887262795052858,5596.954530588029,9164.835758377425,12500.0,2.233357432454739,1.5,0.48989298454221164,1.0099243856332702,1.0109990834097158,cost_plateau,0
21,2144,1430,851,4425,383,30,71,82,10,57,6,0.0012158743399902504,0.16150362919753672,144,662,0.9877308819815651,5583.196297923886,9164.835758377425,12500.0,2.2388609199802145,1.5,0.4770857814336075,1.0165955429113325,1.0151410874053681,cost_plateau,0
22,2144,1433,851,4428,378,24,51,52,10,47,11,0.001418739740087941,0.16829995744794232,144,659,0.9867454895558873,5569.570667300021,9164.835758377425,12500.0,2.24433816297364,1.5,0.4535840188014101,1.0151515151515151,1.0146654445462877,cost_plateau,0
23,2143,1430,845,4418,387,37,72,72,10,77,6,0.0015869692747117448,0.1681678673535999,143,661,0.9857383256573828,5555.471632426207,9164.835758377425,12500.0,2.250033989380835,1.5,0.4603550295857988,1.008470588235294,1.007295941632467,cost_plateau,0
24,2156,1435,847,4438,363,38,76,84,10,51,9,0.0018186789968612403,0.17220836827475544,144,666,0.9848579369598237,5542.774698881863,9164.835758377425,12504.515938606848,2.256002925958612,1.5,0.4628099173553719,1.0141110065851364,1.0120866590649944,cost_plateau,0
25,2192,1464,861,4517,283,55,115,132,10,35,10,0.002126417564065416,0.17998155217445325,144,669,0.9841725581810125,5534.152604905824,9164.835758377425,12508.553401360545,2.2602472852433033,1.5,0.4924506387921022,1.0242990654205608,1.0256584922797456,cost_plateau,0
26,2175,1453,860,4488,316,28,61,65,12,88,6,0.002480828598500944,0.18777781154186401,144,660,0.9832005445979306,5523.044002468307,9164.835758377425,12508.553401360545,2.2647933631834802,1.5,0.4872093023255814,1.0135135135135136,1.0144665461121158,cost_plateau,0
27,2182,1458,860,4500,304,38,79,82,11,66,10,0.0029000684356025415,0.1964003455008892,144,661,0.9822860311705036,5512.641115705874,9164.835758377425,12512.625953630755,2.269806013306665,1.5,0.49186046511627907,1.0234521575984992,1.0224948875255624,cost_plateau,0
28,2187,1459,858,4504,299,34,67,70,11,60,9,0.0033891141108289106,0.20547501101554713,144,657,0.9812191804066684,5502.618131859136,9164.835758377425,12512.625953630755,2.273940450489373,1.5,0.493006993006993,1.0248359887535146,1.0238690611502614,cost_plateau,0
29,2160,1444,858,4462,346,35,82,82,11,123,5,0.0039733649207668986,0.21580358872289762,143,650,0.9799182058575718,5489.031256133312,9164.835758377425,12512.625953630755,2.2795690841893905,1.5,0.486013986013986,1.0232117479867362,1.023394495412844,cost_plateau,0
30,2182,1464,861,4507,302,52,97,105,10,52,9,0.004548744269918387,0.2214859483040484,145,660,0.9787362772180535,5478.008927239948,9164.835758377425,12512.625953630755,2.284155816433681,1.5,0.5052264808362369,1.0331439393939394,1.031350114416476,cost_plateau,0
31,2201,1469,873,4543,265,51,69,97,11,32,11,0.005277212188350453,0.2305586016321505,145,662,0.9776106053041095,5470.685647448419,9164.835758377425,12512.625953630755,2.287213479258631,1.5,0.5223367697594502,1.0256290773532153,1.0252764612954186,cost_plateau,0
32,2183,1467,869,4519,291,30,72,72,12,94,8,0.0060843464308138655,0.23873879596839717,145,661,0.9763439495674144,5460.98116537203,9164.835758377425,12512.625953630755,2.291277991027155,1.5,0.520138089758343,1.0129930394431554,1.0157338727804002,cost_plateau,0
33,2196,1472,873,4541,270,46,78,95,11,51,5,0.006978414997345983,0.2461798061599165,146,661,0.9750236302388099,5453.027850003395,9164.835758377425,12512.625953630755,2.29461985117552,1.5,0.5360824742268041,1.018552875695733,1.0222872579918956,cost_plateau,0
34,2197,1467,872,4536,281,43,66,85,12,68,3,0.008106742868325724,0.25741161485541697,146,658,0.9734938353747152,5445.394053808993,9164.835758377425,12512.625953630755,2.2978366358773084,1.5,0.5584862385321101,1.0166589541878759,1.0177249270809963,cost_plateau,0
35,2206,1475,871,4552,270,45,81,92,12,61,3,0.009332753655357186,0.2670687625275297,147,654,0.9719411686537701,5438.567981749655,9164.835758377425,12512.625953630755,2.300720703615309,1.5,0.5683122847301951,1.0255695025569502,1.0256872465074358,cost_plateau,0
36,2175,1447,863,4485,347,27,54,54,12,120,1,0.010862435215553488,0.280519700286537,147,643,0.9698348305153487,5427.264722123611,9164.835758377425,12512.625953630755,2.3055123702782536,1.5,0.5608342989571263,1.006478482184174,1.0038048343777977,cost_plateau,0
37,2178,1452,859,4489,347,25,56,56,11,49,4,0.012555922848021147,0.2930516007205154,147,643,0.9675652422440738,5415.640801949526,9164.835758377425,12512.625953630755,2.310460832100691,1.5,0.5285215366705471,1.0083333333333333,1.0065022421524663,cost_plateau,0
38,2177,1451,867,4495,348,24,64,64,11,57,3,0.014508607736942647,0.3065210715754268,147,640,0.9650519082240888,5403.17026174881,9164.835758377425,12512.625953630755,2.3157933856374298,1.5,0.5190311418685121,1.004614674665436,1.0024531668153434,cost_plateau,0
39,2162,1444,862,4468,380,28,61,61,11,86,4,0.016461448680880775,0.3153279228608868,146,631,0.9623896916676725,5388.444567936966,9164.835758377425,12512.625953630755,2.3221220513402017,1.5,0.5104408352668214,0.9935661764705882,0.9942145082331998,cost_plateau,0
40,2171,1450,864,4485,360,31,66,70,10,45,9,0.018857799134217708,0.3280975415290843,146,630,0.9593406827211272,5374.636004906527,9164.835758377425,12512.625953630755,2.3280880681422755,1.5,0.5057870370370371,0.9904197080291971,0.9924762115512281,cost_plateau,0
41,2177,1446,861,4484,362,31,65,65,11,62,6,0.021638477772510486,0.3425678534175021,146,628,0.9558782130010517,5361.040579804659,9164.835758377425,12512.625953630755,2.3339920240049143,1.5,0.502903600464576,0.9922515952597994,0.9898454746136865,cost_plateau,0
42,2171,1454,863,4488,359,28,77,79,11,71,8,0.02442450489286287,0.3525095420221955,145,626,0.9525310458629995,5346.559141110427,9164.835758377425,12512.625953630755,2.3403137650567554,1.5,0.473928157589803,0.9783686345200541,0.9777777777777777,cost_plateau,0
43,2186,1454,866,4506,337,35,62,66,10,43,13,0.027748378330667473,0.36580173014033834,145,627,0.9486206399769987,5333.995581211748,9164.835758377425,12512.625953630755,2.3458260816159515,1.5,0.45381062355658197,0.9855725879170424,0.9853487863546906,cost_plateau,0
44,2138,1426,845,4409,435,38,83,83,11,179,9,0.03125409663721025,0.3770765809387734,143,609,0.9443274925368741,5316.167350170954,9164.835758377425,12512.625953630755,2.3536930140523853,1.5,0.47455621301775147,0.960035922766053,0.9591037633239069,cost_plateau,0
45,2142,1434,854,4430,418,29,71,71,9,50,5,0.034984747415544026,0.38705581777200515,144,604,0.9399088606145342,5298.460912303452,9164.835758377425,12512.625953630755,2.3615586036645912,1.5,0.4496487119437939,0.9498891352549889,0.9543300301594141,cost_plateau,0
46,2145,1430,846,4421,427,37,64,64,9,72,8,0.03918223656678388,0.39830281849047905,145,599,0.9348834056019227,5281.039927320586,9164.835758377425,12512.625953630755,2.3693488642073612,1.5,0.44680851063829785,0.949955713020372,0.9495274914089347,cost_plateau,0
47,2119,1421,847,4387,463,33,81,81,9,114,6,0.0441903199494474,0.4135522848800261,145,586,0.9291879727624615,5260.587709073229,9164.835758377425,12512.625953630755,2.3785604661717796,1.5,0.43211334120425027,0.9367816091954023,0.9402057436776683,cost_plateau,0
48,2135,1433,850,4418,428,39,87,87,8,52,8,0.049849316525847905,0.43030737821139325,145,582,0.9228338509372064,5241.888045407578,9164.835758377425,12512.625953630755,2.3870456303608156,1.5,0.4447058823529412,0.941358024691358,0.9438154240546892,cost_plateau,0
49,2143,1440,856,4439,407,30,68,68,9,46,8,0.05627674403020859,0.4489371967789539,145,585,0.9158689345413694,5223.999789939427,9164.835758377425,12512.625953630755,2.395219459565836,1.5,0.44742990654205606,0.9461368653421633,0.9497218656397091,cost_plateau,0
50,2127,1437,851,4415,425,40,96,96,9,118,13,0.06283757491004423,0.46410431558860865,144,570,0.908752990401364,5204.863147396822,9164.835758377425,12512.625953630755,2.4040259271540814,1.5,0.4688601645123384,0.9386584289496911,0.9435776875400727,cost_plateau,0
51,2131,1438,859,4428,408,25,58,59,9,45,13,0.07089705008932626,0.4856784445654998,144,561,0.9002727053513868,5186.563114209523,9164.835758377425,12512.625953630755,2.4125081827983865,1.5,0.4610011641443539,0.9616425992779783,0.9676573426573427,cost_plateau,0
52,2159,1464,869,4492,342,57,106,129,9,40,9,0.07951569211599606,0.5061374008892042,144,562,0.8914888003162769,5172.026624392826,9164.835758377425,12512.625953630755,2.4192887744655964,1.5,0.4856156501726122,0.9795825771324864,0.987035816304109,cost_plateau,0
53,2173,1468,877,4518,315,57,76,105,10,48,9,0.08862438733930218,0.5250798983454587,144,554,0.882347529110716,5160.519802869902,9164.835758377425,12512.625953630755,2.424683255100029,1.5,0.5108323831242874,0.9841485507246377,0.9905722429291822,cost_plateau,0
54,2185,1486,887,4558,277,69,93,132,11,49,5,0.09838520505106775,0.5435245395197036,144,550,0.8729145029672091,5152.131338105042,9164.835758377425,12512.625953630755,2.4286310135550444,1.5,0.5512965050732808,0.9824640287769785,0.9913005654632449,cost_plateau,0
55,2168,1486,886,4540,299,42,63,89,13,77,5,0.10725355451490495,0.5534614863751818,146,548,0.8643722883349106,5142.995816768688,9164.835758377425,12512.625953630755,2.432944999261609,1.5,0.5598194130925508,0.9743820224719101,0.9904013961605584,cost_plateau,0
56,2163,1495,890,4548,290,40,97,102,13,85,10,0.1179975303168538,0.5698005654165844,147,543,0.8540779654232026,5133.166887135989,9164.835758377425,12512.625953630755,2.4376035747031946,1.5,0.5595505617977528,0.9796195652173914,0.9964943032427696,cost_plateau,0
57,2150,1496,888,4534,299,37,77,82,13,88,15,0.12881374268188187,0.5831807874820757,147,535,0.843646966726964,5122.548133240328,9164.835758377425,12512.625953630755,2.4426565896835695,1.5,0.5698198198198198,0.9754990925589837,0.995171202809482,cost_plateau,0
58,2154,1506,899,4559,278,60,90,125,13,64,8,0.14097885868925578,0.5995711313178245,148,532,0.8321137171536265,5113.947311683282,9164.835758377425,12512.625953630755,2.4467647378854513,1.5,0.5884315906562848,0.9620366234926306,0.9870101753626326,cost_plateau,0
59,2167,1539,916,4622,223,83,100,174,14,35,4,0.15393616152979817,0.6162719227081632,149,534,0.8205815284873232,5110.545145898523,9164.835758377425,12528.580917728834,2.4515155546142995,1.5,0.6320960698689956,1.011671335200747,1.0466485507246377,cost_plateau,0
60,2160,1544,913,4617,237,39,60,82,17,59,2,0.16896262725514669,0.6381386669179734,149,525,0.8065651817766816,5106.396837286371,9164.835758377425,12528.580917728834,2.4535071043140357,1.5,0.6341730558598029,1.0140845070422535,1.0500341141687515,cost_plateau,0
61,2163,1570,930,4663,201,79,109,165,17,62,6,0.18277072121802707,0.6527095462048206,151,532,0.7943475917721009,5105.113757878017,9164.835758377425,12543.93853304734,2.4571320303470245,1.5,0.6752688172043011,1.006514657980456,1.0535472209670131,cost_plateau,0
62,2174,1596,945,4715,160,86,109,175,18,54,4,0.1992576198656574,0.6744635850956596,151,532,0.779330948284863,5105.113757878017,9164.835758377425,12545.398674040605,2.4574180457156363,1.5,0.7132275132275132,1.0168381665107578,1.0677083333333333,cost_plateau,0
63,2171,1616,962,4749,147,72,111,170,22,76,0,0.21361449273773433,0.6870427871027386,151,531,0.7663558577888159,5105.113757878017,9164.835758377425,12546.389786617763,2.4576121868502248,1.5,0.7494802494802495,1.0154349859681946,1.0763825929283772,cost_plateau,0
64,2158,1636,964,4758,161,44,66,90,23,57,0,0.23011135438424074,0.7050303861958003,151,521,0.751331215149643,5105.113757878017,9164.835758377425,12546.389786617763,2.4576121868502248,1.5,0.7344398340248963,1.0013921113689095,1.0675342158402512,cost_plateau,0
65,2150,1653,981,4784,154,65,84,144,21,56,0,0.24291622892892445,0.7108304603317023,153,524,0.7397756633310326,5105.113757878017,9164.835758377425,12546.875783367908,2.4577073848758113,1.5,0.7298674821610601,0.9930715935334873,1.0685727049363414,cost_plateau,0
66,1968,1533,908,4409,545,31,100,100,22,472,3,0.2553140695055861,0.7154008556705518,151,490,0.7277626830071636,5086.7124732169195,9164.835758377425,12546.875783367908,2.4665981907628955,1.5,0.7466960352422908,0.9073305670816044,0.9863534675615212,cost_plateau,0
67,1968,1562,926,4456,501,32,97,97,9,44,0,0.2700899989772592,0.7265458561670727,152,495,0.7136682795300444,5067.544518060334,9164.835758377425,12546.875783367908,2.475928082851926,1.5,0.7213822894168467,0.9044117647058824,0.9935340022296544,cost_plateau,0
68,1947,1573,933,4453,510,20,66,66,8,67,0,0.28594979889282807,0.7403129127226689,151,491,0.698475734274499,5045.440660491822,9164.835758377425,12546.875783367908,2.4867750168217926,1.5,0.6945337620578779,0.885,0.9832192536983881,cost_plateau,0
69,1932,1595,946,4473,495,20,82,82,8,60,1,0.30016767668647887,0.749751327843838,151,489,0.6848281781553986,5021.192423287667,9164.835758377425,12546.875783367908,2.4987840986091383,1.5,0.6670190274841438,0.8789808917197452,0.985459352280238,cost_plateau,0
70,1943,1634,972,4549,424,32,109,114,8,32,2,0.31727672687201713,0.7663600201134447,151,492,0.6685478868052961,4997.707509682193,9164.835758377425,12546.875783367908,2.51052622808768,1.5,0.6203703703703703,0.8783905967450272,0.9962768287341218,cost_plateau,0
71,1927,1657,980,4564,411,45,96,126,7,78,2,0.3319445035545128,0.7770788589229072,151,493,0.6545494171761131,4973.7706710622515,9164.835758377425,12546.875783367908,2.522608421889356,1.5,0.576530612244898,0.8664568345323741,0.9956369982547993,cost_plateau,0
72,1896,1660,983,4539,440,33,91,106,7,114,1,0.34732566515767677,0.7896799633789587,150,490,0.6398801853564354,4948.90181770694,9164.835758377425,12546.875783367908,2.5352848461199557,1.5,0.5686673448626653,0.8513695554557701,0.9865246685503152,cost_plateau,0
73,1855,1646,980,4481,500,24,82,82,7,137,2,0.36309191752218056,0.8033392809631307,149,480,0.6248500033146697,4924.157308618405,9164.835758377425,12546.875783367908,2.5480249709748297,1.5,0.5142857142857142,0.8389868837630031,0.9820293666447513,cost_plateau,0
74,1865,1680,1001,4546,439,69,106,171,8,40,3,0.374846314007307,0.8085392413122652,150,482,0.6135499190955646,4899.536522075313,9164.835758377425,12546.875783367908,2.5608291165576182,1.5,0.4865134865134865,0.8382022471910112,0.9891209747606614,cost_plateau,0
75,1859,1702,1008,4569,417,53,71,118,8,44,3,0.38631759835925894,0.8137669287306633,151,486,0.6025153326600109,4875.038839464936,9164.835758377425,12546.875783367908,2.573697604580521,1.5,0.4642857142857143,0.8321396598030438,0.9908913467794405,cost_plateau,0
76,1848,1717,1023,4588,400,62,85,147,8,65,5,0.4000732159871495,0.8243133244188635,151,482,0.5895143529626562,4851.882404977478,9164.835758377425,12546.875783367908,2.5859810143989157,1.5,0.4750733137829912,0.8298158958239784,0.9978251413658112,cost_plateau,0
77,1844,1736,1031,4611,368,49,87,115,8,62,15,0.41368397735880785,0.8349470057017384,150,483,0.5766400036978937,4830.93069578564,9164.835758377425,12546.875783367908,2.5971963941261733,1.5,0.45586808923375366,0.82174688057041,0.9961114711600778,cost_plateau,0
78,1838,1767,1048,4653,322,73,97,167,9,54,12,0.42686516387172235,0.8451082044326711,150,480,0.5644494652391896,4814.246092549269,9164.835758377425,12546.875783367908,2.606197427835271,1.5,0.48854961832061067,0.8205357142857143,1.005619191700886,cost_plateau,0
79,1822,1769,1045,4636,339,39,92,105,11,108,10,0.4389697964650459,0.8535702390233295,149,481,0.5530263036481262,4796.68562074911,9164.835758377425,12546.875783367908,2.6157386110721244,1.5,0.4966507177033493,0.8192446043165468,1.010462074978204,cost_plateau,0
80,1761,1712,1019,4492,481,25,81,81,11,221,9,0.44991138094203775,0.8602555233547482,147,468,0.5424628187292037,4772.702192645364,9164.835758377425,12546.875783367908,2.62888302620314,1.5,0.5142296368989205,0.7925292529252925,0.9803579223046704,cost_plateau,0
81,1741,1714,1017,4472,499,26,92,92,10,108,8,0.4569262148912166,0.8600425553562576,147,470,0.5356414035440288,4748.838681682138,9164.835758377425,12546.875783367908,2.642093493671498,1.5,0.5211406096361848,0.7845876520955385,0.9770592090889229,cost_plateau,0
82,1729,1729,1030,4488,484,16,66,66,10,48,7,0.46671693303330986,0.8656576628434872,147,466,0.5264080827163561,4725.094488273727,9164.835758377425,12546.875783367908,2.6553703453984903,1.5,0.49902912621359224,0.7774280575539568,0.9790575916230366,cost_plateau,0
83,1745,1755,1046,4546,424,33,100,113,10,40,10,0.4698762530171975,0.8596289653058923,149,470,0.5230630305326454,4701.469015832358,9164.835758377425,12546.875783367908,2.668713914973357,1.5,0.47992351816443596,0.7807606263982103,0.9874022589052998,cost_plateau,0
84,1716,1745,1047,4508,460,26,86,86,11,123,12,0.4746780800389341,0.8573363334804148,149,462,0.5183735352791796,4677.961670753197,9164.835758377425,12546.875783367908,2.682124537661665,1.5,0.47277936962750716,0.7715827338129496,0.9827774144320907,cost_plateau,0
85,1736,1790,1065,4591,380,86,115,197,11,27,3,0.4800892616165152,0.8567692753209463,151,467,0.513230759847199,4654.941582985808,9164.835758377425,12557.125343866997,2.6975903177312293,1.5,0.5230046948356808,0.781981981981982,1.0043754101947058,cost_plateau,0
86,1694,1758,1046,4498,471,42,128,128,12,217,10,0.4851870319998184,0.8562173989412551,151,455,0.5081692450024374,4631.666875070879,9164.835758377425,12557.125343866997,2.7111460479710847,1.5,0.5066921606118547,0.7640956247180875,0.9829545454545454,cost_plateau,0
87,1668,1744,1038,4450,524,34,104,104,13,151,7,0.4979807945517112,0.8696473201461921,149,450,0.4961252029653859,4608.508540695524,9164.835758377425,12557.125343866997,2.7247698974583767,1.5,0.49229287090558765,0.745641484130532,0.963620614984842,cost_plateau,0
88,1653,1740,1033,4426,553,19,63,63,14,86,8,0.5107869591625602,0.8833442226544888,148,446,0.48406077778506895,4585.465997992046,9164.835758377425,12557.125343866997,2.7384622085008816,1.5,0.4530493707647628,0.7429213483146068,0.9630113141862489,cost_plateau,0
89,1651,1742,1035,4428,552,27,76,76,14,68,7,0.5225514424542397,0.8954992886006612,146,446,0.4729183895411575,4562.538668002086,9164.835758377425,12557.125343866997,2.7522233251265145,1.5,0.43091787439613527,0.7396953405017921,0.9611460820490558,cost_plateau,0
90,1664,1762,1051,4477,500,31,92,93,14,40,14,0.5337208490612274,0.9069148137148163,146,447,0.4623877865958192,4539.725974662075,9164.835758377425,12557.125343866997,2.7660535930919745,1.5,0.384395813510942,0.760164458656921,0.9889551579412414,cost_plateau,0
91,1666,1775,1059,4500,479,24,86,99,13,60,8,0.5398970502778674,0.910194543563376,147,449,0.4564352349241608,4517.027344788765,9164.835758377425,12557.125343866997,2.779953359891431,1.5,0.36732766761095376,0.7745234774523477,1.0096477451200359,cost_plateau,0
92,1676,1802,1064,4542,438,56,85,123,13,39,8,0.5489703303043123,0.9187206425747112,147,450,0.44783791468311623,4494.442208064821,9164.835758377425,12557.125343866997,2.7939229747652576,1.5,0.39473684210526316,0.7791724779172478,1.0197575213291423,cost_plateau,0
93,1672,1807,1069,4548,422,37,79,102,13,70,20,0.5492943258197392,0.9130146577000333,148,454,0.44722215663665543,4471.9699970244965,9164.835758377425,12557.125343866997,2.8079627887088017,1.5,0.4031805425631431,0.7669724770642202,1.0115658362989324,cost_plateau,0
94,1660,1821,1077,4558,413,49,91,129,12,77,7,0.5613469049641421,0.927162149702528,147,453,0.43613540702509135,4449.610147039374,9164.835758377425,12557.125343866997,2.822073154481208,1.5,0.4308263695450325,0.7678075855689177,1.0231200897867565,cost_plateau,0
95,1664,1832,1083,4579,380,52,82,122,12,55,18,0.5615948892722462,0.9221476922046872,149,454,0.43567962153590606,4427.362096304178,9164.835758377425,12566.795373910196,2.8384385782225854,1.5,0.44598337950138506,0.772875058058523,1.0285265049415993,cost_plateau,0
96,1664,1832,1090,4586,365,41,72,100,11,61,15,0.5627217481482549,0.9189954245545564,150,452,0.43442267500438797,4405.428415904036,9164.835758377425,12576.249293365798,2.854716523815092,1.5,0.45688073394495415,0.7743136342484876,1.033115566569047,cost_plateau,0
97,1643,1811,1080,4534,411,28,82,82,11,127,10,0.5645320155230632,0.9173360053479964,150,442,0.43242477278226843,4383.4012738245165,9164.835758377425,12576.249293365798,2.8690618329799915,1.5,0.4074074074074074,0.7702766057196437,1.0278848333711177,cost_plateau,0
98,1631,1800,1078,4509,429,38,112,112,10,137,17,0.5661282257814858,0.9156759435024246,151,443,0.4306438415360789,4361.484267455394,9164.835758377425,12576.249293365798,2.8834792291256197,1.5,0.4044526901669759,0.7715231788079471,1.0344115622849277,cost_plateau,0
99,1634,1805,1077,4516,422,32,93,93,10,83,7,0.5726487817286795,0.9222716055772886,150,446,0.42434859863351965,4339.676846118117,9164.835758377425,12576.249293365798,2.89796907449811,1.5,0.40297121634168986,0.7667761614265604,1.026130424903431,cost_plateau,0
100,1648,1822,1082,4552,374,29,81,90,9,40,16,0.582873500883581,0.9350493833550663,150,442,0.41471397520359365,4317.9784618875265,9164.835758377425,12576.249293365798,2.91253173316393,1.5,0.41035120147874304,0.7700934579439253,1.0314978472694312,cost_plateau,0
101,1645,1832,1086,4563,362,41,97,111,10,85,10,0.5810651838956149,0.9287768037495171,152,442,0.41609384910588126,4296.388569578089,9164.835758377425,12576.249293365798,2.927167571019025,1.5,0.42173112338858193,0.7665424044734389,1.0288613303269447,cost_plateau,0
102,1640,1837,1089,4566,353,49,73,121,9,65,10,0.5839240360208379,0.9302429058653243,154,444,0.4136582020397073,4276.775848841571,9164.835758377425,12608.83898620866,2.9482113236362277,1.5,0.43709825528007346,0.8253648716658278,1.1125730994152048,cost_plateau,0
103,1662,1866,1100,4628,287,68,107,156,10,41,10,0.58610808436241,0.9308712197966033,155,456,0.4116750318821374,4262.581434082858,9164.835758377425,12629.471631822456,2.962869291091873,1.5,0.4727272727272727,0.8351758793969849,1.1241195044935632,cost_plateau,0
104,1658,1849,1099,4606,307,28,79,84,12,97,10,0.5920336991241409,0.9376486205625759,155,449,0.4060269099887542,4247.903099247217,9164.835758377425,12629.471631822456,2.9731072806393724,1.5,0.44767970882620567,0.829,1.11336717428088,cost_plateau,0
105,1666,1861,1103,4630,284,40,106,123,12,76,5,0.593217066400669,0.9371109861539737,155,451,0.4047352766281385,4234.054368465988,9164.835758377425,12629.471631822456,2.982831709928693,1.5,0.4487760652765186,0.8371859296482412,1.1246052951178043,cost_plateau,0
106,1681,1893,1127,4701,218,93,121,214,12,47,4,0.5954598110137989,0.9384429056509506,157,457,0.4031267472179041,4226.687693566877,9164.835758377425,12660.244062258113,2.9953109811087573,1.5,0.4782608695652174,0.8426065162907268,1.1415735794074793,cost_plateau,0
107,1697,1911,1138,4746,179,63,94,143,15,46,6,0.6064725259775026,0.9537436843817285,157,459,0.3931460580983399,4223.53176675568,9164.835758377425,12660.244062258113,2.9975491511416097,1.5,0.4833040421792619,0.8553427419354839,1.1564327485380117,cost_plateau,0
108,1710,1924,1147,4781,146,62,101,153,17,58,7,0.611110723094214,0.9591487735412693,158,462,0.3891578928165855,4223.53176675568,9164.835758377425,12679.074381674165,3.0020075808293583,1.5,0.4978204010462075,0.8558558558558559,1.1584686212745336,cost_plateau,0
109,1670,1889,1128,4687,253,32,102,102,21,195,7,0.61441533785369,0.9626040735850566,157,457,0.3861987664206261,4217.840162449677,9164.835758377425,12679.074381674165,3.006058526008793,1.5,0.5097517730496454,0.8459979736575481,1.1451258245785487,cost_plateau,0
110,1655,1884,1117,4656,292,45,131,131,17,156,3,0.6049041020591271,0.9461497211434432,157,455,0.3946963928381011,4209.077621899874,9164.835758377425,12679.074381674165,3.012316597751681,1.5,0.5210384959713519,0.8308232931726908,1.1284537081919535,cost_plateau,0
111,1662,1881,1125,4668,288,39,111,111,14,94,1,0.597824324839938,0.9336781219903753,160,453,0.40090009866555665,4199.842945535959,9164.835758377425,12679.074381674165,3.0189401237374454,1.5,0.5235555555555556,0.8589147286821706,1.1655430711610486,cost_plateau,0
112,1664,1906,1136,4706,257,31,113,121,14,70,2,0.6073226549616044,0.947219788657042,160,453,0.3923705297417146,4189.692041737791,9164.835758377425,12679.074381674165,3.0262544968377116,1.5,0.5202464788732394,0.8639667705088265,1.1788577154308617,cost_plateau,0
113,1664,1903,1139,4706,265,37,112,118,12,109,1,0.6074091350850813,0.9461781219903754,160,459,0.3921240303103971,4178.51952962649,9164.835758377425,12679.074381674165,3.0343460864014493,1.5,0.5153643546971027,0.8559670781893004,1.175031210986267,cost_plateau,0
114,1671,1907,1150,4728,251,37,90,110,11,67,2,0.6127832333709645,0.953469788657042,160,456,0.38714358996046244,4167.949310087965,9164.835758377425,12679.074381674165,3.0420414065464176,1.5,0.5,0.8542944785276073,1.166255550074001,cost_plateau,0
115,1676,1922,1160,4758,223,55,88,141,10,52,2,0.6106767527448523,0.94921369847726,163,456,0.38902064175357354,4160.24585056226,9164.835758377425,12679.074381674165,3.047674305104007,1.5,0.4844827586206897,0.8486075949367089,1.1633251833740832,cost_plateau,0
116,1684,1927,1156,4767,221,47,90,113,11,80,3,0.6209082232638833,0.9642126789366054,163,462,0.37961615352873906,4154.116583010877,9164.835758377425,12679.074381674165,3.052171052090323,1.5,0.5025951557093425,0.8517956499747091,1.1641025641025642,cost_plateau,0
117,1692,1940,1167,4799,193,48,97,129,13,58,2,0.620268700251061,0.9623983739837397,164,463,0.38037275072239185,4149.466616968355,9164.835758377425,12697.174928306444,3.0599535073698547,1.5,0.50471293916024,0.8468468468468469,1.1597390043499276,cost_plateau,0
118,1698,1949,1177,4824,175,56,101,144,14,69,0,0.6222000250351475,0.9646464646464648,165,465,0.37864614541466557,4146.679628712003,9164.835758377425,12697.174928306444,3.0620101057216957,1.5,0.4689889549702634,0.8443560417702636,1.1568345323741007,cost_plateau,0
119,1708,1954,1175,4837,168,55,125,141,16,105,3,0.6206830277130586,0.9616161616161616,165,466,0.37988196435849547,4144.699125008738,9164.835758377425,12697.174928306444,3.0634732571280856,1.5,0.46297872340425533,0.8422090729783037,1.1571770334928229,cost_plateau,0
120,1720,1977,1187,4884,133,71,102,162,18,50,1,0.6269525893399241,0.9707070707070709,165,470,0.3743090065447409,4144.699125008738,9164.835758377425,12697.174928306444,3.0634732571280856,1.5,0.4658803706823926,0.8502224419179436,1.1698203592814371,cost_plateau,0
121,1741,2021,1210,4972,59,104,128,228,23,37,6,0.6212447807804654,0.9613095238095238,168,480,0.37967336181099565,4144.699125008738,9164.835758377425,12703.26117744563,3.0649416988546427,1.5,0.5165289256198347,0.8661691542288558,1.1954796826160135,cost_plateau,0
122,1768,2017,1214,4999,64,58,105,130,38,73,1,0.6193323819329819,0.9578431372549019,170,482,0.38119469283857454,4144.699125008738,9169.225064942915,12703.26117744563,3.0649416988546427,1.5,0.5255354200988468,0.8831168831168831,1.206322393822394,cost_plateau,0
123,1779,2018,1221,5018,77,54,99,137,37,76,1,0.6259724692380224,0.9676470588235294,170,479,0.3756182023640546,4144.699125008738,9196.32380542226,12703.26117744563,3.0649416988546427,1.5,0.5348075348075348,0.885515181682429,1.2071205196054848,cost_plateau,0
124,1783,2032,1223,5038,94,50,87,124,37,67,0,0.6276447786535194,0.9698083999610692,171,481,0.37443702853403166,4144.699125008738,9209.61140714112,12709.015557406632,3.0663300698286124,1.5,0.5494685200327064,0.9138903126601743,1.2510553762105785,cost_plateau,0
125,1781,2030,1219,5030,130,33,97,97,32,101,0,0.6187832149947303,0.9557365889143401,175,485,0.38241917182465934,4144.699125008738,9209.61140714112,12709.015557406632,3.0663300698286124,1.5,0.5479901558654635,0.9218426501035196,1.2616002006521194,cost_plateau,0
126,1773,2017,1210,5000,177,32,95,95,24,118,0,0.6182491642919586,0.9545676310227814,176,479,0.3828555519405893,4144.699125008738,9209.61140714112,12709.015557406632,3.0663300698286124,1.5,0.5479338842975207,0.9143888602372356,1.247193813918683,cost_plateau,0
127,1782,2027,1216,5025,168,35,97,98,20,69,1,0.615627034128477,0.9502080245438147,179,485,0.3852123442356352,4144.203980726038,9209.61140714112,12709.015557406632,3.0666964310912355,1.5,0.5287828947368421,0.9147843942505134,1.2493784186971655,cost_plateau,0
128,1796,2043,1227,5066,146,59,95,145,21,52,0,0.6198898159504455,0.9565031651482011,180,487,0.3813757349515563,4144.203980726038,9209.61140714112,12709.015557406632,3.0666964310912355,1.5,0.5338223308883455,0.920553562275756,1.2555142503097894,cost_plateau,0
129,1813,2061,1236,5110,121,65,110,146,22,63,0,0.6269598924106319,0.9671513132963491,180,494,0.3749692361896572,4144.203980726038,9209.61140714112,12709.015557406632,3.0666964310912355,1.5,0.5436893203883495,0.9207719654647029,1.258000984736583,cost_plateau,0
130,1811,2065,1233,5109,143,36,89,104,26,85,0,0.6234880790770996,0.9615599069231291,182,499,0.3781891133246383,4144.203980726038,9213.491485554781,12709.015557406632,3.0666964310912355,1.5,0.5287915652879156,0.919756221432199,1.2568265682656827,cost_plateau,0
131,1821,2082,1239,5142,131,52,91,132,24,55,0,0.6247790901895172,0.9633364296739646,184,503,0.37716444809361144,4144.203980726038,9217.191043134957,12714.369961055516,3.067988453316441,1.5,0.5238095238095238,0.9338461538461539,1.278786371549366,cost_plateau,0
132,1820,2091,1240,5151,143,45,102,128,27,87,0,0.6315695698567526,0.9736096706375748,183,498,0.37109183151658387,4144.203980726038,9217.191043134957,12714.369961055516,3.067988453316441,1.5,0.5024193548387097,0.9405684754521964,1.2848590670990272,cost_plateau,0
133,1837,2106,1257,5200,116,75,107,176,26,55,1,0.6338355262029952,0.976923386195704,184,499,0.36966768092568525,4144.203980726038,9238.14636636123,12739.515485099417,3.0740560899870415,1.5,0.47255369928400953,0.9542857142857143,1.3048933500627353,cost_plateau,0
134,1834,2103,1258,5195,148,37,95,113,32,96,1,0.62810874439818,0.9679353104813342,187,504,0.3749239881164426,4144.203980726038,9238.14636636123,12744.416856716894,3.075238795191774,1.5,0.45548489666136727,0.961719979024646,1.3145242914979758,cost_plateau,0
135,1841,2105,1255,5201,162,36,97,105,26,85,0,0.6268761788808951,0.9658895552837384,188,504,0.3759563102944473,4144.203980726038,9238.14636636123,12744.416856716894,3.075238795191774,1.5,0.44223107569721115,0.9533920248575868,1.3041624874623872,cost_plateau,0
136,1856,2133,1272,5261,121,90,132,211,24,67,0,0.6334835172567441,0.9759358288770054,187,506,0.3704229362650431,4144.203980726038,9238.14636636123,12779.043196855899,3.083594160974936,1.5,0.46776729559748426,0.954241645244216,1.31164298180005,cost_plateau,0
137,1875,2146,1283,5304,108,63,102,154,32,57,0,0.6347968382761338,0.977836879432624,188,514,0.36967421403534845,4144.203980726038,9241.194179794307,12823.207092050645,3.09425094703087,1.5,0.48713951675759937,0.9576098059244127,1.3109243697478992,cost_plateau,0
138,1875,2150,1287,5312,135,44,102,123,36,94,1,0.6320823689646651,0.9735449735449735,189,511,0.37222696703340075,4144.203980726038,9241.194179794307,12827.45160348904,3.095275151307044,1.5,0.494949494949495,0.9576098059244127,1.3161546085232905,cost_plateau,0
139,1896,2162,1297,5355,118,71,121,165,29,75,0,0.6306276499321842,0.9712041884816754,191,510,0.3735027655278828,4144.203980726038,9241.194179794307,12831.46698155459,3.0962440655024412,1.5,0.5188897455666923,0.9678407350689127,1.3258232235701906,cost_plateau,0
140,1903,2169,1295,5367,131,56,87,133,33,67,0,0.6297589780456214,0.969775474956822,193,516,0.37448117455426544,4144.203980726038,9241.194179794307,12855.346391149606,3.1020061876629517,1.5,0.5173745173745173,0.9753972321886212,1.3330849478390463,cost_plateau,0
141,1909,2186,1306,5401,126,51,101,135,34,63,1,0.6251428483896595,0.9625850340136055,196,521,0.37901165629911093,4144.203980726038,9241.194179794307,12878.852185316577,3.1076781560979736,1.5,0.5022970903522205,0.9759713701431493,1.3355588526211672,cost_plateau,0
142,1943,2214,1325,5482,73,96,134,219,32,49,0,0.6275125352969888,0.9661590524534688,197,529,0.377197688388374,4144.203980726038,9251.929659211846,12901.693923154686,3.11318988716728,1.5,0.540377358490566,0.9857940131912735,1.3446161393181262,cost_plateau,0
143,1926,2205,1315,5446,153,32,103,104,47,136,0,0.6339931604527369,0.9760683760683759,195,525,0.3713573209652874,4144.203980726038,9251.929659211846,12901.693923154686,3.11318988716728,1.5,0.529277566539924,0.9786585365853658,1.335786117243071,cost_plateau,0
144,1820,2098,1244,5162,462,26,90,90,27,372,0,0.6356277429190154,0.9785223367697593,194,502,0.3697982835614196,4134.184851561908,9251.929659211846,12901.693923154686,3.120734651785197,1.5,0.5442122186495176,0.9131961866532865,1.256572541382668,cost_plateau,0
145,1821,2105,1251,5177,460,23,82,82,14,66,0,0.6309308396253566,0.9712351945854483,197,498,0.3739830912718737,4123.088243125889,9251.929659211846,12901.693923154686,3.1291335917111884,1.5,0.49960031974420466,0.9055196419691696,1.2474698795180723,cost_plateau,0
146,1809,2086,1238,5133,514,27,75,75,15,114,0,0.6330785375448488,0.9744897959183674,196,500,0.3717703667011868,4109.587417570221,9251.929659211846,12901.693923154686,3.1394134282177566,1.5,0.49676898222940225,0.9187404773996953,1.259941089837997,cost_plateau,0
147,1816,2099,1250,5165,492,31,105,105,14,69,0,0.6315441454844731,0.9720812182741116,197,496,0.37303873855428615,4095.652232830961,9251.929659211846,12901.693923154686,3.150095073925964,1.5,0.488,0.9185634800202327,1.262218963831867,cost_plateau,0
148,1817,2110,1254,5181,488,32,107,107,15,89,1,0.6310220682019525,0.9712351945854483,197,501,0.3733649747462183,4080.7207640846964,9251.929659211846,12901.693923154686,3.1616213578506223,1.5,0.44019138755980863,0.9071392910634049,1.2490356798457087,cost_plateau,0
149,1811,2097,1246,5154,525,25,68,68,14,92,1,0.635371764513123,0.977891156462585,196,501,0.3691163560568793,4064.235257309307,9251.929659211846,12901.693923154686,3.174445647542594,1.5,0.41252006420545745,0.9050474762618691,1.2473378509196515,cost_plateau,0
150,1783,2075,1231,5089,601,26,87,87,14,149,0,0.6331846585083529,0.9744897959183674,196,497,0.370890710227577,4044.0974581200057,9251.929659211846,12901.693923154686,3.1902529691142365,1.5,0.40292445166531277,0.8906093906093906,1.2310111272375424,cost_plateau,0
151,1791,2065,1220,5076,621,45,106,106,13,113,0,0.6284503219502965,0.9671717171717171,198,500,0.37465021837914975,4023.8769708294058,9251.929659211846,12901.693923154686,3.2062843910695844,1.5,0.38524590163934425,0.9004524886877828,1.2386530014641288,cost_plateau,0
152,1784,2067,1228,5079,626,26,92,92,13,86,2,0.6306569996576965,0.9705387205387206,198,497,0.372512336506516,4003.7575859752587,9251.929659211846,12901.693923154686,3.2223963729342557,1.5,0.3583061889250814,0.8911088911088911,1.2315712900096993,cost_plateau,0
153,1792,2074,1233,5099,615,39,111,111,13,88,1,0.6296818911300377,0.9690117252931323,199,506,0.3730827161309501,3983.7387980453823,9251.929659211846,12901.693923154686,3.2385893195319158,1.5,0.3471208434712084,0.888448190381755,1.2260158691993268,cost_plateau,0
154,1813,2097,1251,5161,561,41,118,118,13,55,4,0.6288201845594601,0.9676616915422885,201,510,0.37358956472325144,3963.8201040551553,9251.929659211846,12901.693923154686,3.254863637720518,1.5,0.2981614708233413,0.9015415216310293,1.2460164171897634,cost_plateau,0
155,1834,2113,1262,5209,513,43,118,118,13,70,13,0.624896018308117,0.9616013071895426,204,511,0.37678651364897386,3945.436703825162,9251.929659211846,12901.693923154686,3.2700293761261694,1.5,0.30427892234548337,0.9070227497527201,1.247963584091998,cost_plateau,0
0,2167,1440,858,4465,247,31,60,60,27,57,0,1.6963686010845535e-05,0.024030832401680656,150,691,1.0037429531094595,5833.333333333333,9166.666666666666,12500.0,2.142857142857143,1.5,0.43356643356643354,1.0,1.0,cost_plateau,1
1,2165,1443,859,4467,265,29,75,75,23,70,0,1.999854879417551e-05,0.02535937408060591,152,697,1.0037287565894386,5833.333333333333,9166.666666666666,12500.0,2.142857142857143,1.5,0.4190919674039581,1.0,1.0,cost_plateau,1
2,2168,1447,864,4479,268,40,85,85,19,70,1,2.590000029623221e-05,0.02939045161314855,151,700,1.0037059474124392,5833.333333333333,9166.666666666666,12500.0,2.142857142857143,1.5,0.46296296296296297,1.0,1.0,cost_plateau,1
3,2165,1446,857,4468,291,30,68,68,18,76,3,3.250068484918417e-05,0.03299474888232944,151,695,1.003697931411028,5832.907650968746,9166.666666666666,12500.0,2.143013527382688,1.5,0.45507584597432904,1.0,1.0,cost_plateau,1
4,2143,1436,851,4430,339,25,63,63,16,98,3,4.1200519985567854e-05,0.03740975991985703,151,692,1.0033952110817894,5828.19409084253,9166.666666666666,12500.0,2.144746692571624,1.5,0.4371327849588719,1.0,1.0,cost_plateau,1
5,2148,1438,847,4433,344,41,82,82,14,77,4,5.243468922902752e-05,0.04257159802518163,151,695,1.003095111353742,5822.879717389419,9166.666666666666,12500.0,2.1467041406797502,1.5,0.4628099173553719,1.0,1.0,cost_plateau,1
6,2125,1422,836,4383,399,23,49,49,13,94,3,6.469568282667085e-05,0.046955894124099694,149,689,1.0025451154481584,5813.673140846289,9166.666666666666,12500.0,2.1501036775143487,1.5,0.4490772385509228,1.0,1.0,cost_plateau,1
7,2100,1401,834,4335,457,32,63,63,12,109,0,8.224013128841456e-05,0.05334730863856208,150,686,1.001700644422899,5800.169167960064,9166.666666666666,12500.0,2.1551095559504665,1.5,0.45143884892086333,1.0,1.0,cost_plateau,1
8,2097,1403,835,4335,459,39,89,89,10,86,5,0.00010495315453159699,0.060833771196937905,150,683,1.0008138794488042,5785.704845678139,9166.666666666666,12500.0,2.160497352252141,1.5,0.46307385229540915,1.0,1.0,cost_plateau,1
9,2092,1399,838,4329,470,25,59,59,10,62,2,0.00013444044718167062,0.0696166487175986,151,683,0.9998334180594816,5769.845601791805,9166.666666666666,12500.0,2.1664357874876528,1.5,0.4510739856801909,1.0,1.0,cost_plateau,1
10,2108,1416,840,4364,444,48,103,103,10,67,0,0.00017282120680516778,0.07993460921853475,150,682,0.9989282208376212,5754.9029373996855,9166.666666666666,12500.0,2.1720609601885035,1.5,0.4714285714285714,1.0,1.0,cost_plateau,1
11,2110,1415,845,4370,441,31,64,64,10,55,4,0.00021503378030309213,0.08882349810742363,150,678,0.9979697491377244,5739.5171394027775,9166.666666666666,12500.0,2.177883556472955,1.5,0.4662721893491124,1.0,1.0,cost_plateau,1
12,2118,1416,847,4381,436,42,82,82,10,70,3,0.0002606283943789496,0.09613103836317816,149,679,0.9970346784195787,5724.399787133884,9166.666666666666,12500.0,2.1836350473100956,1.5,0.4781582054309327,1.0,1.0,cost_plateau,1
13,2123,1415,844,4382,442,36,66,66,10,65,3,0.00031229352945347954,0.1028424477591513,149,678,0.9960924099020121,5709.197052868666,9166.666666666666,12500.0,2.1894497394724186,1.5,0.4881516587677725,1.0,1.0,cost_plateau,1
14,2153,1433,857,4443,387,45,95,95,10,33,3,0.0003659115260446944,0.10757468916665712,149,685,0.9953053378431542,5696.816277826492,9166.666666666666,12500.0,2.1942080260957844,1.5,0.4865810968494749,1.0004646840148699,1.0002251238181,cost_plateau,1
15,2128,1418,844,4390,435,28,61,61,11,108,10,0.0004295670030569552,0.11273475482544933,148,677,0.9943356948726652,5681.362099250192,9166.666666666666,12500.0,2.200176609346852,1.5,0.49170616113744076,1.0,1.0,cost_plateau,1
16,2123,1407,843,4373,452,26,56,56,10,72,9,0.0004979754640247717,0.11665633916805249,148,675,0.9932989358812228,5665.172526764118,9166.666666666666,12500.0,2.2064641351955188,1.5,0.49347568208778175,0.9925198690977092,0.9907113729043951,cost_plateau,1
17,2098,1397,827,4322,501,29,64,64,9,109,5,0.0005825675870990102,0.12181877321697608,148,662,0.9920816568929037,5645.758274809574,9166.666666666666,12500.0,2.2140515749271277,1.5,0.48851269649334944,0.9854391733208079,0.9842860396265087,cost_plateau,1
18,2086,1392,823,4301,517,35,76,76,9,93,10,0.0006925124907663452,0.1292622569845206,147,664,0.9907438391782072,5624.84195380444,9166.666666666666,12500.0,2.2222846619797827,1.5,0.5054678007290401,0.9834983498349835,0.9808437856328392,cost_plateau,1
19,2078,1387,824,4289,527,22,58,58,8,68,8,0.0008174096874146132,0.1362024505029301,147,661,0.9893177997361653,5602.706948221047,9166.666666666666,12500.0,2.231064397178396,1.5,0.49271844660194175,0.9755868544600939,0.9772157666894509,cost_plateau,1
20,2061,1371,818,4250,565,40,81,81,8,118,7,0.0009377653557976516,0.13950273948332584,145,656,0.9876411721859717,5578.541874806026,9163.637574950033,12500.0,2.240728900226216,1.5,0.49755501222493886,0.9884892086330935,0.9869948908499768,cost_plateau,1
21,2066,1378,819,4263,545,38,79,79,8,62,11,0.0011303061737813203,0.15013767719740562,144,649,0.9860623305164697,5555.3284526829975,9162.746241781517,12500.0,2.2500919804234094,1.5,0.5128205128205128,0.9956626506024097,0.9969597754911131,cost_plateau,1
22,2066,1381,821,4268,541,29,71,71,8,64,5,0.0013589353705149548,0.16120558166503043,143,653,0.984475006063195,5531.835680762998,9162.746241781517,12500.0,2.259647741068819,1.5,0.4884287454323995,0.9966232513265798,0.9955679962677864,cost_plateau,1
23,2049,1376,813,4238,564,21,45,45,8,71,11,0.001617596220399815,0.17141334174430783,142,646,0.9827307981643008,5506.8192416722595,9161.524542282612,12500.0,2.269912893709603,1.5,0.48093480934809346,1.0,1.0021281626862142,cost_plateau,1
24,1974,1315,783,4072,726,28,52,52,8,217,11,0.001925438505125706,0.1823172884018193,140,621,0.9799867183960502,5479.2851454638985,9141.674572441,12500.0,2.28131949116543,1.5,0.48148148148148145,0.9648093841642229,0.9633309675893068,cost_plateau,1
25,1973,1311,773,4057,736,30,54,54,8,63,7,0.002197064380687502,0.1859611508791956,139,608,0.9772333375845785,5451.888719736579,9120.915226047011,12500.0,2.292783408206462,1.5,0.4799482535575679,0.9600973236009732,0.9554875176636834,cost_plateau,1
26,1984,1316,783,4083,703,35,72,72,8,44,13,0.002600243324524967,0.19681649963672546,139,610,0.9745150831396734,5424.629276137896,9101.991458007924,12500.0,2.3043049328708163,1.5,0.4610472541507024,0.9570670525808008,0.9539719626168224,cost_plateau,1
27,1987,1326,787,4100,681,30,68,68,8,49,11,0.003057828214922718,0.20708425722664445,139,608,0.9719258031080485,5397.5061297572065,9086.4141018854,12500.0,2.3158843546440364,1.5,0.46124523506988563,0.9529976019184653,0.9534883720930233,cost_plateau,1
28,1997,1339,791,4127,646,30,74,74,8,44,13,0.00357422208149718,0.21669772617600705,139,612,0.9694603109420703,5370.518599108421,9075.624745381556,12500.0,2.3275219644663685,1.5,0.4639696586599241,0.9500475737392959,0.9502647939212526,cost_plateau,1
29,1988,1321,786,4095,661,28,52,52,8,81,22,0.00409812437320556,0.22257959296621546,137,604,0.9667031614835884,5343.666006112879,9059.918804970983,12500.0,2.3392180547400687,1.5,0.46564885496183206,0.9444180522565321,0.9415957691423316,cost_plateau,1
30,1992,1332,788,4112,638,27,64,64,8,45,12,0.004742541558017956,0.23092226162184593,138,601,0.9641025781106591,5316.9476760823145,9047.851066039613,12500.0,2.3509729193367526,1.5,0.4543147208121827,0.9526542324246772,0.950311994453432,cost_plateau,1
31,2016,1345,804,4165,576,35,84,84,8,27,13,0.005564471422414696,0.24310880521463643,139,609,0.9616051634344847,5291.839141847842,9040.017691626734,12500.0,2.362127733843996,1.5,0.4614427860696517,0.9495996231747527,0.9535256410256411,cost_plateau,1
32,2032,1354,811,4197,533,42,85,92,8,50,16,0.00663387434139871,0.2603012814737641,138,611,0.9591880867660687,5268.944014994598,9037.696606003208,12500.0,2.372391880503368,1.5,0.4599260172626387,0.9802219006271105,0.9796918767507002,cost_plateau,1
33,2031,1359,816,4206,519,28,65,71,8,56,13,0.007816423390870967,0.2757424996880061,138,608,0.9568664386462421,5246.310276022588,9037.696606003208,12500.0,2.3826269020208786,1.5,0.44485294117647056,0.9736337488015341,0.9779121134619856,cost_plateau,1
34,2043,1364,815,4222,497,32,64,66,8,44,10,0.009182234866746663,0.29156147461713283,138,601,0.9542974211078972,5225.066489853561,9037.696606003208,12500.0,2.3923140546198733,1.5,0.449079754601227,0.9737845567206864,0.9755083179297597,cost_plateau,1
35,2016,1346,810,4172,537,33,73,73,8,121,16,0.010724034243949337,0.3068820479570226,138,593,0.9515384773561355,5201.635466813394,9036.575364842818,12500.0,2.4030903510540895,1.5,0.4666666666666667,0.9627507163323782,0.9648473635522664,cost_plateau,1
36,1991,1329,797,4117,580,37,78,78,8,128,15,0.01267178530875087,0.32724571851221024,137,580,0.948013502015158,5175.983507089678,9031.057128247074,12500.0,2.4149999672291127,1.5,0.48557089084065247,0.9508118433619867,0.9525682554372975,cost_plateau,1
37,1994,1327,799,4120,558,38,80,80,8,74,24,0.014511336862178148,0.33869039715596416,138,577,0.9447008182152683,5152.015052343155,9025.485299567403,12500.0,2.4262351474138173,1.5,0.49436795994993743,0.9432355723746452,0.9438717067583047,cost_plateau,1
38,1990,1320,794,4104,567,37,79,79,8,93,13,0.01701213918199939,0.3594127862854199,136,572,0.9406642678862498,5128.083664053468,9018.035104309854,12500.0,2.437557734797064,1.5,0.5,0.9539789069990412,0.9515418502202643,cost_plateau,1
39,2002,1335,794,4131,529,36,75,75,8,46,17,0.019564940455393434,0.3747769807077545,136,567,0.9369649348087136,5106.164793736168,9015.785231261212,12500.0,2.448021265458176,1.5,0.5075566750629723,0.9519733713742273,0.9509668508287292,cost_plateau,1
40,2015,1348,797,4160,503,43,90,90,8,59,3,0.022489077505457495,0.39127636201241833,136,574,0.9330944911992143,5085.277096322856,9015.785231261212,12500.0,2.4580764751322404,1.5,0.5219573400250941,0.951818611242324,0.9515096065873742,cost_plateau,1
41,2017,1345,795,4157,501,28,57,57,8,57,10,0.02590521445746827,0.4101163585679233,136,570,0.9287240029342791,5064.775155203764,9015.785231261212,12500.0,2.468026638291528,1.5,0.5232704402515723,0.9577397910731245,0.954096855634611,cost_plateau,1
42,2025,1353,802,4180,474,32,69,80,8,44,10,0.029166458292160212,0.42094834266152203,138,572,0.924846249675915,5045.287789681536,9015.785231261212,12506.172069825436,2.478782696083792,1.5,0.5249376558603491,0.98876953125,0.9860816230242981,cost_plateau,1
43,2020,1347,799,4166,492,33,60,60,9,74,5,0.03262689774705183,0.4301143476839851,136,560,0.9204867973927107,5024.997596558944,9015.785231261212,12506.172069825436,2.488791652037706,1.5,0.5244055068836045,0.9758454106280193,0.9713219864770343,cost_plateau,1
44,2019,1345,795,4159,497,28,53,53,8,57,7,0.03625936213098943,0.43746445331893447,136,556,0.9159369857112987,5004.596983134111,9015.785231261212,12506.172069825436,2.4989368998087613,1.5,0.5094339622641509,0.9697406340057637,0.9651891390113716,cost_plateau,1
45,2022,1350,800,4172,474,31,66,69,8,51,16,0.0407283741308218,0.45060077091553513,137,550,0.9108436452380045,4985.116365306384,9015.785231261212,12506.172069825436,2.508702135192146,1.5,0.51,0.975397973950796,0.975906432748538,cost_plateau,1
46,2008,1343,803,4154,487,22,56,64,9,72,12,0.04504617701230403,0.45791207542837886,138,544,0.9058953263976158,4964.431976686017,9015.785231261212,12506.172069825436,2.5191546844748736,1.5,0.49564134495641343,0.966779008184882,0.9664960446719404,cost_plateau,1
47,2020,1348,809,4177,452,35,74,78,8,49,18,0.050342134788013415,0.4711236508614946,140,542,0.9000251866855278,4945.949909712118,9015.785231261212,12506.172069825436,2.5285682827615545,1.5,0.49443757725587145,0.9706871696299856,0.9734327662549522,cost_plateau,1
48,2039,1362,820,4221,402,45,94,106,8,49,13,0.057352454949508525,0.49507568494973014,139,541,0.892829919331392,4929.946110381783,9015.785231261212,12506.172069825436,2.5367766279410584,1.5,0.4975609756097561,0.9793467819404419,0.9809435277713223,cost_plateau,1
49,2038,1357,821,4216,406,30,67,80,9,70,8,0.06475686359172966,0.5165857640495848,139,537,0.8851855217725789,4913.802345550722,9015.785231261212,12506.172069825436,2.545110932504101,1.5,0.48721071863581,0.9783965434469515,0.9795539033457249,cost_plateau,1
50,2046,1370,828,4244,375,35,85,87,8,55,9,0.07278322892538101,0.5375606982780552,139,527,0.8771950399716171,4898.623972869247,9015.785231261212,12506.172069825436,2.5529969516113433,1.5,0.4806763285024155,0.9855491329479769,0.9881257275902212,cost_plateau,1
51,2053,1385,832,4270,339,37,80,86,8,52,16,0.08018940058743658,0.5493354561138425,141,526,0.8698295754769989,4884.921845376112,9015.785231261212,12506.172069825436,2.560158067147649,1.5,0.4795673076923077,0.9913085465958474,0.9953379953379954,cost_plateau,1
52,2069,1395,837,4301,308,40,86,91,9,54,8,0.08946682401382249,0.5694788609286159,141,521,0.8607141758105277,4872.902799455208,9015.785231261212,12506.172069825436,2.5664727133944947,1.5,0.4731182795698925,1.0004835589941974,1.0049065420560748,cost_plateau,1
53,2072,1400,839,4311,299,52,93,113,9,79,4,0.09780810348010141,0.5794913857747874,141,515,0.8526668073458425,4861.758861407508,9015.785231261212,12510.971816436262,2.5733427290579898,1.5,0.5005959475566151,1.001934235976789,1.0081852198316184,cost_plateau,1
54,2068,1410,840,4318,292,45,73,93,10,65,9,0.10715488610339173,0.5919722390821017,140,511,0.8437819951605982,4851.490562555911,9015.785231261212,12510.971816436262,2.5787892721046757,1.5,0.5154761904761904,0.9956668271545498,1.0060577819198508,cost_plateau,1
55,2056,1418,849,4323,285,53,96,122,10,88,9,0.11718332124809903,0.6047021513617086,139,506,0.8346073540585309,4841.455855580369,9015.785231261212,12510.971816436262,2.5841342335107402,1.5,0.5335689045936396,0.9908433734939759,1.0083974807557732,cost_plateau,1
56,2076,1443,858,4377,234,81,103,152,10,46,4,0.12754382528764047,0.6158988545704448,140,506,0.8251217719742622,4836.300019474425,9015.785231261212,12510.971816436262,2.5868891024250114,1.5,0.5897435897435898,0.9881009043312708,1.0085253456221197,cost_plateau,1
57,2070,1446,860,4376,242,42,65,84,12,64,3,0.13970003106374476,0.6324664778060534,140,504,0.8140254280546001,4830.803366396375,9015.785231261212,12510.971816436262,2.5898325532072004,1.5,0.6011627906976744,0.9866539561487131,1.011090573012939,cost_plateau,1
58,2070,1461,872,4403,221,54,78,115,12,49,4,0.1521530652662059,0.6470940843422104,139,502,0.8029301530669474,4826.826546165461,9015.785231261212,12510.971816436262,2.591966315088587,1.5,0.6295871559633027,0.989010989010989,1.0173290203327172,cost_plateau,1
59,2073,1483,880,4436,194,71,93,145,13,57,4,0.16064370123492036,0.6431250568232219,141,505,0.7960673513643596,4825.578302407273,9022.071355286245,12528.600913086695,2.5962900460731753,1.5,0.6647727272727273,1.0009657170449058,1.0381465012871518,cost_plateau,1
60,2051,1479,876,4406,227,43,101,113,15,123,4,0.17501275287415752,0.6609888034240288,140,492,0.7830780582861618,4821.219578645996,9022.071355286245,12528.600913086695,2.598637276048991,1.5,0.6655251141552512,0.9865319865319865,1.0258440046565773,cost_plateau,1
61,2063,1506,899,4468,175,87,111,190,13,47,1,0.1867746747736218,0.6670084376841613,142,494,0.7732130676695578,4821.219578645996,9022.071355286245,12545.352168145128,2.6021117610387696,1.5,0.7119021134593994,0.98472553699284,1.034977993977299,cost_plateau,1
62,2055,1523,905,4483,175,56,83,117,17,66,0,0.20093916218957034,0.6801554078979246,143,500,0.7607910751621583,4821.219578645996,9022.071355286245,12547.985998987058,2.6026580607455068,1.5,0.7303867403314918,0.9823135755258127,1.0398979355138018,cost_plateau,1
63,2058,1549,924,4531,137,73,94,172,17,43,4,0.21428813246553052,0.6892093971962608,145,501,0.7497216857428585,4821.219578645996,9022.071355286245,12577.210312698984,2.608719662635901,1.5,0.7543290043290043,1.008329250367467,1.07548065511512,cost_plateau,1
64,2058,1569,936,4563,120,73,105,163,21,68,1,0.2315824245410249,0.70953754823278,144,496,0.7346652488294616,4821.219578645996,9022.071355286245,12592.367463588647,2.6118635042806164,1.5,0.7799145299145299,1.0218470705064548,1.0981949458483755,cost_plateau,1
65,2067,1607,953,4627,76,98,118,206,25,49,0,0.24529721545925098,0.7177977912459772,147,497,0.7233934584542496,4821.219578645996,9022.071355286245,12633.249714304644,2.620343153474997,1.5,0.8142707240293809,1.011747430249633,1.0972255157695043,cost_plateau,1
66,2071,1626,960,4657,75,60,77,133,36,40,0,0.2626876312556474,0.7360618885527139,148,499,0.7085195694378045,4821.219578645996,9022.071355286245,12673.781390471371,2.6287500877590624,1.5,0.8239583333333333,1.019694731659281,1.1122522092190112,cost_plateau,1
67,2049,1629,976,4654,110,61,106,161,36,105,0,0.2807231437012229,0.7551491634589915,146,490,0.6933193166102762,4821.219578645996,9022.071355286245,12713.36098645309,2.6369595450003427,1.5,0.8186475409836066,1.0138545274616526,1.1141967919559492,cost_plateau,1
68,2029,1650,982,4661,128,51,89,127,28,81,2,0.295336219406578,0.7646139905254143,148,494,0.6811318643484933,4821.219578645996,9022.071355286245,12752.66624506294,2.645112100172055,1.5,0.7830957230142567,1.0145,1.129939393939394,cost_plateau,1
69,2027,1676,988,4691,116,67,92,148,23,57,0,0.3146273186084505,0.7858682603890703,148,491,0.6644451675825781,4821.219578645996,9022.071355286245,12791.69869721382,2.653208070810638,1.5,0.8036437246963563,1.015022533800701,1.1352855759922555,cost_plateau,1
70,2023,1688,999,4710,118,57,80,132,25,57,0,0.3312981986770424,0.8002279168244877,149,492,0.6506384248570978,4821.219578645996,9025.40652858346,12855.746822222292,2.6664927022122344,1.5,0.7977977977977978,1.0094810379241517,1.1371318203766296,cost_plateau,1
71,2003,1721,1022,4746,103,90,108,206,24,69,0,0.3485722172345133,0.8160041751567688,150,494,0.6363152585632535,4821.219578645996,9025.40652858346,12905.509380371717,2.676814272789487,1.5,0.7984344422700587,0.9955268389662028,1.1414141414141414,cost_plateau,1
72,2008,1759,1052,4819,56,101,118,227,28,43,0,0.3670187442261248,0.8344541667207449,150,500,0.6208563728378446,4821.219578645996,9025.40652858346,12965.57152288721,2.6892721460590465,1.5,0.8307984790874525,0.9930761622156281,1.1528708133971293,cost_plateau,1
73,2003,1775,1053,4831,77,59,98,136,35,84,0,0.381864046832224,0.844872535035513,150,493,0.6082132472685282,4821.219578645996,9037.864131960943,13001.205296854198,2.6966631751100394,1.5,0.8034188034188035,0.98767258382643,1.1518836432999524,cost_plateau,1
74,1992,1813,1073,4878,62,73,93,190,34,44,0,0.39497057338920066,0.8519470402009862,152,496,0.5990864384738829,4821.219578645996,9074.623762467882,13096.369757619801,2.716401844799987,1.5,0.804287045666356,0.9827331031080414,1.1644783957985199,cost_plateau,1
75,1963,1821,1077,4861,107,36,80,121,34,91,0,0.4068245976352677,0.8569643338946924,153,494,0.5896842929168606,4821.219578645996,9086.374428493087,13155.297341505991,2.728624392005095,1.5,0.7669452181987001,0.9660433070866141,1.15627973358706,cost_plateau,1
76,1948,1848,1097,4893,97,75,110,198,25,75,0,0.42441458115980274,0.8744664235131249,153,492,0.5750485269452361,4821.219578645996,9107.536633872001,13200.939147961572,2.7380912511080773,1.5,0.7547857793983591,0.9572481572481573,1.1630615640599002,cost_plateau,1
77,1959,1883,1121,4963,54,93,113,213,28,42,0,0.43836940603242913,0.8847701216152344,154,493,0.5635029159107474,4821.219578645996,9142.525438975257,13221.641423628043,2.7423852425616433,1.5,0.7341659232827832,0.9560761346998536,1.1685895926536378,cost_plateau,1
78,1935,1883,1120,4938,110,28,77,92,36,97,0,0.45566458649886427,0.9021253386592428,153,486,0.547678165437839,4821.219578645996,9142.525438975257,13230.613251736935,2.744246146833382,1.5,0.70625,0.941147859922179,1.1586109807602065,cost_plateau,1
79,1944,1918,1141,5003,68,94,114,208,27,45,0,0.46785662897913144,0.9097402551206403,154,492,0.5374882622315119,4821.219578645996,9157.607269261449,13273.72580219264,2.753188396766709,1.5,0.7221735319894829,0.945985401459854,1.1799528301886792,cost_plateau,1
80,1943,1951,1157,5051,57,80,101,188,39,51,0,0.4794704947175054,0.9167741889585717,155,491,0.5279995839567659,4821.219578645996,9167.454865392105,13338.958649998403,2.7667187591038016,1.5,0.7372515125324114,0.941832283082889,1.1854024876789486,cost_plateau,1
81,1962,1985,1175,5122,25,92,120,210,43,45,0,0.49274996604618726,0.9274712768471066,155,498,0.5169033024104416,4821.219578645996,9186.066877033178,13403.099174570734,2.78002255569013,1.5,0.7472340425531915,0.9542801556420234,1.2085889570552146,cost_plateau,1
82,1946,1994,1185,5125,64,43,82,124,44,77,0,0.491350365431847,0.9113472832721696,158,498,0.5189138600473714,4821.219578645996,9186.122159281185,13432.84613729573,2.786192563556345,1.5,0.7291139240506329,0.9474196689386563,1.2090115593300306,cost_plateau,1
83,1920,1986,1182,5088,143,27,93,96,47,125,0,0.5027802182101844,0.919826094596172,156,495,0.5083007030378848,4821.219578645996,9186.122159281185,13432.84613729573,2.786192563556345,1.5,0.6776649746192893,0.9311348205625606,1.1985865724381626,cost_plateau,1
84,1881,1967,1177,5025,230,28,98,98,29,156,0,0.5074165494174122,0.9164666798793955,157,485,0.5040877607074009,4816.814379932238,9186.122159281185,13432.84613729573,2.7887406650460758,1.5,0.6185216652506372,0.9144385026737968,1.1834667922750823,cost_plateau,1
85,1890,2008,1194,5092,175,72,115,191,20,40,0,0.5162011953152816,0.9212147810615934,158,490,0.4964729469971716,4815.671407028525,9186.122159281185,13473.482184404533,2.7978408503412084,1.5,0.6206030150753769,0.9407665505226481,1.2240384615384616,cost_plateau,1
86,1911,2035,1209,5155,133,88,120,204,25,53,0,0.5225995129350547,0.9222398088607341,159,495,0.49162555590179513,4815.671407028525,9203.862434507708,13535.689775432942,2.8107585903135863,1.5,0.6253101736972705,0.96272040302267,1.2545631540520807,cost_plateau,1
87,1927,2054,1228,5209,111,72,103,174,34,47,0,0.5236881425285407,0.9145412729265214,162,504,0.49147943938274413,4815.671407028525,9216.821329425233,13574.753687944452,2.8188704212941005,1.5,0.6449511400651465,0.9836651352730985,1.2868083003952568,cost_plateau,1
88,1923,2070,1230,5223,135,52,89,135,42,71,0,0.5326770752317045,0.9212005289208375,163,504,0.4840067021045386,4815.671407028525,9234.00825229073,13624.858876353612,2.8292750324426166,1.5,0.6252032520325204,0.9751521298174443,1.2832923832923833,cost_plateau,1
89,1931,2082,1241,5254,141,57,99,153,37,68,0,0.5436965020367668,0.9317356938139715,163,509,0.47507660616467523,4815.671407028525,9251.021535506767,13718.377448399366,2.8486946655822996,1.5,0.5906526994359388,0.9727959697732997,1.2839687194525904,cost_plateau,1
90,1939,2099,1253,5291,141,61,94,157,38,56,0,0.5482204848455348,0.9315530389394585,165,505,0.47263882191406087,4815.671407028525,9289.815004566097,13800.424950872077,2.865732269591776,1.5,0.6113328012769353,0.9748617395676219,1.2870347847239114,cost_plateau,1
91,1945,2111,1256,5312,155,56,101,145,39,76,0,0.5557885227674013,0.93698545035147,166,508,0.4668190494194914,4815.671407028525,9306.440736961764,13893.687695285294,2.8850987787512463,1.5,0.5796178343949044,0.9657398212512414,1.276309466602595,cost_plateau,1
92,1935,2116,1259,5310,187,46,100,141,35,97,0,0.559739705141083,0.936743560069508,168,507,0.4642065848286434,4814.026033692665,9318.614757736768,13965.219771251013,2.9009439653027385,1.5,0.551231135822081,0.9655688622754491,1.2847810307282845,cost_plateau,1
93,1917,2119,1258,5294,228,43,104,138,29,116,0,0.5671298262591065,0.9426601001579653,168,504,0.4576811136998135,4808.907322466966,9330.76105974756,13992.794974678509,2.909765989730119,1.5,0.5127186009538951,0.9662298387096774,1.2890187484782079,cost_plateau,1
94,1935,2142,1268,5345,201,64,120,157,26,67,0,0.5762631114833535,0.9517988618309084,168,509,0.44875580845192764,4805.618795679706,9330.76105974756,13992.794974678509,2.911757167933952,1.5,0.5252365930599369,0.9704112337011033,1.2976450594804565,cost_plateau,1
95,1932,2148,1271,5351,220,39,85,112,28,76,0,0.5813278701096136,0.9545495589009425,169,512,0.4445087138375707,4800.377521065729,9330.76105974756,14052.883625325083,2.927453843714611,1.5,0.5334382376081825,0.9597615499254843,1.2866073575378696,cost_plateau,1
96,1935,2162,1280,5377,217,55,96,152,26,68,1,0.5833258379053301,0.9526444958338752,171,515,0.4438094758416562,4795.577143544663,9346.625943029536,14134.566011397284,2.9474170862674693,1.5,0.55078125,0.9593455627169063,1.2879041916167664,cost_plateau,1
97,1940,2173,1291,5404,210,60,111,158,26,79,1,0.588613579735197,0.956467330604053,172,515,0.43874268336890354,4791.540642857732,9346.625943029536,14139.142501399425,2.95085517483301,1.5,0.5367931835786213,0.9608717186726102,1.2940613026819923,cost_plateau,1
98,1962,2203,1307,5472,168,93,117,201,27,48,0,0.5872161603420251,0.9497843194778213,175,523,0.4411879511888967,4791.540642857732,9374.602180645668,14186.590304774434,2.960757585542128,1.5,0.5340474368783473,0.9712871287128713,1.3109726880689985,cost_plateau,1
99,1961,2209,1311,5481,188,49,112,147,34,98,0,0.5890269142773032,0.94864918129897,176,522,0.44031145604048094,4789.747995730297,9385.559728328071,14244.786706497605,2.974015902130085,1.5,0.5148741418764302,0.9717542120911794,1.313758389261745,cost_plateau,1
100,1962,2210,1313,5485,210,54,104,151,30,96,0,0.5881148992582115,0.9434576680183542,179,528,0.4424846726855108,4786.853312304835,9388.022906899307,14357.334625228152,2.999326214639153,1.5,0.5156130997715156,0.9688888888888889,1.309694364851958,cost_plateau,1
101,1963,2222,1323,5508,214,41,92,117,28,68,0,0.5985196644108683,0.9566761119052395,179,521,0.4324863938580577,4782.57242234815,9388.022906899307,14372.028375101589,3.005083270238321,1.5,0.4996220710506425,0.9580283064909713,1.3039772727272727,cost_plateau,1
102,1943,2200,1318,5461,283,34,105,105,27,149,2,0.5878938419025587,0.9365671595889739,184,523,0.4428814509481397,4773.672187617602,9388.022906899307,14372.028375101589,3.010686073581069,1.5,0.48103186646433993,0.9432038834951456,1.2831296992481203,cost_plateau,1
103,1931,2210,1319,5460,303,34,108,110,22,107,1,0.5991047305882892,0.9515128117628869,184,517,0.4318016582706829,4761.508131845194,9388.022906899307,14372.028375101589,3.018377366402207,1.5,0.46398786959818045,0.9387457462323773,1.2789880534082922,cost_plateau,1
104,1945,2222,1318,5485,290,42,95,110,20,65,3,0.6040816414978443,0.9567298596272318,185,518,0.42659659805697325,4749.848514082127,9388.022906899307,14372.028375101589,3.0257866819314505,1.5,0.4613050075872534,0.9483178937103852,1.292717416921989,cost_plateau,1
105,1949,2233,1318,5500,290,52,95,125,20,76,1,0.6132283144831834,0.9687229566904232,184,520,0.41742414454372023,4738.921732522826,9388.022906899307,14372.028375101589,3.0327633977298154,1.5,0.468133535660091,0.9479571984435797,1.2907768129547055,cost_plateau,1
106,1947,2235,1319,5501,304,33,100,109,21,95,2,0.6144317319298096,0.9683425970505916,185,520,0.4160778650102197,4726.242427914046,9388.022906899307,14372.028375101589,3.0408995294481254,1.5,0.444275966641395,0.946524064171123,1.2931358721203574,cost_plateau,1
107,1948,2237,1324,5509,308,47,116,136,19,103,2,0.6186201269080867,0.9728471015550961,185,523,0.4118243467528705,4713.065982742346,9388.022906899307,14372.028375101589,3.04940105394813,1.5,0.4486404833836858,0.9410628019323671,1.289559925093633,cost_plateau,1
108,1951,2240,1329,5520,309,42,78,113,19,62,2,0.6233569449098764,0.97836942896609,186,522,0.40739906659481584,4700.239919415752,9388.022906899307,14408.169322302181,3.0654114618245147,1.5,0.43717080511662904,0.9466278505579816,1.291832436227475,cost_plateau,1
109,1955,2238,1335,5528,313,36,101,117,18,88,1,0.6149143401746132,0.9633858601669592,188,529,0.41553727515943684,4686.607565716495,9388.022906899307,14411.730892247022,3.075088043998354,1.5,0.41722846441947564,0.955522971652004,1.3046967193769177,cost_plateau,1
110,1946,2235,1329,5510,342,41,90,112,18,103,2,0.615217159415423,0.9622807017543862,190,529,0.4151666114503325,4671.554363579295,9388.022906899307,14426.283595676212,3.0881121084980694,1.5,0.3799849510910459,0.9609876543209876,1.3140949201049368,cost_plateau,1
111,1929,2216,1314,5459,400,32,105,105,17,151,5,0.6181518589831634,0.9654255319148937,188,527,0.41197580556580704,4653.763220845559,9388.022906899307,14426.283595676212,3.0999178323161547,1.5,0.3713850837138508,0.9488440727988194,1.2939085091253852,cost_plateau,1
112,1934,2226,1327,5487,380,34,113,117,17,80,4,0.6154273419434378,0.9598603839441535,191,522,0.41448476528042666,4635.435612232451,9388.022906899307,14426.283595676212,3.112174303016246,1.5,0.35267520723436324,0.9402041808458921,1.2904515522107243,cost_plateau,1
113,1936,2238,1330,5504,370,35,108,119,16,88,6,0.6163268176660995,0.9600694444444445,192,529,0.413344763997711,4616.789341313514,9388.022906899307,14426.283595676212,3.124743740543253,1.5,0.3473684210526316,0.937984496124031,1.2938410907381288,cost_plateau,1
114,1949,2244,1324,5517,361,49,107,116,15,87,4,0.6178414533150931,0.961340206185567,194,528,0.41139664680070953,4599.18158629318,9388.022906899307,14426.283595676212,3.136706678133885,1.5,0.36027190332326287,0.9456574478408539,1.2950704225352112,cost_plateau,1
115,1953,2257,1339,5549,339,71,134,192,16,99,3,0.6228999933620224,0.968213058419244,194,528,0.4065660837887387,4583.566040436053,9390.044430662158,14440.526722572018,3.150500417181342,1.5,0.3838685586258402,0.9375900144023044,1.2904651162790697,cost_plateau,1
116,1957,2274,1347,5578,313,68,114,162,16,83,11,0.6294199224627001,0.9774305555555557,192,532,0.40008380855504805,4570.8235648801765,9390.044430662158,14440.526722572018,3.159283336492244,1.5,0.40089086859688194,0.9467827769714562,1.3075480543834974,cost_plateau,1
117,1974,2274,1349,5597,301,47,111,117,17,90,8,0.6315680106516496,0.9799301919720769,191,537,0.39768146202385934,4559.2183827246945,9390.044430662158,14440.526722572018,3.167325078633769,1.5,0.396590066716086,1.0206825232678387,1.4034603811434303,cost_plateau,1
118,1988,2289,1355,5632,269,59,100,137,16,62,10,0.6305212309148188,0.9775474956822107,193,540,0.3985569904329072,4550.46387469933,9391.775579089304,14440.526722572018,3.1734186052682753,1.5,0.4140221402214022,1.0359562272016676,1.418997228521038,cost_plateau,1
119,2005,2303,1371,5679,238,67,103,156,19,54,1,0.6320808187583837,0.9792746113989638,193,545,0.3970257819885815,4544.523723907925,9393.382335310824,14440.526722572018,3.1775665834030073,1.5,0.4237782640408461,1.04318418314256,1.4311995967741935,cost_plateau,1
120,1996,2305,1374,5675,253,30,80,93,21,83,9,0.6331099972756086,0.9802405498281788,194,543,0.3960357051754663,4537.1401357855775,9393.382335310824,14440.526722572018,3.182737647593451,1.5,0.4141193595342067,1.0461215932914045,1.439259447121481,cost_plateau,1
121,1999,2305,1372,5676,267,35,88,97,21,85,4,0.6302303169444887,0.9752136752136753,195,544,0.3986700763430905,4529.000975948892,9393.382335310824,14440.526722572018,3.188457410201047,1.5,0.4139941690962099,1.037902388369678,1.4250564900828522,cost_plateau,1
122,2011,2319,1378,5708,248,55,107,142,20,71,3,0.6279915605008637,0.9712351945854483,197,545,0.400858360131058,4522.345871768999,9393.382335310824,14453.56301810386,3.196032198317923,1.5,0.4223512336719884,1.0355303810504635,1.4216687422166874,cost_plateau,1
123,2022,2329,1383,5734,236,67,107,149,21,75,1,0.6300212099435419,0.9739057239057239,198,552,0.3987709365876641,4517.2514581771,9393.382335310824,14453.56301810386,3.199636582537399,1.5,0.44613159797541574,1.0401234567901234,1.4228287841191067,cost_plateau,1
124,2022,2333,1391,5746,242,48,110,138,22,96,2,0.6224990031483195,0.9618573797678276,201,547,0.4061417031955857,4511.534936420292,9393.382335310824,14455.828206269169,3.2041928988671966,1.5,0.45363048166786485,1.0300560366785532,1.4180651530108588,cost_plateau,1
125,2024,2331,1383,5738,267,40,79,93,21,84,1,0.6286514176192294,0.9709784411276949,201,547,0.3999306724039892,4505.135314175678,9393.382335310824,14455.828206269169,3.2087445100223824,1.5,0.4598698481561822,1.0242914979757085,1.4032770848618243,cost_plateau,1
126,2049,2359,1402,5810,207,76,134,187,20,57,3,0.6187134963134636,0.9552845528455285,205,557,0.40968340743754417,4502.578075505104,9398.487174714754,14455.828206269169,3.210566916076741,1.5,0.47289586305278175,1.041687849517031,1.430329886755293,cost_plateau,1
127,2052,2369,1406,5827,210,47,100,130,23,80,0,0.6262903676029948,0.9666666666666668,205,561,0.40229087084160775,4499.778153004369,9398.487174714754,14455.828206269169,3.212564645352002,1.5,0.4544807965860597,1.0442748091603054,1.438055281342547,cost_plateau,1
128,2066,2368,1421,5855,198,54,99,141,22,67,2,0.6327992939920034,0.9764227642276421,205,558,0.39597844973636215,4498.191399594693,9398.487174714754,14455.828206269169,3.2136978892387065,1.5,0.4398311048557354,1.0513994910941475,1.4417631125338586,cost_plateau,1
129,2081,2383,1427,5891,176,66,106,142,23,67,6,0.6320739336516912,0.9750402576489533,207,558,0.3966311436414132,4498.191399594693,9398.487174714754,14455.828206269169,3.2136978892387065,1.5,0.45129642606867554,1.0660860655737705,1.460699231341433,cost_plateau,1
130,2077,2391,1432,5900,188,53,100,135,26,87,1,0.6379210185367844,0.9838187702265373,206,559,0.3910367196102959,4498.063960794528,9398.487174714754,14455.828206269169,3.213788939478692,1.5,0.44553072625698326,1.067866323907455,1.4683922349427576,cost_plateau,1
131,2048,2355,1410,5813,295,37,105,105,24,188,0,0.6353754610950924,0.9796747967479674,205,556,0.3934148788848431,4492.905865547326,9398.487174714754,14455.828206269169,3.2174785403629103,1.5,0.43120567375886526,1.047034764826176,1.4392176281257738,cost_plateau,1
132,2058,2380,1418,5856,271,36,118,118,19,75,0,0.6370861160001029,0.9821138211382114,205,559,0.3916887839709963,4487.066258966215,9398.487174714754,14455.828206269169,3.221665866284684,1.5,0.4330042313117066,1.0494645588985212,1.4409448818897639,cost_plateau,1
133,2063,2380,1415,5858,279,37,101,101,18,93,2,0.6367345289931449,0.9813915857605179,206,555,0.39185087274172603,4480.333723828733,9398.487174714754,14455.828206269169,3.2265070187485354,1.5,0.4353356890459364,1.047739969527679,1.4371933267909716,cost_plateau,1
134,2084,2408,1428,5920,229,62,124,157,17,58,1,0.6399908150490724,0.9862459546925566,206,564,0.38860682551815484,4476.0761477262795,9398.487174714754,14455.828206269169,3.2295760235473927,1.5,0.4362745098039216,1.0446115288220552,1.4354995150339476,cost_plateau,1
135,2069,2375,1420,5864,297,32,95,95,17,146,0,0.6368783062474938,0.98130081300813,205,558,0.39154442801468414,4468.910583764468,9398.487174714754,14455.828206269169,3.2347544072121575,1.5,0.4140845070422535,1.0345,1.4157411878319652,cost_plateau,1
136,2075,2386,1420,5881,288,31,97,102,14,75,1,0.6339474541850949,0.9766505636070855,207,566,0.39423655493783866,4461.227795957638,9398.487174714754,14455.828206269169,3.2403250556646617,1.5,0.40211267605633805,1.0369815092453774,1.422249093107618,cost_plateau,1
137,2088,2412,1440,5940,237,72,134,192,13,71,1,0.6290909840375165,0.969047619047619,210,568,0.399045984113054,4456.421034167157,9398.487174714754,14457.032858619692,3.244090436648231,1.5,0.41875,1.044,1.4379084967320261,cost_plateau,1
138,2073,2398,1427,5898,288,44,127,127,15,166,3,0.6275130196154822,0.9665071770334929,209,563,0.4004430613198843,4449.160272841797,9398.487174714754,14457.032858619692,3.249384596654595,1.5,0.40014015416958654,1.0298062593144561,1.4198363023591718,cost_plateau,1
139,2092,2409,1434,5935,260,43,122,125,14,81,1,0.6327557949310311,0.9744816586921851,209,563,0.39516517096705583,4442.618169997015,9398.487174714754,14457.032858619692,3.2541695697043003,1.5,0.39539748953974896,1.0454772613693153,1.4342677622039632,cost_plateau,1
140,2098,2428,1441,5967,234,65,112,155,16,75,5,0.6344401784379124,0.9769841269841271,210,573,0.3935100037065805,4438.185081252522,9398.487174714754,14457.032858619692,3.2574200025339417,1.5,0.40111034004163776,1.0511022044088176,1.4465454545454546,cost_plateau,1
141,2107,2430,1453,5990,222,58,110,151,18,83,3,0.6366170091559091,0.9802527646129542,211,571,0.3914115000117353,4435.130846357896,9398.487174714754,14457.032858619692,3.2596632116258135,1.5,0.3922918100481762,1.0477374440576828,1.445114595898673,cost_plateau,1
142,2101,2426,1446,5973,252,29,91,91,19,104,2,0.6351272075407799,0.9778830963665087,211,569,0.3927535849074174,4430.051845106857,9398.487174714754,14457.032858619692,3.2634003763608264,1.5,0.3775933609958506,1.044234592445328,1.4337493999039845,cost_plateau,1
143,2111,2449,1456,6016,221,67,133,173,18,86,2,0.6337820431229694,0.9757433489827857,213,574,0.3940612120319688,4426.780597560856,9398.487174714754,14457.032858619692,3.265811923587421,1.5,0.3956043956043956,1.0414405525407004,1.4368282780033437,cost_plateau,1
144,2133,2458,1467,6058,194,75,114,164,20,69,2,0.634908004925179,0.9774143302180685,214,579,0.39289975840897645,4426.6470309048955,9398.487174714754,14457.032858619692,3.2659104639893513,1.5,0.41922290388548056,1.0461010299166258,1.4372479240806644,cost_plateau,1
145,2126,2458,1465,6049,222,40,123,126,23,128,0,0.6324952577189095,0.9736434108527131,215,577,0.39524396155632713,4423.85463469846,9398.487174714754,14457.032858619692,3.267971950349837,1.5,0.42184300341296926,1.0472906403940887,1.442986641221374,cost_plateau,1
146,2088,2400,1432,5920,364,46,122,122,20,246,2,0.6370023007238386,0.9805295950155763,214,570,0.39065487717965175,4415.9737653238135,9398.487174714754,14457.032858619692,3.27380406381549,1.5,0.420391061452514,1.029585798816568,1.4142379359770665,cost_plateau,1
147,2078,2386,1426,5890,404,39,116,116,17,141,2,0.6390069552302047,0.9835680751173709,213,571,0.3885713422078015,4405.944895610982,9398.487174714754,14457.032858619692,3.2812559396784975,1.5,0.4270687237026648,1.0206286836935168,1.402047131635325,cost_plateau,1
148,2087,2402,1435,5924,384,32,109,109,16,75,2,0.6395432557712826,0.9843505477308295,213,566,0.3879421429778403,4395.639777633381,9398.487174714754,14457.032858619692,3.2889485012357818,1.5,0.4250871080139373,1.0306172839506174,1.4128309086572859,cost_plateau,1
149,2092,2406,1423,5921,397,35,97,97,16,95,1,0.6396161821517237,0.9844236760124612,214,572,0.38752251839490115,4384.61869328447,9398.487174714754,14457.032858619692,3.2972155322792926,1.5,0.4026704146170063,1.0544354838709677,1.439931906614786,cost_plateau,1
150,2120,2421,1442,5983,345,42,111,111,16,46,3,0.6367248610137485,0.9799382716049384,216,575,0.3901652446647062,4375.138632685425,9398.487174714754,14457.032858619692,3.3043599465889564,1.5,0.3959778085991678,1.067472306143001,1.4564264849074975,cost_plateau,1
151,2065,2374,1406,5845,491,26,94,94,18,225,3,0.6371888685364049,0.9806201550387598,215,558,0.3895246559916173,4359.551414572759,9398.487174714754,14457.032858619692,3.3161744142514022,1.5,0.3940256045519203,1.0418768920282544,1.4252621311875153,cost_plateau,1
152,2057,2380,1406,5843,500,29,100,100,14,98,3,0.637149079559499,0.9805295950155763,214,559,0.3894016973999,4342.473531903725,9398.487174714754,14457.032858619692,3.3292161143655328,1.5,0.3684210526315789,1.0336683417085426,1.4220004867364322,cost_plateau,1
153,2055,2383,1415,5853,499,28,97,97,13,86,3,0.634776551585978,0.9768518518518519,216,566,0.39157345808688093,4324.540921157062,9398.487174714754,14457.032858619692,3.343021403241019,1.5,0.3448763250883392,1.0280140070035018,1.416162593757561,cost_plateau,1
154,2072,2395,1422,5889,471,39,118,118,13,78,1,0.6357951013928579,0.978395061728395,216,564,0.3902678171158716,4307.291860126851,9398.487174714754,14457.032858619692,3.356408928879486,1.5,0.350210970464135,1.0354822588705648,1.4234952864394488,cost_plateau,1
155,2053,2366,1409,5828,537,42,119,119,13,179,7,0.6366904412868479,0.9797507788161994,214,558,0.3891128639680672,4288.01707753918,9398.487174714754,14457.032858619692,3.3714961011574,1.5,0.3356990773598297,1.0244510978043913,1.4087503021513175,cost_plateau,1
0,2151,1438,861,4450,257,28,55,55,27,62,0,2.777487807693424e-05,0.03934601475276024,151,700,1.0036961015197294,5833.333333333333,9166.666666666666,12500.0,2.142857142857143,2.0,0.3902439024390244,0.9986072423398329,1.001124859392576,cost_plateau,0
1,2128,1424,848,4400,325,40,86,86,21,133,0,3.474026554494767e-05,0.04405276596222309,150,687,1.003704601594703,5833.333333333333,9166.666666666666,12500.0,2.142857142857143,2.0,0.4811320754716981,0.9856415006947661,0.98898628905372,cost_plateau,0
2,2114,1415,834,4363,372,30,55,55,16,87,1,4.331514889570693e-05,0.04915257811486574,148,683,1.003525838935645,5829.85538373425,9166.666666666666,12500.0,2.1441355191890303,2.0,0.47002398081534774,0.999054820415879,0.9995418098510882,cost_plateau,0
3,2124,1420,844,4388,358,27,67,67,14,41,2,5.262671689012283e-05,0.05342672981657602,150,682,1.0032745601769855,5826.154757890495,9166.666666666666,12500.0,2.145497419729705,2.0,0.4443127962085308,1.0095057034220531,1.0098964326812427,cost_plateau,0
4,2143,1441,853,4437,319,45,100,100,14,49,2,6.592331376421852e-05,0.05985786931584114,152,687,1.0030907081091243,5823.460811279111,9166.666666666666,12500.0,2.1464899318613946,2.0,0.4783118405627198,1.0170859041290934,1.0214088397790055,cost_plateau,0
5,2147,1436,854,4437,329,38,78,78,15,76,3,8.611725595040642e-05,0.06991839290472661,151,684,1.0028644594809546,5819.803303770421,9166.666666666666,12500.0,2.147838912683139,2.0,0.48711943793911006,1.0117813383600378,1.016029310739638,cost_plateau,0
6,2135,1427,844,4406,366,24,48,48,14,75,4,0.000107863882124571,0.07828721805789085,152,677,1.002482873636401,5813.347188919561,9166.666666666666,12500.0,2.1502242329213415,2.0,0.4712254570074476,0.9990641085634067,1.001136105430584,cost_plateau,0
7,2121,1420,837,4378,402,34,63,63,13,87,1,0.00013676521986529354,0.08871649741885122,151,675,1.0018992633403345,5803.885297469813,9166.666666666666,12500.0,2.153729675782762,2.0,0.4767025089605735,0.9962423673085956,0.9977210574293528,cost_plateau,0
8,2135,1428,844,4407,382,39,82,82,12,53,3,0.00016957971895360119,0.09829312771498107,151,675,1.0013348126833883,5794.951036720355,9166.666666666666,12500.0,2.1570501494822567,2.0,0.4818325434439178,1.0215311004784688,1.0258379888268156,cost_plateau,0
9,2139,1429,844,4412,385,33,66,66,12,59,2,0.00020932326957391725,0.1083928596775254,150,678,1.000727379457768,5785.229544057012,9166.666666666666,12500.0,2.1606748539201637,2.0,0.4805687203791469,1.0190566936636494,1.0170585523282618,cost_plateau,0
10,2101,1408,834,4343,462,27,64,64,11,131,1,0.00024698841052750534,0.11423900134710095,149,668,0.9997695484147326,5769.929605584739,9166.666666666666,12500.0,2.1664042465788835,2.0,0.4774362328319162,1.0019074868860276,1.0011526048870447,cost_plateau,0
11,2102,1415,835,4352,459,31,65,65,10,54,2,0.0002923457693869484,0.12075857968573096,149,668,0.998782689671512,5753.965579863981,9166.666666666666,12500.0,2.172414802713417,2.0,0.474251497005988,1.0169327527818093,1.021116846550915,cost_plateau,0
12,2123,1427,849,4399,418,47,96,96,10,49,4,0.00034436009423065116,0.12701491527090528,149,671,0.9978906442270825,5739.912398439545,9166.666666666666,12500.0,2.1777335841219903,2.0,0.48881036513545345,1.0211640211640212,1.020886516593177,cost_plateau,0
13,2130,1423,842,4395,423,34,63,63,10,64,6,0.0003983079472381914,0.13116814916909925,150,670,0.9970455705393959,5726.204302981846,9166.666666666666,12500.0,2.1829469118820626,2.0,0.4857482185273159,1.0147689375893283,1.0168903285515964,cost_plateau,0
14,2091,1404,829,4324,498,23,51,51,10,121,5,0.0004710890584896189,0.1384959353006112,149,653,0.9958689900649252,5707.455488566035,9166.666666666666,12500.0,2.1901178248418636,2.0,0.48492159227985526,0.982151244715829,0.9818346957311535,cost_plateau,0
15,2093,1402,828,4323,500,33,66,66,9,64,5,0.0005516542000837992,0.14477508875752912,149,649,0.9946653601212795,5688.4042673918075,9166.666666666666,12500.0,2.1974528202320225,2.0,0.4927536231884058,0.9771241830065359,0.9778330694413029,cost_plateau,0
16,2100,1407,833,4340,484,38,71,71,9,53,7,0.0006466261447640941,0.15147942882338067,149,646,0.9934818384800518,5669.93085027588,9166.666666666666,12500.0,2.2046124247514927,2.0,0.48139255702280914,0.9731232622798888,0.9744050291872475,cost_plateau,0
17,2100,1408,836,4344,479,35,70,70,9,63,7,0.0007422422937172099,0.1552078207794588,150,645,0.9922922477533004,5651.3201903491,9166.666666666666,12500.0,2.211872549947986,2.0,0.47607655502392343,0.9762900976290098,0.9788192879675529,cost_plateau,0
18,2096,1410,826,4332,487,27,60,60,9,67,8,0.0008711373476763765,0.1626038247765709,149,647,0.9910483371214974,5632.114890840434,9166.666666666666,12500.0,2.2194149519799176,2.0,0.4854721549636804,0.9789817842129845,0.9812004530011325,cost_plateau,0
19,2108,1403,831,4342,477,36,72,72,9,60,7,0.0010132027860716706,0.1688268495518328,149,644,0.989806138415214,5613.956806143666,9166.666666666666,12500.0,2.226593547410367,2.0,0.48495788206979545,0.9882794186591655,0.9856980703745744,cost_plateau,0
20,2095,1401,828,4324,490,22,54,54,9,68,10,0.0011845745225741958,0.1762182725130556,149,638,0.9885100266754505,5594.473207776262,9166.666666666666,12500.0,2.2343479959158845,2.0,0.46618357487922707,0.9900756143667296,0.9908340971585701,cost_plateau,0
21,2120,1411,838,4369,444,44,91,91,9,43,7,0.0013763633804438587,0.18282126180741304,150,648,0.9873194982387066,5577.70113596877,9166.666666666666,12500.0,2.2410666500920224,2.0,0.4737470167064439,1.0052157420578474,1.0022941041523286,cost_plateau,0
22,2125,1417,831,4373,434,33,59,59,9,53,13,0.0016148849987543841,0.1915679591500246,150,644,0.9861593974265535,5561.935801104163,9166.666666666666,12500.0,2.247418964727799,2.0,0.48495788206979545,1.006155303030303,1.0020623281393217,cost_plateau,0
23,2116,1410,825,4351,453,27,50,50,10,67,8,0.0018903833612561793,0.20032003354376524,150,642,0.9848901459298273,5545.0038503787555,9166.666666666666,12500.0,2.254281572617155,2.0,0.48363636363636364,0.995764705882353,0.9920200638394893,cost_plateau,0
24,2079,1388,815,4282,518,26,63,63,9,130,11,0.0022065477142930476,0.20893515681139674,149,632,0.9833770764299397,5524.148687583507,9166.666666666666,12500.0,2.26279209828221,2.0,0.4638036809815951,0.977892756349953,0.9765108323831243,cost_plateau,0
25,2089,1392,823,4304,492,34,77,77,8,54,11,0.0025436492572018087,0.2152963506486973,150,636,0.9819154320938173,5504.780455935991,9166.666666666666,12500.0,2.2707535931829628,2.0,0.45929526123936815,0.9761682242990655,0.9772933696639419,cost_plateau,0
26,2085,1391,819,4295,498,30,70,70,9,77,10,0.002931069691483725,0.2218572667519541,151,633,0.9803745341353156,5484.842409650467,9166.666666666666,12500.0,2.2790080491659173,2.0,0.4700854700854701,0.9715750232991612,0.9708408679927667,cost_plateau,0
27,2095,1400,829,4324,467,37,83,83,9,53,10,0.003400098603524988,0.2302637180114183,152,637,0.9788613065960124,5466.091383363816,9166.666666666666,12500.0,2.286826019419298,2.0,0.4692400482509047,0.9826454033771107,0.982503976369007,cost_plateau,0
28,2049,1365,810,4224,565,39,85,85,9,183,9,0.004027642316556874,0.24418766152397206,150,615,0.9766806179880083,5442.293887950878,9162.361574382921,12500.0,2.296825613860128,2.0,0.48148148148148145,0.9601686972820993,0.960218231416231,cost_plateau,0
29,2078,1383,821,4282,501,52,96,96,8,38,14,0.0047029249977547935,0.25542785831365883,150,621,0.9748695694566766,5422.369858493115,9162.361574382921,12500.0,2.3052651010924894,2.0,0.49573690621193667,0.984367598294647,0.9821100917431193,cost_plateau,0
30,2080,1386,816,4282,500,42,80,80,8,77,6,0.0053736843223345645,0.2616536559089138,149,620,0.9730522475785355,5402.459145891029,9162.361574382921,12500.0,2.313761134039704,2.0,0.5171568627450981,0.9848484848484849,0.9798627002288329,cost_plateau,0
31,2075,1383,818,4276,504,29,57,57,8,61,8,0.006220903189901079,0.2717879609841696,150,613,0.9710861459471931,5382.071843815042,9162.361574382921,12500.0,2.3225256672046704,2.0,0.5073349633251834,0.9669151910531221,0.9650191830286617,cost_plateau,0
32,2093,1394,826,4313,464,35,77,80,8,38,9,0.0072130939442656816,0.283028815509208,150,616,0.9690749180043745,5363.546485504326,9162.361574382921,12500.0,2.330547527421056,2.0,0.5181598062953995,0.97122969837587,0.9694313328837941,cost_plateau,0
33,2098,1405,829,4332,447,28,64,70,9,42,4,0.008170374896329742,0.2882289615904569,149,615,0.9671601478067461,5345.165890324293,9162.361574382921,12500.0,2.3385616567349645,2.0,0.4969843184559711,0.9730983302411874,0.9752363800090049,cost_plateau,0
34,2103,1403,829,4335,443,41,75,82,9,69,7,0.00945209727226761,0.30013035594496273,148,612,0.9648665008701639,5327.113226279631,9162.361574382921,12500.0,2.346486637140581,2.0,0.5066344993968637,0.973160573808422,0.9726273277989679,cost_plateau,0
35,2108,1404,832,4344,430,36,75,78,9,64,11,0.010844711889303157,0.31033539416110684,148,613,0.9625542525014892,5309.846031684104,9162.361574382921,12500.0,2.3541172240045953,2.0,0.515625,0.9800092980009298,0.9788192879675529,cost_plateau,0
36,2140,1428,843,4411,362,50,115,128,9,45,7,0.01239515117240588,0.32010171042593805,149,621,0.9603084545323635,5295.894502710705,9162.361574382921,12500.0,2.3603189213081706,2.0,0.5373665480427047,0.990282276723739,0.9872426141450313,cost_plateau,0
37,2131,1426,841,4398,370,30,68,69,10,79,13,0.01426994134623304,0.33305629576726237,148,618,0.9577594677176882,5281.29210528724,9162.361574382921,12500.0,2.366845035419632,2.0,0.5338882282996433,0.986574074074074,0.9860986547085202,cost_plateau,0
38,2153,1435,851,4439,331,39,87,98,10,44,6,0.016344545068940602,0.3453086305578389,148,614,0.9550734614692357,5268.713728060789,9162.361574382921,12500.0,2.3724955739056197,2.0,0.5381903642773208,0.9935394554683895,0.989964317573595,cost_plateau,0
39,2149,1436,853,4438,325,27,71,76,10,69,14,0.01859625204355642,0.35622123201725503,149,610,0.9523087947589468,5256.110725336281,9162.361574382921,12500.0,2.3781842988477497,2.0,0.5252051582649473,0.9875919117647058,0.9875389408099688,cost_plateau,0
40,2172,1446,860,4478,284,51,85,108,10,41,7,0.021292882048731768,0.3704643475378431,149,607,0.9492121890637901,5246.745602968987,9162.361574382921,12500.0,2.3824292134397744,2.0,0.5348837209302325,0.9908759124087592,0.9909271962823634,cost_plateau,0
41,2186,1456,864,4506,259,60,85,116,11,52,3,0.024170218228730923,0.38264890267686785,150,608,0.9461448523985488,5239.943073905016,9162.361574382921,12500.0,2.3855220989422885,2.0,0.5416666666666666,0.9963536918869644,0.9947019867549669,cost_plateau,0
42,2206,1466,871,4543,223,57,76,103,12,38,10,0.02740584580713702,0.3955380957190982,151,610,0.9429341047405547,5236.849587545205,9162.361574382921,12500.0,2.386931262973208,2.0,0.5545350172215844,0.9941415051825147,0.989760348583878,cost_plateau,0
43,2215,1473,874,4562,206,52,75,102,14,52,8,0.030749039017397378,0.4053588839923448,153,613,0.9397733444905007,5235.8143459807525,9162.361574382921,12500.0,2.3874032144771453,2.0,0.5789473684210527,0.9986474301172227,0.9975945768642029,cost_plateau,0
44,2248,1496,892,4636,143,88,104,168,16,30,5,0.034795997626292145,0.4198091523034044,154,618,0.9363652290521272,5235.8143459807525,9168.535144213789,12503.026905829594,2.3879813300537447,2.0,0.6266816143497758,1.009429726088909,1.0084837937785511,cost_plateau,0
45,2270,1520,899,4689,108,77,99,141,21,44,1,0.039568261613624214,0.4377657976136571,154,617,0.9319847630387141,5235.8143459807525,9168.535144213789,12503.026905829594,2.3879813300537447,2.0,0.6763070077864294,1.0066518847006651,1.0101249461439035,cost_plateau,0
46,2288,1528,903,4719,106,66,94,120,29,63,0,0.04415342162462265,0.4488368663976239,156,619,0.9276598073412217,5235.8143459807525,9168.535144213789,12503.026905829594,2.3879813300537447,2.0,0.7009966777408638,1.0132860938883967,1.0135309278350515,cost_plateau,0
47,2307,1538,898,4743,107,51,81,94,31,51,0,0.04998898725111758,0.46781874220842073,156,613,0.9221135354795073,5235.8143459807525,9168.535144213789,12503.026905829594,2.3879813300537447,2.0,0.7216035634743875,1.0198938992042441,1.01650235747964,cost_plateau,0
48,2320,1557,916,4793,83,76,100,153,31,48,3,0.05632457002950852,0.4862028157540435,156,616,0.9163723911888096,5235.8143459807525,9168.535144213789,12503.026905829594,2.3879813300537447,2.0,0.7358078602620087,1.0229276895943562,1.0239265114291818,cost_plateau,0
49,2333,1568,922,4823,81,65,101,133,32,67,0,0.062386014789314305,0.4976727612864585,158,619,0.9107287824878141,5235.8143459807525,9168.535144213789,12503.026905829594,2.3879813300537447,2.0,0.7689804772234273,1.0300220750551876,1.0318784766795037,cost_plateau,0
50,2337,1570,933,4840,95,59,93,129,32,75,0,0.06931923675166525,0.5119764245487125,159,615,0.9043458962302361,5235.8143459807525,9168.535144213789,12504.82262459206,2.388324298433409,2.0,0.7813504823151125,1.0313327449249778,1.0344090617653345,cost_plateau,0
51,2334,1575,936,4845,119,41,75,92,33,66,0,0.0779251736162992,0.533824426640829,158,605,0.8963754598416163,5235.8143459807525,9168.535144213789,12504.82262459206,2.388324298433409,2.0,0.7938034188034188,1.0532490974729243,1.058784965034965,cost_plateau,0
52,2353,1593,941,4887,101,62,82,113,27,38,1,0.08679890751668663,0.5524969006926422,158,604,0.8880824398674195,5235.8143459807525,9168.535144213789,12504.82262459206,2.388324298433409,2.0,0.8012752391073327,1.0676043557168784,1.0738299274884642,cost_plateau,0
53,2382,1617,957,4956,59,95,119,184,31,46,0,0.09600014485890562,0.5687796307203264,158,597,0.8795122664891273,5235.8143459807525,9168.535144213789,12504.82262459206,2.388324298433409,2.0,0.8244514106583072,1.078804347826087,1.0866038149528612,cost_plateau,0
54,2404,1634,970,5008,38,76,98,149,35,42,0,0.1060225858212912,0.585716898260204,158,596,0.8701468444918463,5235.8143459807525,9168.535144213789,12504.82262459206,2.388324298433409,2.0,0.8329896907216495,1.080935251798561,1.0891692040017398,cost_plateau,0
55,2410,1654,981,5045,33,72,89,146,36,48,0,0.11608753218012939,0.5990475411340552,159,601,0.8609434472870776,5235.8143459807525,9168.535144213789,12505.307011197294,2.38841681252448,2.0,0.8440366972477065,1.0831460674157303,1.100567190226876,cost_plateau,0
56,2407,1664,984,5055,55,55,91,112,35,78,0,0.1286356477803323,0.6211711774063533,157,599,0.8493634527661268,5235.8143459807525,9168.535144213789,12505.307011197294,2.38841681252448,2.0,0.8079268292682927,1.0901268115942029,1.107581069237511,cost_plateau,0
57,2414,1692,1007,5113,33,87,109,184,37,50,0,0.14018330310419008,0.6346544040571444,157,597,0.8388697636212916,5235.8143459807525,9168.535144213789,12505.307011197294,2.38841681252448,2.0,0.7994041708043694,1.0952813067150635,1.1222563652326603,cost_plateau,0
58,2418,1704,1017,5139,40,75,115,157,35,87,0,0.15179413909230235,0.6455676017607245,155,593,0.8281589038906649,5235.8143459807525,9168.535144213789,12505.307011197294,2.38841681252448,2.0,0.80039331366765,1.0799464046449307,1.1125784801905174,cost_plateau,0
59,2426,1719,1023,5168,43,60,91,126,36,58,0,0.16273854744496224,0.651511617127251,155,594,0.8180338357102186,5235.8143459807525,9168.535144213789,12505.307011197294,2.38841681252448,2.0,0.804496578690127,1.1325863678804855,1.1702898550724639,cost_plateau,0
60,2434,1742,1043,5219,28,83,104,173,37,52,0,0.1738506939941026,0.6565999352071619,157,589,0.8081792674056244,5235.8143459807525,9171.250967482683,12516.26564073539,2.3905098259153212,2.0,0.7957813998082455,1.1427230046948358,1.1869456447577893,cost_plateau,0
61,2449,1771,1056,5276,7,91,109,181,39,49,0,0.18723310772534857,0.6686455902975166,158,591,0.7962948777388454,5235.8143459807525,9178.801325422033,12526.790682296918,2.392520027359841,2.0,0.8106060606060606,1.1395998138669148,1.192046995029372,cost_plateau,0
62,2445,1789,1070,5304,17,64,102,153,38,74,0,0.20086043033267137,0.6798889098312453,156,592,0.7841794093709449,5235.8143459807525,9191.227852426042,12526.790682296918,2.392520027359841,2.0,0.8046728971962617,1.1435921421889617,1.201086956521739,cost_plateau,0
63,2433,1829,1094,5356,3,78,91,218,39,38,0,0.2161855518368978,0.6953120182146176,156,592,0.7729565339546124,5285.598698253633,9202.99704631909,12536.088446496211,2.3717442738583516,2.0,0.8208409506398537,1.137979420018709,1.213961922030825,cost_plateau,0
64,2416,1852,1108,5376,18,65,88,195,38,65,0,0.22720667327321128,0.6961308321039792,159,591,0.7666392845859353,5345.03543063532,9224.344819165195,12567.58706584192,2.351263565777358,2.0,0.8131768953068592,1.1211136890951277,1.2061925061700696,cost_plateau,0
65,2425,1881,1121,5427,0,90,135,234,39,78,0,0.24448916481966024,0.7154332435554247,158,587,0.7531569326261143,5393.8570944656585,9235.319876956419,12587.296091766764,2.333635443304922,2.0,0.7992863514719001,1.120092378752887,1.2121956667411213,cost_plateau,0
66,2392,1916,1149,5457,7,71,98,251,40,65,0,0.25983530956356227,0.7280695621481529,157,582,0.7419401001254496,5458.583379599247,9245.769863121994,12594.986502433796,2.3073727424419195,2.0,0.7754569190600522,1.1028123559243892,1.2208053691275167,cost_plateau,0
67,2391,1948,1164,5503,0,84,121,222,41,73,0,0.27343598165200766,0.735546596129125,158,581,0.731678090216476,5509.306426662373,9255.756053980314,12613.07826998712,2.2894130936238968,2.0,0.7757731958762887,1.0988051470588236,1.226978818283166,cost_plateau,0
68,2387,1976,1180,5543,0,72,95,211,43,52,0,0.28960618467935667,0.749779153377999,158,583,0.7193547945186461,5575.418103782322,9265.349064303467,12630.608310972524,2.2654100689603913,2.0,0.7796610169491526,1.085,1.2238904835504527,cost_plateau,0
69,2386,2009,1195,5590,0,86,131,234,48,83,0,0.3047051532141859,0.761084923417028,157,583,0.707277867011309,5641.379085439307,9265.349064303467,12630.608310972524,2.2389221003730775,2.0,0.7690376569037657,1.0855323020928116,1.231548799294999,cost_plateau,0
70,2351,2057,1228,5636,2,80,106,303,52,56,0,0.319451638196695,0.7716133682015868,158,580,0.6962288062780753,5709.075634464579,9269.33987581099,12667.060164273898,2.218758512815161,2.0,0.752442996742671,1.0628390596745028,1.2343407796758652,cost_plateau,0
71,2349,2089,1253,5691,0,106,172,296,54,116,0,0.33272700444554276,0.7789106859090343,158,578,0.686074641753865,5777.584542078153,9269.33987581099,12692.272971975175,2.1968130244633097,2.0,0.7741420590582602,1.056205035971223,1.2414921465968587,cost_plateau,0
72,2315,2147,1278,5740,2,83,110,315,55,57,0,0.34639464144803056,0.7875631869852402,158,581,0.6760709262418225,5846.9155565830915,9293.974646808372,12716.545206046776,2.174915146795495,2.0,0.758998435054773,1.0395150426582846,1.2475548793740492,cost_plateau,0
73,2321,2176,1300,5797,0,89,123,268,58,63,0,0.3550141489146114,0.7854672532152402,161,587,0.6708391146708013,5917.078543262089,9318.09797806075,12740.021904888708,2.153093255690523,2.0,0.7446153846153846,1.0497512437810945,1.2704361165899627,cost_plateau,0
74,2334,2206,1311,5851,3,93,126,249,61,68,0,0.3720687181301502,0.8025479985568552,161,589,0.6577645977053572,5988.083485781234,9350.149531758632,12782.566386886881,2.134667363479353,2.0,0.7604881769641495,1.0489887640449438,1.2730635335073976,cost_plateau,0
75,2351,2230,1331,5912,0,102,142,255,62,77,0,0.3892901964997536,0.8200286213623597,161,587,0.6437650475358976,6024.501017758988,9381.76393869561,12853.038567312859,2.1334610998362766,2.0,0.7670924117205109,1.0523724261414502,1.282151377141618,cost_plateau,0
76,2365,2236,1335,5936,33,89,165,204,63,135,0,0.40556459445021326,0.8356277945099471,160,593,0.6278982651513888,6024.501017758988,9383.979310502244,12865.843467158946,2.1355865704451023,2.0,0.7827715355805244,1.061966771441401,1.2909960852544584,cost_plateau,0
77,2374,2274,1354,6002,25,104,155,253,64,83,0,0.42195597285764946,0.8516425468658709,159,592,0.6121518886033386,6024.501017758988,9398.224471707104,12878.12018042303,2.1376243679702243,2.0,0.7821270310192023,1.0579322638146167,1.2966083387340679,cost_plateau,0
78,2379,2327,1384,6090,1,112,127,274,67,36,0,0.4351825980656072,0.8615750714248749,160,593,0.600200126320967,6055.502254185808,9403.660659991985,12898.888940714001,2.130110501040235,2.0,0.7947976878612717,1.0620535714285715,1.3161875945537065,cost_plateau,0
79,2379,2340,1394,6113,41,80,155,202,68,127,0,0.4496804818647415,0.8743970074487281,158,595,0.5857548602261728,6055.502254185808,9403.660659991985,12898.888940714001,2.130110501040235,2.0,0.7862266857962698,1.0696942446043165,1.3323888404533566,cost_plateau,0
80,2391,2379,1425,6195,22,117,155,274,68,68,0,0.4618724184511803,0.8831256907213719,158,601,0.5739047520622145,6055.502254185808,9416.475568718211,12900.246718497236,2.130334723198239,2.0,0.8007017543859649,1.076057605760576,1.3520296813618506,cost_plateau,0
81,2416,2412,1440,6268,10,109,141,247,68,61,0,0.47031116672087936,0.8852361813723185,159,604,0.5675805233785629,6055.502254185808,9471.818834747295,12955.07276705085,2.139388645771832,2.0,0.8083333333333333,1.0887787291572781,1.369455975529823,cost_plateau,0
82,2400,2434,1455,6289,54,81,122,219,68,98,0,0.47809352256935805,0.8867587440596733,159,605,0.5613813107118154,6055.502254185808,9503.464204822958,13018.20092232122,2.149813570513084,2.0,0.8006872852233677,1.079136690647482,1.3719458987783595,cost_plateau,0
83,2415,2480,1484,6379,29,112,173,288,68,80,0,0.48564885512816586,0.8884846172903671,158,614,0.5551244736617746,6055.502254185808,9545.769948702491,13044.79875601157,2.154205911985992,2.0,0.7890835579514824,1.080536912751678,1.3855343179843613,cost_plateau,0
84,2426,2523,1509,6458,11,116,143,279,68,57,0,0.49826052787656455,0.8999295987138735,157,615,0.5441734852505501,6055.502254185808,9602.348404434912,13079.221810117891,2.1598905030671904,2.0,0.7978793903247183,1.0908273381294964,1.407891868323523,cost_plateau,0
85,2418,2539,1515,6472,58,69,140,192,68,119,0,0.5055527339004483,0.9022114929252357,157,609,0.5372011030173414,6055.502254185808,9609.617295192424,13096.229115045899,2.162699073556327,2.0,0.7815181518151815,1.0891891891891892,1.4158827390067819,cost_plateau,0
86,2430,2566,1527,6523,71,97,145,235,68,90,0,0.5098076777778122,0.8996658505649494,158,617,0.5348665946582889,6055.502254185808,9672.787608729177,13138.648204242372,2.1697041224219524,2.0,0.7779960707269156,1.0960757780784844,1.4254807692307692,cost_plateau,0
87,2423,2583,1537,6543,114,87,169,231,68,144,0,0.5116207292790564,0.8934673807035134,160,617,0.5335076857023383,6055.502254185808,9694.634702383582,13138.648204242372,2.1697041224219524,2.0,0.7631750162654521,1.0831470719713903,1.416847119965353,cost_plateau,0
88,2432,2601,1551,6584,124,88,164,233,59,115,0,0.5208569467537466,0.90075904737018,160,617,0.5243811764852447,6055.502254185808,9701.336337598841,13146.25523589125,2.1709603405405438,2.0,0.7556415215989684,1.0930337078651686,1.432550043516101,cost_plateau,0
89,2447,2638,1565,6650,104,101,145,249,54,71,0,0.5263258180834773,0.9019674569306911,162,622,0.5201039934373033,6055.502254185808,9740.774218904531,13178.763867049653,2.176328785599899,2.0,0.746964856230032,1.096326164874552,1.4434556110266985,cost_plateau,0
90,2462,2663,1586,6711,100,100,147,249,64,79,0,0.5347154887624134,0.9086049359592463,161,629,0.5126365685731057,6055.502254185808,9772.502148147782,13210.572384125988,2.181581614472079,2.0,0.7295081967213115,1.1247144814984011,1.4824387011265738,cost_plateau,0
91,2444,2657,1587,6688,187,43,135,147,67,155,0,0.5341191898666064,0.9004538401883643,164,625,0.5133276110122188,6055.502254185808,9772.502148147782,13217.448208189813,2.1827170816513823,2.0,0.7057340894770007,1.1362157136215714,1.5005609154139556,cost_plateau,0
92,2473,2701,1608,6782,124,126,156,296,37,56,0,0.5486227629282316,0.9181389766713577,163,632,0.5005654318418266,6055.502254185808,9832.555458275496,13281.431178869258,2.193283169812809,2.0,0.7021144278606966,1.1496978149697814,1.5226762460709475,cost_plateau,0
93,2480,2720,1625,6825,136,74,137,207,58,91,0,0.5622198243026737,0.9344988948717667,163,633,0.48786336390918617,6055.502254185808,9870.728908878213,13320.253823853645,2.1996943052322617,2.0,0.6732307692307692,1.1376146788990826,1.5180160142348755,cost_plateau,0
94,2493,2731,1637,6861,142,81,142,225,50,98,0,0.5600921719725045,0.9250897397051776,167,636,0.49189842927156296,6055.502254185808,9930.502660139666,13374.983223498875,2.208732267295177,2.0,0.6682956627978008,1.1530989824236817,1.5400673400673401,cost_plateau,0
95,2509,2753,1656,6918,128,92,135,245,48,73,0,0.5627177672274833,0.923991475570293,170,640,0.4914754290249257,6055.502254185808,10008.034888318758,13437.076744647582,2.218986333521605,2.0,0.6485507246376812,1.1653506734788668,1.5539083557951483,cost_plateau,0
96,2517,2783,1669,6969,125,91,160,254,54,103,0,0.5718043474491902,0.9338284521176263,170,642,0.483530432586266,6055.502254185808,10059.941455181133,13474.610388616155,2.225184604514342,2.0,0.6285200718993409,1.1712424383434155,1.5699481865284974,cost_plateau,0
97,2560,2810,1691,7061,84,111,145,274,55,49,0,0.573824284878059,0.932435473609033,173,650,0.48455450361912283,6055.502254185808,10161.543283828121,13575.156002976626,2.2417886135857565,2.0,0.6451803666469544,1.2001875293014534,1.600770800272047,cost_plateau,0
98,2532,2815,1679,7026,177,52,155,169,68,180,0,0.5828195725351657,0.9426731218641006,173,643,0.4754142582526666,6055.502254185808,10173.708257492954,13575.156002976626,2.2417886135857565,2.0,0.6229898749255509,1.1977294228949857,1.6118375774260152,cost_plateau,0
99,2542,2842,1712,7096,144,106,154,279,40,81,0,0.5870644323511336,0.9454885330714454,175,649,0.4724390991901049,6055.502254185808,10224.956254471937,13619.370412948938,2.249090140051501,2.0,0.6220794392523364,1.1928671984983577,1.6123608270847534,cost_plateau,0
100,2460,2760,1645,6865,416,46,142,142,49,365,0,0.5987390007274042,0.9605009192768369,174,629,0.4600884265660473,6049.380305308497,10224.956254471937,13619.370412948938,2.251366210353409,2.0,0.6218844984802432,1.1495327102803738,1.5556310899614774,cost_plateau,0
101,2476,2785,1669,6930,373,49,170,170,26,101,0,0.6078533582371842,0.9715951236778319,173,629,0.45039796986239017,6042.454203219811,10224.956254471937,13619.370412948938,2.2539468161283964,2.0,0.5817855002995805,1.1537744641192917,1.5625704622322436,cost_plateau,0
102,2475,2806,1674,6955,368,43,145,145,25,115,0,0.6114869045948262,0.974153006108802,174,637,0.44646031377228107,6032.994562169169,10224.956254471937,13619.370412948938,2.257480969459399,2.0,0.5459976105137395,1.245596376446905,1.6946881091617934,cost_plateau,0
103,2477,2830,1683,6990,349,38,134,134,23,92,0,0.6112585721362774,0.9708158406902185,176,641,0.44654932812663106,6021.568826741242,10224.956254471937,13619.370412948938,2.2617644678354494,2.0,0.5401069518716578,1.2447236180904522,1.6978382317221277,cost_plateau,0
104,2483,2846,1701,7030,330,54,118,152,22,77,0,0.617144248405136,0.9774180997826374,176,640,0.44020197121361604,6010.429352688359,10224.956254471937,13619.370412948938,2.2659563258749946,2.0,0.49206349206349204,1.2415,1.699299008943679,cost_plateau,0
105,2492,2858,1697,7047,325,72,123,179,22,97,1,0.6185153065092932,0.9770748713469539,177,641,0.439024470093759,6001.127446683378,10247.43827865077,13619.370412948938,2.2694686180137547,2.0,0.4920447849145551,1.2522613065326633,1.711683264512995,cost_plateau,0
106,2497,2867,1702,7066,321,52,124,148,23,98,1,0.6126593626100938,0.9655493482309123,179,646,0.44504320679486414,5991.235712632718,10248.389035044953,13619.370412948938,2.273215587934897,2.0,0.4735605170387779,1.2516290726817043,1.7158814958717825,cost_plateau,0
107,2473,2839,1676,6988,409,47,130,130,23,197,2,0.61115737157249,0.9611111111111111,180,636,0.44640028226381456,5976.857591948593,10248.389035044953,13619.370412948938,2.2786841084009684,2.0,0.45405727923627687,1.2464717741935485,1.702729044834308,cost_plateau,0
108,2476,2842,1688,7006,406,39,124,124,20,102,1,0.6175617321432367,0.9692737430167597,179,636,0.4394293790983609,5961.09376089172,10248.389035044953,13619.370412948938,2.284709980960208,2.0,0.4200236966824645,1.2392392392392393,1.6976011630724497,cost_plateau,0
109,2498,2876,1701,7075,344,81,164,223,20,84,2,0.6199634495855836,0.9712962962962962,180,641,0.43673937547541397,5948.861143434465,10248.389035044953,13619.370412948938,2.289408020219152,2.0,0.3991769547325103,1.265450861195542,1.7285609577327143,cost_plateau,0
110,2496,2856,1705,7057,380,64,175,182,21,191,1,0.6147426212516497,0.9615384615384616,182,650,0.4419580662579693,5934.6187966298485,10248.389035044953,13619.370412948938,2.2949023146496126,2.0,0.40527859237536656,1.2530120481927711,1.710373242850218,cost_plateau,0
111,2514,2880,1710,7104,345,65,128,165,20,76,3,0.6208332172135365,0.9696132596685083,181,650,0.4354037809237808,5922.7329412730705,10248.389035044953,13619.370412948938,2.2995077691315764,2.0,0.38011695906432746,1.2992248062015503,1.7737827715355805,cost_plateau,0
112,2539,2907,1721,7167,293,100,157,227,22,85,2,0.6235490154569971,0.9725274725274725,182,656,0.43246459174710716,5915.7854416858845,10249.044762723152,13619.370412948938,2.302208311508282,2.0,0.40906449738524114,1.318276220145379,1.7953406813627255,cost_plateau,0
113,2525,2899,1726,7150,327,49,131,148,25,145,5,0.6248180676192585,0.9732965009208102,181,658,0.43100277567094636,5906.363466138943,10249.044762723152,13619.370412948938,2.3058808505484807,2.0,0.4078794901506373,1.2988683127572016,1.7852684144818975,cost_plateau,0
114,2535,2913,1744,7192,298,63,120,172,23,74,6,0.6220886620407072,0.9679487179487181,182,657,0.43374782340212464,5898.924742225359,10249.044762723152,13619.370412948938,2.3087886365899037,2.0,0.4151376146788991,1.2960122699386503,1.7740503206709424,cost_plateau,0
115,2540,2911,1745,7196,312,61,130,159,25,121,2,0.6239082268214459,0.9697802197802198,182,662,0.43171338683285976,5891.178511705309,10249.044762723152,13619.370412948938,2.3118244313745238,2.0,0.428080229226361,1.2860759493670886,1.7594132029339853,cost_plateau,0
116,2560,2936,1758,7254,264,79,133,183,24,70,9,0.6190076472344034,0.9612612612612613,185,664,0.43678313686665327,5887.206555654923,10249.044762723152,13619.370412948938,2.3133841634734096,2.0,0.4391353811149033,1.294891249367729,1.7714285714285714,cost_plateau,0
117,2584,2979,1784,7347,193,126,181,299,28,85,3,0.6212777277893557,0.9639639639639639,185,672,0.4347718129173386,5887.206555654923,10266.39141720239,13622.668377084807,2.3139443551542502,2.0,0.46300448430493274,1.2932932932932932,1.7754954084098598,cost_plateau,0
118,2620,3004,1786,7410,159,101,152,205,38,82,2,0.626989565343894,0.9720720720720721,185,674,0.42882745855354,5887.206555654923,10269.781650320188,13622.668377084807,2.3139443551542502,2.0,0.4899216125419933,1.3028344107409249,1.776978417266187,cost_plateau,0
119,2625,3010,1793,7428,179,66,137,170,46,114,3,0.6285948684876205,0.973873873873874,185,684,0.42714604595205896,5887.206555654923,10269.781650320188,13622.668377084807,2.3139443551542502,2.0,0.4986056887897379,1.294378698224852,1.7770334928229665,cost_plateau,0
120,2649,3048,1813,7510,133,115,159,255,41,73,1,0.6202422301259394,0.9603174603174603,189,693,0.4360172416123196,5887.206555654923,10269.781650320188,13632.992451188564,2.315698000793512,2.0,0.5350248207391064,1.3094414236282748,1.7988023952095809,cost_plateau,0
121,2657,3056,1820,7533,165,64,149,175,56,125,0,0.6228831972416454,0.9638447971781307,189,691,0.4333543158701167,5887.206555654923,10269.781650320188,13643.17974225099,2.3174284124864126,2.0,0.5236263736263737,1.3218905472636815,1.811252704977158,cost_plateau,0
122,2681,3066,1829,7576,161,77,136,188,44,89,1,0.6223293602933085,0.9624781849912739,191,696,0.43436918159298293,5887.206555654923,10272.689077088773,13683.027673460998,2.3241969759525154,2.0,0.5281574630945872,1.3391608391608392,1.8281853281853282,cost_plateau,0
123,2643,3027,1803,7473,303,37,127,127,46,223,0,0.6177012186946459,0.954861111111111,192,689,0.4392090732422098,5885.783678170212,10272.689077088773,13683.027673460998,2.3247588463385074,2.0,0.5202440377149196,1.3155798904927825,1.797690642290113,cost_plateau,0
124,2631,3027,1792,7450,349,52,166,166,31,182,1,0.6174093359216085,0.9539930555555557,192,688,0.4394571502173424,5880.381989105736,10272.689077088773,13683.027673460998,2.3268943580214345,2.0,0.4966517857142857,1.3485392106611993,1.8500124161907128,cost_plateau,0
125,2609,2998,1780,7387,435,47,134,134,26,194,0,0.6247239356178327,0.9649122807017543,190,677,0.4316304466437255,5870.4468600249575,10272.689077088773,13683.027673460998,2.330832388013955,2.0,0.49887640449438203,1.3504140786749483,1.852771507399047,cost_plateau,0
126,2616,3006,1796,7418,424,44,139,139,23,106,1,0.6316825893015944,0.9753086419753085,189,676,0.4241711095274395,5859.291823442658,10272.689077088773,13683.027673460998,2.3352698731809305,2.0,0.4838530066815145,1.3491490458999484,1.850336742329758,cost_plateau,0
127,2643,3038,1806,7487,369,59,162,172,22,85,0,0.6331102264153686,0.9771929824561405,190,684,0.4225241084879715,5848.9027578199675,10272.689077088773,13683.027673460998,2.339417877167957,2.0,0.48006644518272423,1.356776180698152,1.8615116857284932,cost_plateau,0
128,2657,3055,1814,7526,344,68,158,188,23,111,1,0.6311137859789206,0.9738219895287958,191,690,0.4244728012601631,5839.20794770804,10272.689077088773,13683.027673460998,2.343302001914789,2.0,0.4718853362734289,1.361865709892363,1.865179677819083,cost_plateau,0
129,2667,3068,1823,7558,330,68,127,174,23,90,0,0.6292208212066065,0.9706390328151987,193,698,0.4263798395960968,5830.6773212674,10275.582037767588,13683.027673460998,2.3467303916051305,2.0,0.43773998902907296,1.3544946673438294,1.8606597735105859,cost_plateau,0
130,2667,3071,1821,7559,347,40,109,118,24,103,1,0.6332946994512342,0.9766839378238342,193,694,0.42197272819339476,5820.607207248398,10275.582037767588,13683.027673460998,2.350790422075129,2.0,0.40472267984623833,1.3544946673438294,1.8595325953259532,cost_plateau,0
131,2677,3092,1832,7601,318,78,132,196,23,81,1,0.6362360517697208,0.9810017271157166,193,693,0.41880285745882295,5813.075800327596,10275.582037767588,13683.027673460998,2.3538361004495916,2.0,0.4088427947598253,1.3728205128205129,1.890325789604576,cost_plateau,0
132,2691,3107,1843,7641,297,76,133,185,24,89,1,0.632527190040298,0.9750859106529209,194,703,0.42259874381895196,5807.525451421491,10275.582037767588,13683.027673460998,2.356085700857642,2.0,0.38524145415084105,1.3906976744186046,1.9059615864305313,cost_plateau,0
133,2722,3124,1856,7702,256,97,159,219,23,96,1,0.6334620423630936,0.9763477398608389,195,703,0.42156943721905005,5806.419069931924,10275.582037767588,13683.027673460998,2.3565346401394724,2.0,0.40032327586206895,1.414025974025974,1.9327478042659976,cost_plateau,0
134,2727,3150,1872,7749,228,81,144,203,27,94,5,0.6344737115565523,0.9777439248615489,196,707,0.42054986719293486,5806.419069931924,10275.582037767588,13683.027673460998,2.3565346401394724,2.0,0.39903846153846156,1.4299947561615103,1.9607793522267207,cost_plateau,0
135,2726,3143,1863,7732,271,53,115,131,30,128,0,0.6381570739722925,0.9832711357459027,196,707,0.41667213897176814,5805.435063472191,10275.582037767588,13683.027673460998,2.3569340667600667,2.0,0.4095544820182501,1.4117037804246504,1.9388164493480442,cost_plateau,0
136,2742,3162,1878,7782,243,65,149,172,26,95,0,0.6279141326683517,0.9673557130309847,200,715,0.42737877823316744,5805.026640904912,10275.582037767588,13683.027673460998,2.357099892883184,2.0,0.4132055378061768,1.4097686375321337,1.9401645474943905,cost_plateau,0
137,2731,3148,1866,7745,298,38,110,111,28,139,2,0.6325076308558089,0.9743105993611237,199,708,0.42251676981491026,5801.255590719057,10275.582037767588,13683.027673460998,2.358632102910847,2.0,0.41103965702036444,1.3947906026557713,1.9142362827483934,cost_plateau,0
138,2685,3105,1839,7629,433,36,121,121,25,233,2,0.6370790762179881,0.981240994616905,197,704,0.4176083989590256,5791.0947890680745,10275.582037767588,13683.027673460998,2.3627704556469404,2.0,0.41272430668841764,1.371297242083759,1.8902378592666005,cost_plateau,0
139,2721,3129,1855,7705,370,56,153,153,21,71,2,0.6374796079775495,0.9817566124892101,198,710,0.4170346558007721,5782.771394395808,10275.582037767588,13683.027673460998,2.36617129404795,2.0,0.4075471698113208,1.3889739663093414,1.9076504085169597,cost_plateau,0
140,2661,3071,1822,7554,536,35,108,108,23,256,5,0.6378126762519032,0.9821774879100856,198,697,0.4164842563011104,5767.300456663357,10275.582037767588,13683.027673460998,2.3725186118319983,2.0,0.3968166849615807,1.3639159405433112,1.8763040238450075,cost_plateau,0
141,2663,3051,1812,7526,576,49,124,124,19,148,3,0.6349336033738276,0.9776606831132175,199,693,0.4192012461448913,5750.762671226887,10275.582037767588,13683.027673460998,2.379341394476607,2.0,0.38852097130242824,1.3614519427402862,1.861028684470821,cost_plateau,0
142,2692,3092,1842,7626,490,49,165,165,19,61,1,0.636408406201757,0.9798557130309845,200,700,0.41745763046693096,5735.519908977548,10275.582037767588,13683.027673460998,2.3856647506433686,2.0,0.38707926167209555,1.3658041603247082,1.8704930095658572,cost_plateau,0
143,2673,3085,1825,7583,544,32,97,97,20,135,4,0.6361825377199077,0.979439046364318,200,700,0.4174554231029146,5717.297090836752,10275.582037767588,13683.027673460998,2.3932686120843907,2.0,0.36547945205479454,1.358231707317073,1.8599460387539857,cost_plateau,0
144,2663,3069,1824,7556,578,39,122,122,18,143,5,0.6364938763853011,0.9798557130309846,200,695,0.41683092432687263,5697.2044583675515,10275.582037767588,13683.027673460998,2.401709079154527,2.0,0.34539473684210525,1.3361766181635726,1.8393378773125608,cost_plateau,0
145,2667,3079,1830,7576,559,45,131,131,17,102,7,0.6403677921536771,0.9857621440536014,199,694,0.41251473194534144,5676.774979021611,10275.582037767588,13683.027673460998,2.4103523081373326,2.0,0.3158469945355191,1.3262058677274988,1.8255421686746989,cost_plateau,0
146,2658,3069,1807,7534,600,46,130,130,17,161,7,0.6404016328733381,0.9857621440536013,199,692,0.4121556212449819,5654.845420890857,10275.582037767588,13683.027673460998,2.4196996831975985,2.0,0.30049806308799115,1.3499238191975622,1.8492881688757978,cost_plateau,0
147,2662,3073,1819,7554,580,51,165,180,17,133,5,0.6404324033979266,0.9857621440536014,199,693,0.4118041237038086,5632.454662142819,10275.582037767588,13683.027673460998,2.4293187418672284,2.0,0.29741616272677296,1.3464845725847243,1.846041055718475,cost_plateau,0
148,2657,3065,1817,7539,600,57,159,160,16,168,5,0.6367166575979214,0.98,200,693,0.41531645566629427,5608.889478834917,10275.582037767588,13683.027673460998,2.4395252794860287,2.0,0.29334067143643366,1.326510234648028,1.8175024108003857,cost_plateau,0
149,2643,3052,1814,7509,629,43,124,129,16,146,9,0.6366106975980763,0.9797979797979798,198,692,0.41507085225830903,5583.674138382643,10275.582037767588,13683.027673460998,2.4505419432346027,2.0,0.2965821389195149,1.3208395802098951,1.8172797676669894,cost_plateau,0
150,2652,3051,1810,7513,618,42,117,123,16,105,15,0.6334345406383123,0.9748743718592965,199,692,0.417970700160675,5559.288296227258,10275.582037767588,13683.027673460998,2.4612912560672227,2.0,0.3005524861878453,1.3246753246753247,1.8173681664247703,cost_plateau,0
151,2646,3046,1807,7499,631,41,124,128,16,131,10,0.6339995703682684,0.9757118927973201,199,695,0.417019754001596,5534.051113444699,10275.582037767588,13683.027673460998,2.4725155935439,2.0,0.2927504150525733,1.330316742081448,1.8299170326988774,cost_plateau,0
152,2604,2997,1774,7375,749,50,146,146,16,262,14,0.6348820677917644,0.9770408163265306,196,680,0.41569478719220243,5506.380857877475,10275.582037767588,13683.027673460998,2.4849402950189945,2.0,0.30665163472378804,1.3006993006993006,1.7883123181377303,cost_plateau,0
153,2610,3017,1790,7417,707,37,126,126,16,77,9,0.6360746006846575,0.978849407783418,197,684,0.4141051663214001,5478.848953588088,10275.582037767588,13683.027673460998,2.497427432179894,2.0,0.29720670391061454,1.294000991571641,1.783361384948305,cost_plateau,0
154,2628,3027,1805,7460,662,51,150,170,16,102,13,0.6372537652331628,0.9806397306397308,198,688,0.4124662861636148,5451.586420143727,10275.582037767588,13683.027673460998,2.5099166772633232,2.0,0.29584487534626036,1.306812531079065,1.8010622887493963,cost_plateau,0
155,2641,3037,1800,7478,630,49,129,141,15,98,16,0.6378756109572974,0.981574539363484,199,690,0.4114186495891415,5425.636051556647,10275.582037767588,13683.027673460998,2.521921401184891,2.0,0.3061111111111111,1.3061325420375864,1.791566842357451,cost_plateau,0
0,2159,1447,859,4465,239,28,64,64,27,53,0,1.674047961596599e-05,0.023714637238500647,152,699,1.0037142561496808,5833.333333333333,9166.666666666666,12500.0,2.142857142857143,2.0,0.3911525029103609,0.9963082602676512,1.0,cost_plateau,1
1,2164,1442,857,4463,260,36,73,73,22,72,0,2.144576628339578e-05,0.02719453372458073,154,699,1.0037344769918883,5833.333333333333,9166.666666666666,12500.0,2.142857142857143,2.0,0.44807467911318555,0.9995381062355658,0.9991045444369823,cost_plateau,1
2,2159,1445,853,4457,283,30,70,70,20,73,0,2.921034053006581e-05,0.033146914676961674,154,694,1.00373010332743,5833.333333333333,9166.666666666666,12500.0,2.142857142857143,2.0,0.44079718640093785,0.9958487084870848,0.995088189327975,cost_plateau,1
3,2161,1451,857,4469,283,28,69,69,17,54,2,3.932987265435196e-05,0.039927751609729945,154,698,1.003689387461618,5833.095136821211,9166.666666666666,12500.0,2.1429446471898226,2.0,0.42707117852975496,0.9981524249422633,1.0002238137869293,cost_plateau,1
4,2177,1461,862,4500,263,44,99,99,16,65,2,5.145931166241274e-05,0.04672466501894386,153,701,1.0036848648768097,5833.095136821211,9166.666666666666,12500.0,2.1429446471898226,2.0,0.46218097447795825,1.0158656089594027,1.0158013544018059,cost_plateau,1
5,2200,1462,868,4530,240,52,101,101,16,68,6,6.602941801737081e-05,0.05360912561900062,151,696,1.003697910396393,5833.095136821211,9166.666666666666,12500.0,2.1429446471898226,2.0,0.5023041474654378,1.0242085661080074,1.0218813444619896,cost_plateau,1
6,2176,1450,860,4486,294,30,60,60,17,99,2,8.425359275164914e-05,0.06115095487005977,150,693,1.0034866609027193,5829.979927634057,9166.666666666666,12500.0,2.144089714743288,2.0,0.4943521594684386,1.024,1.0234998859228839,cost_plateau,1
7,2189,1466,866,4521,272,41,96,96,14,60,0,0.00010264094182417965,0.06658085191090368,149,701,1.003277422076245,5826.899024240642,9166.666666666666,12500.0,2.1452233766190916,2.0,0.5005773672055427,1.0423809523809524,1.0429065743944637,cost_plateau,1
8,2196,1463,867,4526,278,32,69,69,14,61,0,0.00012030918349776156,0.0697345532343179,150,702,1.003050692868908,5823.129952009349,9166.666666666666,12500.0,2.1466118913741066,2.0,0.4936562860438293,1.0472103004291846,1.0440599769319492,cost_plateau,1
9,2166,1452,853,4471,343,33,69,69,14,121,1,0.00014501545271416687,0.07509265285754038,150,687,1.0025092195907048,5814.364155729906,9166.666666666666,12500.0,2.14984814593726,2.0,0.4980070339976553,1.0353728489483747,1.0328020328020329,cost_plateau,1
10,2129,1427,849,4405,419,24,53,53,12,118,1,0.0001787051787975101,0.08265610972507227,149,678,1.00159158238076,5800.048216172649,9166.666666666666,12500.0,2.1551544977066643,2.0,0.4857051076132348,1.0099620493358634,1.0093950504124656,cost_plateau,1
11,2134,1428,845,4407,423,38,69,69,10,64,1,0.0002149084680272515,0.08877173566023847,150,673,1.000713721196006,5785.43228374852,9166.666666666666,12500.0,2.1605991370969693,2.0,0.49230769230769234,1.0113744075829383,1.008466819221968,cost_plateau,1
12,2150,1433,851,4434,402,48,91,91,10,63,3,0.00026351975331648713,0.09719749674968077,149,683,0.9998750033212225,5772.018355828541,9166.666666666666,12500.0,2.165620278628808,2.0,0.5123384253819037,1.0151085930122756,1.0120976945902762,cost_plateau,1
13,2153,1430,855,4438,407,33,70,70,10,66,1,0.0003155319593118989,0.10390890614565393,149,685,0.9989905063268362,5758.067364094008,9166.666666666666,12500.0,2.1708672736180796,2.0,0.5064327485380117,1.0141309467734339,1.012779552715655,cost_plateau,1
14,2152,1436,857,4445,408,32,75,75,10,67,1,0.00037714858787615076,0.11087828401848412,149,685,0.998043455265256,5743.122868159929,9166.666666666666,12500.0,2.176516206766258,2.0,0.5075845974329055,1.0,1.0006753714543,cost_plateau,1
15,2132,1423,843,4398,454,26,50,50,10,92,6,0.0004477965281875135,0.1175188770498125,149,671,0.9969465962698058,5725.502606375941,9166.666666666666,12500.0,2.1832144458514358,2.0,0.5136417556346382,1.0018796992481203,1.0018223234624146,cost_plateau,1
16,2116,1404,845,4365,487,29,62,62,9,94,8,0.0005362086257603408,0.12561288623734682,148,663,0.9956859360430372,5705.993486383844,9166.666666666666,12500.0,2.19067898164073,2.0,0.49467455621301776,0.989247311827957,0.9888989578613503,cost_plateau,1
17,2104,1398,834,4336,517,40,81,81,9,104,2,0.00063196852440091,0.1321488391374877,149,664,0.9943320657448895,5684.493504503796,9166.666666666666,12500.0,2.1989646025800385,2.0,0.486810551558753,0.9882573978393612,0.9874743794124345,cost_plateau,1
18,2084,1385,825,4294,558,36,80,80,8,118,5,0.0007617267719701012,0.142181582373234,148,654,0.9927276070526523,5660.506491816788,9165.113611294948,12500.0,2.2082829545502416,2.0,0.4993939393939394,0.9825553983969826,0.9792474344355758,cost_plateau,1
19,2106,1405,836,4347,506,48,95,95,8,39,4,0.0008994045155966681,0.14986499536740994,150,664,0.9913176410797818,5638.734615766598,9165.113611294948,12500.0,2.2168094176747486,2.0,0.5011961722488039,0.9887323943661972,0.9904306220095693,cost_plateau,1
20,2091,1397,839,4327,526,34,75,75,8,93,6,0.0010469694969651654,0.15574803662680362,147,659,0.9897923178212519,5615.164705072693,9165.113611294948,12500.0,2.2261145766049575,2.0,0.5017878426698451,1.0028776978417266,1.0048769159312587,cost_plateau,1
21,2095,1395,833,4323,522,35,73,73,8,73,12,0.0012609433627760068,0.1674901119325408,146,657,0.9882394533607497,5592.519573693982,9165.113611294948,12500.0,2.2351285203895093,2.0,0.5078031212484994,1.0096385542168675,1.0109915809167447,cost_plateau,1
22,2090,1398,834,4322,520,38,80,80,8,79,9,0.001474429879891594,0.1749062770528642,148,656,0.9867017200860626,5569.499463063988,9165.113611294948,12500.0,2.2443668561058248,2.0,0.5239808153477218,1.0082006753497348,1.0081642174014462,cost_plateau,1
23,2068,1379,819,4266,572,36,63,63,8,117,10,0.0017578864805170404,0.1862796118292664,147,645,0.9847919691198241,5544.303789199393,9161.741140634538,12500.0,2.2545662134081983,2.0,0.5311355311355311,1.0092728160078086,1.0087491132655475,cost_plateau,1
24,2042,1366,814,4222,616,30,64,64,8,108,8,0.002095293063918907,0.1984005974763109,147,637,0.9825797902995593,5516.582270253396,9154.428725137777,12500.0,2.2658956918675357,2.0,0.5122850122850123,0.9980449657869013,0.9988171279867518,cost_plateau,1
25,2041,1362,806,4209,623,33,67,67,8,76,10,0.002534677700829255,0.2145369914952365,146,630,0.9801818832247353,5488.999358902129,9146.183676749573,12500.0,2.277282102379433,2.0,0.5173697270471465,0.9931873479318735,0.9912859161563825,cost_plateau,1
26,2069,1382,822,4273,553,44,102,102,8,35,11,0.002923180245414525,0.2212601021924811,146,637,0.9783248068162628,5464.552369789589,9144.280494725384,12500.0,2.2874700714930305,2.0,0.5218978102189781,0.9980704293294742,0.9983644859813084,cost_plateau,1
27,2068,1377,822,4267,557,36,72,72,8,78,10,0.0033306997310414903,0.22556384184097913,144,630,0.976361072259587,5440.286945922452,9140.862751717415,12500.0,2.29767292134634,2.0,0.5340632603406326,0.9918465227817745,0.9923255813953489,cost_plateau,1
28,2071,1386,824,4281,532,31,71,72,8,55,17,0.00395942594100555,0.24005184311848884,144,630,0.974451185932305,5417.1876630431925,9140.729308465567,12500.0,2.3074703660862146,2.0,0.5351941747572816,0.9852521408182683,0.9857241538107299,cost_plateau,1
29,2075,1382,817,4274,527,41,74,74,8,80,19,0.004664721844469885,0.2533529475657623,143,625,0.9724075615340066,5395.448758605015,9139.939743807692,12500.0,2.3167674384941903,2.0,0.5410036719706243,0.9857482185273159,0.9827546562428144,cost_plateau,1
30,2073,1383,824,4280,516,34,73,75,8,66,12,0.00544926333494131,0.2653337241400059,143,627,0.9704716322678004,5373.945697318188,9139.939743807692,12500.0,2.32603764608898,2.0,0.5339805825242718,0.9913916786226685,0.9891379708805177,cost_plateau,1
31,2096,1398,830,4324,464,40,82,92,8,34,12,0.006305949065249331,0.27550357017232396,144,625,0.9685627783442299,5355.31136613398,9139.939743807692,12500.0,2.334131322232305,2.0,0.5204819277108433,0.9872821479039096,0.98992673992674,cost_plateau,1
32,2082,1392,821,4295,481,29,62,62,9,87,17,0.007354640643236585,0.28858285304962045,144,618,0.9664378822442717,5335.6803060874845,9139.939743807692,12500.0,2.342719069157636,2.0,0.5200974421437271,1.004341534008683,1.0025676937441643,cost_plateau,1
33,2094,1397,829,4320,448,34,75,79,8,49,15,0.008567069334206616,0.30222327976419505,144,614,0.9642877283773553,5318.071690656465,9139.939743807692,12500.0,2.350476023473274,2.0,0.5138721351025332,1.0038350910834133,1.004417577307603,cost_plateau,1
34,2100,1394,828,4322,440,34,70,73,9,65,12,0.009891830653743921,0.31409311283391134,145,616,0.962018186005909,5301.4508165362995,9139.939743807692,12500.0,2.3578451319419895,2.0,0.5096618357487923,1.0009532888465205,0.9986136783733827,cost_plateau,1
35,2116,1414,835,4365,392,41,99,110,9,53,11,0.011649641075827754,0.333369479245311,144,615,0.9596075744027295,5286.800873576995,9139.939743807692,12500.0,2.3643788179112235,2.0,0.511377245508982,1.0105062082139447,1.009481961147086,cost_plateau,1
36,2124,1417,834,4375,380,41,79,83,10,65,8,0.01365733476371046,0.35269728919932125,143,608,0.9568935206864281,5272.868242773375,9139.939743807692,12500.0,2.370626274823314,2.0,0.5251798561151079,1.0143266475644699,1.0122628412771866,cost_plateau,1
37,2134,1420,843,4397,352,37,74,89,10,48,12,0.0156787109506177,0.3659365700894638,144,612,0.9543031723930364,5260.236631151332,9139.939743807692,12500.0,2.376318952264333,2.0,0.5243179122182681,1.009460737937559,1.0073310423825887,cost_plateau,1
38,2149,1430,851,4430,323,36,78,85,11,44,6,0.018044457694555746,0.38122241698280374,144,612,0.9514684632207248,5248.776523450023,9139.939743807692,12500.0,2.3815073749384448,2.0,0.5099882491186839,1.0302013422818792,1.0271272895896129,cost_plateau,1
39,2166,1442,855,4463,292,35,77,85,11,41,6,0.02051646005964156,0.3930038516342154,145,617,0.948580200879696,5238.689131205932,9139.939743807692,12500.0,2.386093102096809,2.0,0.5064327485380117,1.029957203994294,1.0273941068139962,cost_plateau,1
40,2168,1443,855,4466,287,33,66,74,11,61,11,0.023543891988785325,0.4096285586969806,145,614,0.945230482201933,5229.305639091635,9139.939743807692,12500.0,2.3903747194572724,2.0,0.5087719298245614,1.024090694378838,1.0215004574565416,cost_plateau,1
41,2152,1435,847,4434,314,31,69,69,11,96,11,0.026208113259337702,0.4149116770487346,147,603,0.9421265271759892,5218.232818994505,9139.939743807692,12500.0,2.395446970955315,2.0,0.5017709563164109,1.0218423551756886,1.0176727105806749,cost_plateau,1
42,2169,1446,860,4475,276,57,100,128,10,55,3,0.030199073872263473,0.43585168857677753,146,610,0.9379971206893157,5209.653147856526,9139.939743807692,12500.0,2.3993919835417516,2.0,0.5209302325581395,1.05908203125,1.0556735079028072,cost_plateau,1
43,2177,1456,859,4492,258,55,82,110,11,60,7,0.03417874170415631,0.45057201903515237,147,602,0.9339530928157803,5203.371549616518,9139.939743807692,12500.0,2.4022885701716294,2.0,0.5389988358556461,1.0516908212560387,1.0473303800419678,cost_plateau,1
44,2192,1469,870,4531,223,62,92,126,13,50,6,0.03852121356768213,0.4647533945492533,146,598,0.9298146378749563,5200.16118787369,9139.939743807692,12500.0,2.403771642530789,2.0,0.5701149425287356,1.05283381364073,1.05152007426317,cost_plateau,1
45,2207,1478,878,4563,201,58,90,120,14,56,2,0.04366836631277355,0.4831275479338833,146,591,0.9250042758102114,5199.258502086094,9139.939743807692,12500.0,2.4041889809834682,2.0,0.592255125284738,1.0646406174626146,1.0673684210526315,cost_plateau,1
46,2207,1480,878,4565,208,38,68,79,16,64,5,0.04891838764225373,0.4972746167950253,147,588,0.9200733100835127,5197.960843040383,9139.939743807692,12500.0,2.4047891812683453,2.0,0.5968109339407744,1.0625902744342801,1.0621219171707772,cost_plateau,1
47,2243,1502,888,4633,152,87,113,163,16,41,0,0.054902425921497654,0.5138008439691247,148,588,0.9144637319759555,5197.960843040383,9139.939743807692,12500.0,2.4047891812683453,2.0,0.6418918918918919,1.0778471888515138,1.0797017012351433,cost_plateau,1
48,2251,1504,898,4653,153,48,78,103,22,58,1,0.06183964357152847,0.5338098242729885,147,581,0.9080504540056429,5197.960843040383,9139.939743807692,12500.0,2.4047891812683453,2.0,0.6425389755011136,1.0811719500480308,1.0813386009760633,cost_plateau,1
49,2267,1514,910,4691,135,59,86,119,21,47,0,0.0693945943363073,0.5535823933991549,147,577,0.901063925637966,5197.960843040383,9139.939743807692,12500.0,2.4047891812683453,2.0,0.6582417582417582,1.0883341334613539,1.0899163568773234,cost_plateau,1
50,2285,1539,907,4731,115,68,96,123,23,53,0,0.07737720901004988,0.5714908107318721,147,576,0.8936377087884754,5197.960843040383,9139.939743807692,12500.0,2.4047891812683453,2.0,0.6957001102535832,1.1006743737957612,1.1015133876600698,cost_plateau,1
51,2301,1556,923,4780,90,80,103,157,28,52,2,0.08535793782955681,0.5847423894808731,148,576,0.8863103359491384,5197.960843040383,9139.939743807692,12500.0,2.4047891812683453,2.0,0.7323943661971831,1.1110574601641718,1.1142191142191142,cost_plateau,1
52,2313,1569,928,4810,93,71,107,135,36,75,1,0.09427827312506823,0.600104945955004,147,569,0.8780162008198203,5197.960843040383,9139.939743807692,12500.0,2.4047891812683453,2.0,0.7693965517241379,1.1184719535783365,1.1238317757009346,cost_plateau,1
53,2336,1594,943,4873,63,91,114,179,36,48,0,0.10334300098271916,0.6122844296003014,148,568,0.8696776705712917,5197.960843040383,9139.939743807692,12501.511134676563,2.405079898094076,2.0,0.8207847295864263,1.1295938104448742,1.1396164639850328,cost_plateau,1
54,2353,1605,962,4920,51,78,104,161,36,56,0,0.11221196795646701,0.6199098551502847,150,571,0.8617509532073889,5197.960843040383,9139.939743807692,12515.494113866698,2.4077699874603433,2.0,0.8264033264033264,1.1328839672604718,1.146318732525629,cost_plateau,1
55,2291,1573,936,4800,203,44,100,100,36,216,0,0.12322670913872338,0.6358879004943576,149,552,0.8515950082167141,5197.960843040383,9139.939743807692,12515.494113866698,2.4077699874603433,2.0,0.8376068376068376,1.1040963855421686,1.119664100769769,cost_plateau,1
56,2322,1611,965,4898,126,68,138,161,22,39,0,0.13558994973011904,0.6547529411299298,149,554,0.8403491224841046,5197.960843040383,9139.939743807692,12515.494113866698,2.4077699874603433,2.0,0.8186528497409327,1.105188005711566,1.1285714285714286,cost_plateau,1
57,2344,1641,982,4967,81,97,119,190,26,48,0,0.14873867161208146,0.6733872786693903,149,551,0.8282911987595404,5197.960843040383,9139.939743807692,12515.494113866698,2.4077699874603433,2.0,0.8441955193482689,1.117254528122021,1.1476432532347505,cost_plateau,1
58,2365,1672,1004,5041,39,107,135,223,35,58,0,0.15977925043682087,0.679527603189624,150,555,0.8190887794431275,5197.960843040383,9165.391633429204,12515.494113866698,2.4077699874603433,2.0,0.8944223107569721,1.129956999522217,1.1647412199630314,cost_plateau,1
59,2385,1701,1016,5102,5,102,124,203,34,56,0,0.17362534331823468,0.6950960910954042,149,556,0.8072162748797715,5197.960843040383,9184.778511205266,12527.418324794084,2.4100640045350104,2.0,0.8986220472440944,1.1516175760502172,1.1940088930493797,cost_plateau,1
60,2348,1746,1041,5135,3,56,72,245,35,35,0,0.18819002053982045,0.7107567560085332,149,552,0.7979067902491221,5260.336373156868,9208.492704520566,12527.418324794084,2.3814861704891404,2.0,0.8847262247838616,1.1293891293891294,1.1955762514551804,cost_plateau,1
61,2371,1751,1050,5172,0,79,133,181,36,94,0,0.19927268886314056,0.7116412598914998,150,555,0.7890791337945503,5291.969387078618,9208.492704520566,12538.156111929622,2.3692797888332446,2.0,0.8961904761904762,1.1317422434367541,1.1980542043085476,cost_plateau,1
62,2341,1790,1071,5202,0,58,86,257,36,50,0,0.21632243433224174,0.732225973062979,149,550,0.7766231436409772,5355.473019723561,9220.94217510433,12538.156111929622,2.341185562088186,2.0,0.869281045751634,1.1190248565965584,1.2066805845511481,cost_plateau,1
63,2336,1812,1084,5232,0,61,83,203,35,48,0,0.23099040205757496,0.7429284763860244,150,550,0.7661516931367773,5419.738695960244,9238.122032048674,12538.156111929622,2.3134244684665872,2.0,0.8413284132841329,1.1445369916707497,1.2418704011393307,cost_plateau,1
64,2316,1845,1100,5261,1,57,81,241,35,47,0,0.24755021885766307,0.7584607325053658,149,550,0.7538027770802392,5484.775560311767,9254.695573472023,12538.156111929622,2.285992557773308,2.0,0.8163636363636364,1.1499503475670307,1.2661853188929002,cost_plateau,1
65,2311,1867,1111,5289,0,63,99,230,35,63,0,0.2622731064776957,0.7674732718854885,149,548,0.7430853784461123,5550.592867035508,9275.8420819436,12538.156111929622,2.258885926653466,2.0,0.783078307830783,1.1311796377875674,1.2542091534266067,cost_plateau,1
66,2259,1914,1147,5320,2,48,68,336,35,35,0,0.2807112771680937,0.7865649091384437,148,549,0.7290401383379588,5617.199981439934,9300.907210077254,12545.873582038621,2.233474617868699,2.0,0.7323452484742807,1.1122599704579026,1.2705994745641271,cost_plateau,1
67,2244,1952,1156,5352,1,59,86,273,36,49,0,0.2960478222335842,0.7963727619888915,149,549,0.7172037510495273,5684.606381217213,9310.894249786435,12553.340330329662,2.2083042322521695,2.0,0.7396193771626297,1.1103414151410194,1.2813023701220971,cost_plateau,1
68,2221,1990,1176,5387,0,48,61,297,38,22,0,0.3101986323421011,0.803092199822942,150,552,0.7068265783909901,5752.82165779182,9325.024350607719,12581.606695291151,2.187032284974485,2.0,0.7100340136054422,1.1105,1.305939393939394,cost_plateau,1
69,2198,2025,1201,5424,0,52,65,323,40,25,0,0.32486164892076375,0.811431315098868,151,550,0.6961717415411015,5821.855517685322,9347.818854575871,12619.299135665553,2.167573396030066,2.0,0.6577851790174855,1.100650976464697,1.3126815101645692,cost_plateau,1
70,2209,2040,1214,5463,1,61,104,296,42,63,0,0.3399432276710658,0.8211093872653169,152,544,0.6844016579212107,5891.717783897547,9370.363594166318,12625.244966889277,2.142880129356315,2.0,0.6128500823723229,1.1022954091816368,1.3189280540801545,cost_plateau,1
71,2158,2099,1248,5505,0,59,77,382,43,33,0,0.35801301938497004,0.8381050013004048,152,544,0.6705754764648757,5962.418397304317,9409.657515250574,12670.809152250551,2.125112380234701,2.0,0.561698717948718,1.0725646123260437,1.323953823953824,cost_plateau,1
72,2161,2120,1265,5546,0,69,98,316,46,52,0,0.3750257279479102,0.8526588525429832,151,545,0.6572509120560287,6033.967418071969,9452.977447962294,12685.53333363696,2.102353634798108,2.0,0.5644268774703557,1.0687438180019782,1.3267942583732057,cost_plateau,1
73,2137,2160,1291,5588,0,64,91,373,47,44,0,0.38699920413160116,0.8562340481219678,152,546,0.6489058462814076,6106.375027088833,9482.211655995807,12738.77130389385,2.0861429649149734,2.0,0.5414407436096049,1.0537475345167653,1.3323795898903195,cost_plateau,1
74,2155,2177,1302,5634,0,71,122,305,49,73,0,0.4043259909246725,0.8721265695537609,152,546,0.6341155838194139,6179.651527413899,9502.447923958029,12738.77130389385,2.0614060918132147,2.0,0.5468509984639017,1.0631475086334485,1.3449510623060397,cost_plateau,1
75,2147,2209,1321,5677,1,76,113,309,51,63,0,0.4215449601590524,0.8879723548900039,151,548,0.6192229615784107,6253.807345742866,9522.158298058335,12742.223597706714,2.0375145720439702,2.0,0.5503406510219531,1.0565944881889764,1.3503805899143673,cost_plateau,1
76,2079,2281,1362,5722,6,64,75,431,55,25,0,0.43810176611282586,0.9026675839000395,151,552,0.6049723709145081,6328.853033891781,9561.557741292476,12744.805722312416,2.013762312706967,2.0,0.5389133627019089,1.0216216216216216,1.3601140955550273,cost_plateau,1
77,2110,2292,1383,5785,0,91,156,336,58,92,0,0.4514939894331111,0.9112597422223613,150,551,0.5935651967000537,6404.799270298482,9575.808300299568,12744.805722312416,1.9898837082084653,2.0,0.5509761388286334,1.0297706198145438,1.362137979750412,cost_plateau,1
78,2128,2319,1395,5842,1,100,177,353,63,115,0,0.4622171997351625,0.9150982108333092,148,554,0.5853725002299707,6481.656861542064,9614.466651876715,12744.805722312416,1.966288249217851,2.0,0.5835125448028674,1.0350194552529184,1.3707179727827312,cost_plateau,1
79,2168,2340,1392,5900,1,97,167,267,65,102,0,0.47664090077238735,0.9268211409460331,147,554,0.572596383558512,6559.436743880568,9614.466651876715,12744.805722312416,1.942972578278509,2.0,0.6120689655172413,1.0549878345498784,1.3915094339622642,cost_plateau,1
80,2179,2372,1409,5960,0,100,156,295,64,91,0,0.48584137879033645,0.9289556727895215,146,556,0.5649703300956147,6638.149984807135,9614.466651876715,12755.49724847549,1.921543996093678,2.0,0.6415897799858056,1.056228793019874,1.3987326918563718,cost_plateau,1
81,2187,2406,1423,6016,0,81,118,284,64,54,0,0.4984044910148117,0.9381144221621536,146,558,0.5540221452696525,6717.807784624821,9623.209982314915,12765.841481662237,1.9002987121601886,2.0,0.6556570625439213,1.063715953307393,1.4195375176970269,cost_plateau,1
82,2202,2428,1448,6078,0,93,124,279,67,57,0,0.5101209133516458,0.9461625374283434,145,563,0.5442323199313427,6798.421478040319,9655.48816274983,12765.841481662237,1.8777655258499888,2.0,0.6664364640883977,1.0720545277507303,1.4338287331917905,cost_plateau,1
83,2235,2444,1460,6139,5,96,149,258,68,86,0,0.521083631825937,0.9533118143086329,144,569,0.534632123701166,6880.002535776803,9655.48816274983,12765.841481662237,1.8554995314723208,2.0,0.6863013698630137,1.0838991270611058,1.4461719670200235,cost_plateau,1
84,2236,2484,1478,6198,10,82,113,279,68,50,0,0.5276765266275628,0.9530590891524814,145,571,0.5296518536694151,6962.562566206125,9675.047911717205,12766.221520244912,1.8335521438913518,2.0,0.6867388362652233,1.087019931939718,1.4597268016957137,cost_plateau,1
85,2285,2500,1488,6273,3,94,135,184,68,60,0,0.537185272113962,0.9586630510177861,144,578,0.5204225622761526,6985.202321071294,9675.047911717205,12766.221520244912,1.8276094139370618,2.0,0.7022849462365591,1.1373817819810852,1.5079326923076923,cost_plateau,1
86,2276,2546,1521,6343,0,87,120,292,68,49,0,0.5461939892249654,0.9638773625996726,144,583,0.5124546974575139,7069.02474892415,9686.098594877958,12766.221520244912,1.8059381560642902,2.0,0.6975673898750822,1.1465994962216626,1.5436845947919202,cost_plateau,1
87,2313,2566,1526,6405,0,86,138,194,68,70,0,0.5540052091799514,0.9674853945805043,144,581,0.5050011491774424,7097.673706121043,9686.098594877958,12766.221520244912,1.7986486909415553,2.0,0.7018348623853211,1.1807044410413476,1.5822628458498025,cost_plateau,1
88,2239,2474,1471,6184,286,58,144,144,68,362,0,0.5568216110103847,0.9629555812106201,141,564,0.5021206873499029,7097.673706121043,9686.098594877958,12766.221520244912,1.7986486909415553,2.0,0.7239972807613868,1.135395537525355,1.5194103194103195,cost_plateau,1
89,2234,2477,1466,6177,334,50,141,141,44,145,0,0.5642218540882342,0.9669101028138601,139,563,0.4943702725859035,7097.673706121043,9686.098594877958,12766.221520244912,1.7986486909415553,2.0,0.6984993178717599,1.12544080604534,1.5095307917888563,cost_plateau,1
90,2265,2518,1496,6279,261,51,151,151,33,45,0,0.5633915524829533,0.9573321817337582,141,568,0.49515595019077074,7097.673706121043,9686.098594877958,12766.221520244912,1.7986486909415553,2.0,0.6517379679144385,1.138763197586727,1.5273656044757966,cost_plateau,1
91,2278,2536,1504,6318,251,41,114,114,33,71,0,0.5669914511069806,0.9558720959469008,142,571,0.49135110820772204,7095.7190677579765,9686.098594877958,12766.221520244912,1.7991441597868438,2.0,0.6110372340425532,1.1310824230387289,1.518020182604517,cost_plateau,1
92,2290,2566,1520,6376,220,65,167,193,30,106,0,0.5628910185269347,0.9420173909106011,144,577,0.49550453090053453,7093.134178468247,9686.098594877958,12766.221520244912,1.799799806268681,2.0,0.5815789473684211,1.1427145708582835,1.542705056859424,cost_plateau,1
93,2301,2594,1535,6430,195,80,127,191,30,72,0,0.572584716788663,0.9517269970391623,144,579,0.48528211935221927,7093.134178468247,9686.098594877958,12766.221520244912,1.799799806268681,2.0,0.575244299674267,1.1597782258064515,1.5656196737277819,cost_plateau,1
94,2318,2606,1544,6468,183,74,124,174,32,80,0,0.5813851050475579,0.9602587259928986,143,585,0.4761934546251464,7093.134178468247,9686.098594877958,12773.76218995117,1.8008629004547672,2.0,0.5595854922279793,1.1624874623871615,1.5702840495265842,cost_plateau,1
95,2331,2632,1563,6526,152,84,120,202,32,57,0,0.5897733887749894,0.9684172341514067,143,590,0.4674116210698639,7093.134178468247,9686.098594877958,12780.905035859052,1.8018699088840684,2.0,0.54510556621881,1.157973174366617,1.5691271940370282,cost_plateau,1
96,2363,2668,1586,6617,94,116,153,258,36,59,0,0.5856922334104016,0.9565091174679304,146,598,0.47238787132063825,7093.134178468247,9695.770171585888,12827.87042964782,1.8084911559389085,2.0,0.5586380832282472,1.1715418939018345,1.5849101796407186,cost_plateau,1
97,2375,2703,1606,6684,83,104,152,242,58,83,0,0.5983577619119343,0.9723011343700082,145,600,0.4591808868435974,7093.134178468247,9705.074954355066,12827.87042964782,1.8084911559389085,2.0,0.5579078455790785,1.1763249133234275,1.6005747126436782,cost_plateau,1
98,2410,2730,1626,6766,55,107,144,239,57,59,0,0.5898405298434852,0.9540290681229383,149,608,0.4690992337084188,7093.134178468247,9728.32447457539,12873.217661646355,1.8148842722761391,2.0,0.5633456334563346,1.193069306930693,1.6209870627695255,cost_plateau,1
99,2407,2735,1622,6764,107,63,118,154,58,112,0,0.593937441477076,0.9565577632243412,150,611,0.46479306203652004,7093.134178468247,9728.32447457539,12873.217661646355,1.8148842722761391,2.0,0.5505548705302096,1.192765113974232,1.6212847555129435,cost_plateau,1
100,2417,2753,1643,6813,115,66,122,172,59,71,0,0.5945867784944853,0.9538398979187576,152,610,0.46401775388794697,7093.134178468247,9728.32447457539,12873.217661646355,1.8148842722761391,2.0,0.5483870967741935,1.1935802469135803,1.6267908309455588,cost_plateau,1
101,2423,2760,1644,6827,145,55,109,140,51,88,0,0.6040907700867718,0.9655809884430601,152,612,0.45408519714753576,7093.134178468247,9730.016357092707,12873.217661646355,1.8148842722761391,2.0,0.551094890510949,1.1825280624694974,1.6162405303030303,cost_plateau,1
102,2435,2785,1662,6882,127,102,149,247,43,88,0,0.6052216900964317,0.9641719623748047,153,617,0.45326767373725074,7093.134178468247,9741.99982427577,12893.944936292904,1.817806432512367,2.0,0.575812274368231,1.1820388349514563,1.6170112781954886,cost_plateau,1
103,2453,2820,1677,6950,107,91,136,216,55,61,0,0.6135911803792157,0.9745205462528003,153,626,0.44458968216765443,7093.134178468247,9743.243483827806,12906.600531620954,1.8195906360829786,2.0,0.6004770423375074,1.1925133689839573,1.6280159287889435,cost_plateau,1
104,2466,2820,1682,6968,143,61,142,176,63,115,0,0.6060055649770221,0.9597769229937054,157,632,0.45266319261184657,7093.134178468247,9743.243483827806,12911.48079198844,1.8202786620309863,2.0,0.5963139120095124,1.2023403217942468,1.6422342682064577,cost_plateau,1
105,2476,2837,1691,7004,152,77,130,187,48,91,0,0.6138269678188897,0.9696686554060585,156,633,0.44471044552823397,7093.134178468247,9743.243483827806,12939.10571067881,1.8241732617939834,2.0,0.5913660555884093,1.2042801556420233,1.6437455996245014,cost_plateau,1
106,2492,2853,1697,7042,152,71,137,178,46,91,0,0.6209608568293735,0.9786324786324784,156,635,0.43723049550160203,7093.134178468247,9743.243483827806,12939.10571067881,1.8241732617939834,2.0,0.5875073659398939,1.2114730189596499,1.6553831687823226,cost_plateau,1
107,2487,2851,1703,7041,193,65,113,171,45,109,0,0.6184463634190047,0.9725738396624474,158,629,0.4399514540118797,7093.134178468247,9743.243483827806,12951.21665284136,1.8258806793978002,2.0,0.5742806811509101,1.201449275362319,1.6481741573033708,cost_plateau,1
108,2497,2864,1712,7073,198,51,152,163,41,116,0,0.6248859513118608,0.9807692307692307,156,640,0.4331596345750132,7093.134178468247,9743.243483827806,12951.21665284136,1.8258806793978002,2.0,0.5332943925233645,1.2115477923338185,1.6552773227240813,cost_plateau,1
109,2494,2861,1707,7062,239,50,100,130,35,106,0,0.622125477761064,0.9746835443037974,158,639,0.43620866081540016,7092.757829418248,9751.00129880724,12951.21665284136,1.8259775625109178,2.0,0.5032220269478618,1.2189638318670577,1.6667453386830304,cost_plateau,1
110,2513,2891,1722,7126,203,78,148,204,32,80,0,0.6206851332570822,0.9708333333333332,160,648,0.4377031367697057,7092.757829418248,9751.00129880724,12951.21665284136,1.8259775625109178,2.0,0.4819976771196283,1.2409876543209877,1.6994991652754592,cost_plateau,1
111,2515,2931,1757,7203,157,112,166,290,35,85,0,0.6217304120854333,0.9710144927536231,161,647,0.43639262712422366,7092.757829418248,9751.46040429316,12951.21665284136,1.8259775625109178,2.0,0.5002845759817871,1.2370880472208559,1.7072766058307656,cost_plateau,1
112,2556,2965,1766,7287,116,110,158,220,45,72,0,0.6233533001351337,0.9722222222222222,162,660,0.43479655385909066,7092.757829418248,9751.46040429316,12951.21665284136,1.8259775625109178,2.0,0.5226500566251415,1.242586290714633,1.7137817497648165,cost_plateau,1
113,2575,2961,1767,7303,156,51,133,141,61,113,1,0.6294120498139899,0.9804526748971192,162,662,0.42851181265235866,7092.757829418248,9751.46040429316,12951.21665284136,1.8259775625109178,2.0,0.5200905489530278,1.247577519379845,1.716737188528444,cost_plateau,1
114,2576,2956,1765,7297,203,56,115,134,46,116,0,0.6263591786190839,0.9745934959349593,164,656,0.4317480716478677,7092.757829418248,9751.46040429316,12951.21665284136,1.8259775625109178,2.0,0.49461756373937676,1.249878699660359,1.7129107981220657,cost_plateau,1
115,2595,2979,1779,7353,181,81,146,199,39,85,0,0.6302739041627459,0.9796747967479676,164,659,0.42765217961312396,7092.757829418248,9751.46040429316,12954.434436855163,1.8264312342830538,2.0,0.48510399100618323,1.2457993278924628,1.71,cost_plateau,1
116,2619,3017,1802,7438,133,110,159,251,41,70,0,0.6347916559776309,0.9857723577235772,164,665,0.4228503407698674,7092.757829418248,9751.46040429316,12954.434436855163,1.8264312342830538,2.0,0.5061043285238623,1.2670537010159653,1.743553680262541,cost_plateau,1
117,2624,3023,1801,7448,174,61,122,142,54,109,0,0.6340868522818692,0.9838383838383837,165,667,0.4236120278970492,7092.757829418248,9751.46040429316,12954.434436855163,1.8264312342830538,2.0,0.4975013881177124,1.3567735263702172,1.8676028084252758,cost_plateau,1
118,2619,3024,1796,7439,220,47,108,125,44,110,0,0.6295539896537088,0.9760479041916168,167,667,0.42838283680385614,7092.757829418248,9751.46040429316,12954.434436855163,1.8264312342830538,2.0,0.48552338530066813,1.364773319437207,1.874275636180398,cost_plateau,1
119,2632,3045,1806,7483,207,60,123,158,36,75,1,0.626361794412835,0.9704142011834319,169,676,0.43173085219323215,7092.757829418248,9751.46040429316,12954.434436855163,1.8264312342830538,2.0,0.48006644518272423,1.3694068678459939,1.885836693548387,cost_plateau,1
120,2446,2830,1688,6964,758,40,121,121,36,637,1,0.6317756600249755,0.9781746031746033,168,633,0.42562382654879577,7068.3157022287705,9751.46040429316,12954.434436855163,1.8327470054528536,2.0,0.5071090047393365,1.2819706498951782,1.7661678924676643,cost_plateau,1
121,2453,2830,1682,6965,770,38,103,103,17,98,0,0.6359291043097861,0.9840319361277444,167,636,0.42094829973668235,7043.044823260166,9751.46040429316,12954.434436855163,1.8393230146814066,2.0,0.5017835909631391,1.2736240913811008,1.7486818980667838,cost_plateau,1
122,2433,2794,1663,6890,856,43,118,118,17,188,1,0.6355544285130668,0.9829317269076306,166,621,0.4209365105355542,7013.796926078743,9750.275497774412,12954.434436855163,1.8469930871091953,2.0,0.4864702345159351,1.252832131822863,1.7160647571606475,cost_plateau,1
123,2446,2826,1677,6949,804,47,149,149,16,83,2,0.632140987443352,0.9771825396825397,168,635,0.4240468709289697,6984.824494134181,9750.275497774412,12954.434436855163,1.8546542504731836,2.0,0.44364937388193204,1.258230452674897,1.724317617866005,cost_plateau,1
124,2456,2844,1690,6990,776,46,146,146,16,103,1,0.6294184646843293,0.9725490196078432,170,637,0.42643405483446145,6955.66713412052,9750.275497774412,12954.434436855163,1.8624287486829445,2.0,0.40236686390532544,1.2511462047885888,1.7250740375123397,cost_plateau,1
125,2434,2812,1672,6918,860,41,117,117,16,186,1,0.6326682064441417,0.9771825396825397,168,630,0.4225639293973937,6922.559949923348,9750.275497774412,12954.434436855163,1.8713358252677328,2.0,0.4007177033492823,1.2317813765182186,1.6918561995597945,cost_plateau,1
126,2426,2791,1650,6867,919,33,81,81,16,126,2,0.6359695917758847,0.9819277108433735,166,628,0.4186596839020981,6887.947150173731,9748.610426096631,12954.434436855163,1.8807395228821435,2.0,0.39212121212121215,1.2333502796136249,1.690546528803545,cost_plateau,1
127,2405,2776,1653,6834,957,44,141,141,16,168,5,0.6393789855257322,0.9868686868686868,165,626,0.4144497526861776,6853.507414422862,9744.544503193136,12954.434436855163,1.8901904752584358,2.0,0.3690260133091349,1.2239185750636132,1.6865745310957552,cost_plateau,1
128,2426,2793,1668,6887,912,44,130,130,16,72,3,0.6351434975520911,0.9800399201596808,167,623,0.41834905346931656,6819.2398773507475,9743.200428089247,12954.434436855163,1.8996889198577245,2.0,0.3261390887290168,1.2346055979643766,1.6958877123861118,cost_plateau,1
129,2418,2811,1671,6900,908,28,104,104,16,87,3,0.6353920049089167,0.9801587301587302,168,628,0.41753567278152115,6785.1436779639935,9743.200428089247,12954.434436855163,1.9092350953343966,2.0,0.30580490724117293,1.2387295081967213,1.7108851971237293,cost_plateau,1
130,2413,2789,1662,6864,947,53,146,146,16,177,8,0.6355478004618708,0.9801587301587301,168,623,0.4168810312895035,6751.217959574174,9741.216590892067,12954.434436855163,1.918829241542107,2.0,0.3110709987966306,1.2406169665809768,1.708312593330015,cost_plateau,1
131,2421,2797,1664,6882,924,45,125,125,16,104,18,0.6350459095073875,0.9791666666666666,168,625,0.4169115451298894,6717.461869776303,9740.512791992232,12954.434436855163,1.928471599539806,2.0,0.3016826923076923,1.2377300613496933,1.7038871007675167,cost_plateau,1
132,2439,2822,1675,6936,853,39,114,114,16,54,27,0.6346145643921239,0.9783037475345167,169,628,0.4168699144772342,6683.874560427421,9740.512791992232,12954.434436855163,1.9381624115977951,2.0,0.2991044776119403,1.2437531871494136,1.7066929133858268,cost_plateau,1
133,2365,2727,1625,6717,1065,48,125,125,16,341,20,0.6384476089419097,0.9840319361277444,167,613,0.41223317138718346,6650.4551876252835,9729.474185195384,12954.434436855163,1.9479019212038142,2.0,0.31446153846153846,1.2011173184357542,1.6479391560353287,cost_plateau,1
134,2311,2661,1584,6556,1217,42,104,104,16,262,22,0.6308905901700592,0.9722222222222223,168,597,0.41915124832937845,6617.202911687157,9708.444415622113,12948.180571954612,1.9567452811649197,2.0,0.32196969696969696,1.1583959899749374,1.5897187196896216,cost_plateau,1
135,2325,2673,1599,6597,1164,42,120,120,16,76,25,0.6243442108876905,0.9619883040935673,171,609,0.4250686301178413,6584.116897128722,9689.802409227736,12948.180571954612,1.9665781720250448,2.0,0.3158223889931207,1.1625,1.592708836310961,cost_plateau,1
136,2239,2591,1540,6370,1387,44,141,141,16,365,17,0.6260585584664933,0.9644970414201184,169,588,0.42204664091716015,6551.196312643078,9658.36651560308,12927.872923486884,1.973360636215027,2.0,0.32662337662337665,1.1189405297351325,1.5405078597339783,cost_plateau,1
137,2246,2583,1534,6363,1362,51,138,138,16,136,39,0.6317959207010685,0.9732142857142857,168,580,0.41498083443588746,6518.4403310798625,9626.57439248922,12908.346136310109,1.9802813987209846,2.0,0.3344198174706649,1.123,1.5403050108932461,cost_plateau,1
138,2267,2613,1564,6444,1277,52,155,155,16,73,19,0.6370205124722015,0.9811507936507937,168,588,0.40858609881623154,6485.848129424463,9599.937259772478,12900.419827423158,1.989010468638264,2.0,0.340153452685422,1.126179831097864,1.5512758786711602,cost_plateau,1
139,2243,2584,1539,6366,1342,51,144,144,16,217,24,0.6377304064822482,0.9821428571428571,168,585,0.4067476646860848,6453.418888777341,9569.311614995444,12884.81617643283,1.9965876070496296,2.0,0.350227420402859,1.1209395302348826,1.5384243595940068,cost_plateau,1
140,2265,2612,1564,6441,1248,44,139,139,16,61,32,0.6391396449560788,0.9842209072978304,169,591,0.4043495045353578,6421.151794333454,9543.909904309505,12879.974973622082,2.0058667644313313,2.0,0.3446291560102302,1.1347695390781563,1.5614545454545454,cost_plateau,1
141,2281,2631,1566,6478,1198,57,159,159,16,115,22,0.6354341212211833,0.9784313725490197,170,593,0.40728139695595406,6389.046035361786,9522.138751905657,12878.646207153524,2.0157385211928993,2.0,0.36270753512132825,1.1342615614122327,1.5628468033775633,cost_plateau,1
142,2302,2662,1584,6548,1115,54,160,160,16,85,24,0.6275919407279963,0.9662813102119462,173,601,0.4144451741478131,6357.100805184978,9505.602467049504,12878.646207153524,2.025867860495376,2.0,0.3592171717171717,1.1441351888667992,1.57177148343735,cost_plateau,1
143,2329,2689,1601,6619,1040,49,138,138,16,63,16,0.6283841262111568,0.9674329501915707,174,604,0.4129704420474595,6325.315301159053,9493.503852598762,12878.646207153524,2.036048101000378,2.0,0.3579013116801999,1.1489886531820424,1.5808454740864581,cost_plateau,1
144,2360,2724,1624,6708,940,47,139,139,16,46,23,0.6297824869161529,0.9695238095238095,175,614,0.4109916123431749,6293.688724653258,9487.807750287202,12878.646207153524,2.0462794984928423,2.0,0.3577586206896552,1.1574301128003923,1.5914590747330961,cost_plateau,1
145,2373,2736,1629,6738,897,50,142,142,16,108,25,0.6245375710630394,0.9613935969868173,177,619,0.41575147738982754,6262.220281029991,9484.590256070149,12878.646207153524,2.0565623100430575,2.0,0.3578882750153468,1.1689655172413793,1.6073473282442747,cost_plateau,1
146,2405,2755,1651,6811,817,59,156,156,16,82,22,0.6242459170409178,0.9608938547486033,179,627,0.415580983441139,6230.909179624841,9484.590256070149,12878.646207153524,2.066896794013123,2.0,0.3634161114476075,1.185897435897436,1.6270903010033444,cost_plateau,1
147,2427,2800,1667,6894,722,42,141,141,15,56,25,0.6245566469690225,0.9613259668508287,181,638,0.41480692460581403,6200.860424531245,9484.590256070149,12878.646207153524,2.0769127710413007,2.0,0.3599280143971206,1.1920432220039292,1.6410378481313972,cost_plateau,1
148,2439,2807,1677,6923,677,42,123,123,14,93,29,0.6317630608706402,0.9723756906077348,181,634,0.4071671674492593,6172.917520324885,9484.590256070149,12878.646207153524,2.0863143181079975,2.0,0.35658914728682173,1.2044444444444444,1.651085141903172,cost_plateau,1
149,2472,2847,1697,7016,570,61,185,203,13,88,23,0.6371727221929826,0.9806629834254144,181,643,0.4014071087583642,6149.274677580714,9484.590256070149,12878.646207153524,2.0943358172154904,2.0,0.3582793164407778,1.2459677419354838,1.706225680933852,cost_plateau,1
150,2490,2846,1702,7038,539,70,175,183,13,150,19,0.6314153959277166,0.9717668488160291,183,641,0.4068661876917924,6127.878225936181,9484.590256070149,12878.646207153524,2.1016485204690896,2.0,0.36780258519388953,1.2537764350453173,1.713242453748783,cost_plateau,1
151,2514,2869,1722,7105,464,52,143,170,14,71,17,0.6338901377124386,0.9755434782608695,184,648,0.40411448727113736,6109.337466175655,9484.590256070149,12878.646207153524,2.108026652391711,2.0,0.3641114982578397,1.2684157416750756,1.7325042672518898,cost_plateau,1
152,2488,2851,1701,7040,520,55,162,162,14,221,17,0.6339090960679378,0.9755434782608695,184,641,0.4037891149631528,6088.404308505788,9484.590256070149,12878.646207153524,2.1152744716971976,2.0,0.3750734861845973,1.250251256281407,1.7133122414212705,cost_plateau,1
153,2503,2866,1708,7077,474,48,135,135,11,92,14,0.634514949875042,0.9764492753623187,184,643,0.40290788913761716,6069.373612750116,9484.590256070149,12878.646207153524,2.121906975721344,2.0,0.36826697892271665,1.2521260630315159,1.7123155093152673,cost_plateau,1
154,2510,2877,1720,7107,442,47,131,147,11,95,7,0.6346133865654758,0.9765765765765765,185,642,0.40252871122040623,6050.7730486642395,9484.590256070149,12878.646207153524,2.128429888805133,2.0,0.3616279069767442,1.2543728135932033,1.717911530094271,cost_plateau,1
155,2504,2860,1702,7066,478,48,135,135,11,168,8,0.6317980134126248,0.9722222222222223,186,646,0.40506054853263385,6031.342746693887,9484.590256070149,12878.646207153524,2.1352867426101794,2.0,0.36486486486486486,1.249500998003992,1.7080009668842155,cost_plateau,1
0,2158,1443,854,4455,269,24,45,45,27,64,0,2.7960043930780468e-05,0.03960832151777864,150,702,1.003736288938464,5833.333333333333,9166.666666666666,12500.0,2.142857142857143,1.0,0.3372365339578454,1.0018570102135562,1.0022497187851518,cost_subsidy_end,0
1,2168,1450,864,4482,260,38,92,92,21,62,0,3.409131232401352e-05,0.043229853876958366,149,696,1.0037056262832784,5833.333333333333,9166.666666666666,12500.0,2.142857142857143,1.0,0.4305555555555556,1.0041685965724874,1.0074173971679028,cost_subsidy_end,0
2,2155,1428,849,4432,324,33,61,61,19,106,0,4.1052992202114705e-05,0.046585558574944945,149,689,1.0037530031385122,5833.333333333333,9166.666666666666,12500.0,2.142857142857143,1.0,0.44758539458186103,1.018431001890359,1.0153493699885452,cost_subsidy_end,0
3,2157,1437,857,4451,320,32,73,73,16,53,0,5.1878097562881656e-05,0.05266673024040091,149,694,1.0036152845087776,5831.804495335029,9166.666666666666,12500.0,2.143418904045735,1.0,0.44457409568261375,1.025190114068441,1.0243958573072498,cost_subsidy_end,0
4,2147,1426,849,4422,357,29,57,57,15,84,5,6.435488955288453e-05,0.058433752017830125,150,684,1.003380383451014,5827.69516474127,9166.666666666666,12500.0,2.1449303106359303,1.0,0.4409893992932862,1.018984337921215,1.0179558011049723,cost_subsidy_end,0
5,2147,1433,856,4436,352,38,82,82,14,66,3,8.121722686463624e-05,0.06594007107964701,150,684,1.0029956602264436,5822.038584786903,9166.666666666666,12500.0,2.147014283392545,1.0,0.4532710280373832,1.0117813383600378,1.0158003205862147,cost_subsidy_end,0
6,2131,1418,847,4396,398,27,51,51,13,87,3,0.00010164764029718022,0.07377549207644052,150,677,1.0024621967712142,5813.13057416427,9166.666666666666,12500.0,2.1503043567530864,1.0,0.4472929667734863,0.99719232569022,0.998863894569416,cost_subsidy_end,0
7,2129,1423,844,4396,406,30,70,70,12,66,0,0.00012739966462538442,0.08264127406831022,150,673,1.001824937801943,5802.706530219402,9166.666666666666,12500.0,2.154167186450384,1.0,0.44609004739336494,1.0,1.0018231540565177,cost_subsidy_end,0
8,2115,1417,851,4383,428,34,88,88,11,101,2,0.00016027713184646312,0.09290108916081975,149,673,1.0009792305810135,5789.66544545641,9166.666666666666,12500.0,2.159019397193269,1.0,0.44653349001175086,1.0119617224880382,1.0202513966480447,cost_subsidy_end,0
9,2105,1412,840,4357,459,29,52,52,10,76,3,0.00019344710648439353,0.10017178267312399,149,663,1.0000824990809705,5774.624252752751,9166.666666666666,12500.0,2.1646430058269637,1.0,0.4485714285714285,1.0028585040495475,1.00437989857077,cost_subsidy_end,0
10,2069,1385,826,4280,541,27,57,57,10,132,3,0.00023985118878542847,0.11093783801532237,146,652,0.9987620044350632,5754.626766956418,9164.281153676793,12500.0,2.1721651996226967,1.0,0.45036319612590797,0.9866475917978064,0.9866297833102813,cost_subsidy_end,0
11,2082,1395,828,4305,517,32,73,73,9,46,6,0.00028606006014961845,0.11816215654812516,146,658,0.9976157677010816,5735.832099239708,9164.281153676793,12500.0,2.1792827585829944,1.0,0.4504830917874396,1.007256894049347,1.0100891600187705,cost_subsidy_end,0
12,2102,1399,834,4335,491,41,81,81,9,51,5,0.00033383524400012213,0.12313289472710146,147,660,0.9965690303350495,5718.946523875048,9164.281153676793,12500.0,2.1857172379241345,1.0,0.4676258992805755,1.011063011063011,1.0060338825713622,cost_subsidy_end,0
13,2108,1403,831,4342,484,34,74,74,9,63,5,0.0003972677121015625,0.1308255857868761,146,658,0.9955371276700258,5702.409529223189,9164.281153676793,12500.0,2.1920558206037533,1.0,0.4645006016847172,1.004287756074321,1.00462748727441,cost_subsidy_end,0
14,2083,1402,830,4315,515,21,59,59,9,85,4,0.0004686485322503843,0.1377784425929432,145,654,0.994299249886184,5682.509283723246,9164.281153676793,12500.0,2.199732437886992,1.0,0.4506024096385542,0.9783936120244247,0.9797910990009082,cost_subsidy_end,0
15,2078,1391,823,4292,535,28,52,52,9,69,6,0.0005436411368136075,0.1426721555323575,146,651,0.9929809300196698,5661.509913096588,9164.281153676793,12500.0,2.207891568128169,1.0,0.44957472660996356,0.9701213818860878,0.9708210812033476,cost_subsidy_end,0
16,2097,1402,835,4334,490,42,88,88,8,45,10,0.0006314756643027805,0.1479302588041003,147,650,0.991785863058493,5642.778060672394,9164.281153676793,12500.0,2.215220918773917,1.0,0.45868263473053894,0.9717330861909175,0.9730579254602605,cost_subsidy_end,0
17,2088,1394,827,4309,508,22,48,48,9,69,12,0.0007441162608240576,0.1555996798170375,147,647,0.9905283491575388,5623.367640258226,9164.281153676793,12500.0,2.222867292280751,1.0,0.4437726723095526,0.9707112970711297,0.9709328526363227,cost_subsidy_end,0
18,2087,1400,832,4319,492,23,59,59,9,45,11,0.0008769153816094655,0.16368233486423403,147,646,0.9892841929827106,5604.104566122115,9164.281153676793,12500.0,2.230507987942426,1.0,0.4362980769230769,0.9747781410555815,0.9782559456398641,cost_subsidy_end,0
19,2095,1409,834,4338,466,31,69,69,9,47,13,0.0010201835137985578,0.16999002664324095,147,645,0.9880640393935237,5585.529265983225,9164.281153676793,12500.0,2.237925790869456,1.0,0.4364508393285372,0.9821847163619315,0.9847900113507378,cost_subsidy_end,0
20,2094,1406,831,4331,468,32,65,65,9,68,10,0.0011904162334712394,0.1770872901925518,147,639,0.9868028115944117,5566.998879857431,9164.281153676793,12500.0,2.24537498026587,1.0,0.43561973525872444,0.9896030245746692,0.9924381301558204,cost_subsidy_end,0
21,2099,1403,832,4334,460,31,67,67,9,61,11,0.0013972129339858603,0.185590691553096,147,637,0.9855372423192554,5549.194473162553,9164.281153676793,12500.0,2.2525791915301356,1.0,0.4375,0.9952584163110479,0.9942647396191787,cost_subsidy_end,0
22,2100,1400,832,4332,456,26,55,55,9,56,14,0.0016253991315838207,0.19281521265099902,147,636,0.9842976136435797,5532.045716069763,9164.281153676793,12500.0,2.259561948971133,1.0,0.4362980769230769,0.9943181818181818,0.9926672777268561,cost_subsidy_end,0
23,2088,1402,823,4313,473,24,58,58,9,72,6,0.0018899474485137167,0.20027384076774848,146,627,0.9829660792671084,5513.208321722021,9164.281153676793,12500.0,2.267282364562581,1.0,0.4313487241798299,0.9825882352941177,0.9833561331509348,cost_subsidy_end,0
24,2098,1397,827,4322,460,33,68,68,9,57,11,0.0021753554688409447,0.20598160332482612,146,629,0.9816152174782756,5495.656066656947,9164.281153676793,12500.0,2.274523705338761,1.0,0.4195888754534462,0.9868297271872061,0.9856328392246294,cost_subsidy_end,0
25,2111,1413,835,4359,417,38,92,93,9,54,14,0.002490432314914572,0.21079202937300054,147,632,0.9804371960749023,5480.004905512084,9164.281153676793,12500.0,2.2810198559177977,1.0,0.42035928143712575,0.9864485981308411,0.9897820163487738,cost_subsidy_end,0
26,2096,1397,835,4328,448,30,64,69,9,93,7,0.0028857795046743004,0.2184291814063825,147,632,0.9790322001642829,5462.526197055287,9164.281153676793,12500.0,2.288318545133649,1.0,0.4311377245508982,0.9767008387698043,0.9783001808318263,cost_subsidy_end,0
27,2082,1395,834,4311,462,26,59,59,9,75,11,0.0033341327109608814,0.22579633236912972,147,632,0.9775627911208946,5443.731176419794,9164.281153676793,12500.0,2.2962191913783916,1.0,0.4292565947242206,0.9765478424015009,0.9795501022494888,cost_subsidy_end,0
28,2080,1392,826,4298,472,49,96,96,9,107,10,0.0038931937106010048,0.23603631934828753,146,624,0.9758915965414571,5424.778267712357,9164.281153676793,12500.0,2.3042416451191254,1.0,0.44188861985472155,0.9746954076850984,0.9770402364173676,cost_subsidy_end,0
29,2061,1374,821,4256,513,37,72,72,9,114,10,0.0044418087548795055,0.2412459688043885,145,621,0.9741230510416699,5403.691021744854,9164.281153676793,12500.0,2.313233667450465,1.0,0.4628501827040195,0.9763145428706774,0.9761467889908257,cost_subsidy_end,0
30,2076,1385,824,4285,481,34,70,70,8,40,10,0.0051678053975133245,0.25162906754033787,145,622,0.972313502227684,5384.529467078789,9164.281153676793,12500.0,2.321465612998398,1.0,0.47451456310679613,0.9829545454545454,0.9805491990846682,cost_subsidy_end,0
31,2097,1401,833,4331,433,42,91,94,9,43,9,0.005965474601082518,0.26062842141043696,146,627,0.9705978270128459,5367.653832207723,9164.281153676793,12500.0,2.3287641846416784,1.0,0.48259303721488594,0.9771668219944082,0.9774317309862334,cost_subsidy_end,0
32,2103,1412,837,4352,413,27,61,65,9,38,6,0.006856067513861733,0.26901974138879636,147,632,0.9688606272341884,5351.206762237577,9164.281153676793,12500.0,2.335921700542402,1.0,0.4743130227001195,0.9758700696055684,0.9781973477185885,cost_subsidy_end,0
33,2099,1407,834,4340,419,28,58,61,9,66,11,0.007891977562096617,0.2784078486582204,148,627,0.9669029715908299,5334.560507282877,9164.281153676793,12500.0,2.343210838631352,1.0,0.4724220623501199,0.9735621521335807,0.9770373705538046,cost_subsidy_end,0
34,1959,1316,780,4055,704,21,52,52,9,334,6,0.009250363722897219,0.293724755131245,147,584,0.9635945639673577,5307.887704746462,9150.990774373357,12500.0,2.3549857674686954,1.0,0.4987179487179487,0.906524757056918,0.9098048014359434,cost_subsidy_end,0
35,2005,1337,795,4137,618,59,113,113,8,27,8,0.010702533939863482,0.3062667890722155,147,588,0.960337048087043,5281.34826622273,9144.225112947754,12500.0,2.366819866802709,1.0,0.5333333333333333,0.9321245932124593,0.9321766561514195,cost_subsidy_end,0
36,2014,1341,796,4151,604,29,57,57,8,41,6,0.012208299031318778,0.3152763001403513,146,591,0.9571667930148718,5255.303379095827,9138.70266961617,12500.0,2.378549647527793,1.0,0.5276381909547738,0.9319759370661731,0.9290510295434199,cost_subsidy_end,0
37,2001,1334,792,4127,629,36,77,77,8,100,6,0.014205744882100383,0.33155796889775335,145,584,0.9535117149118326,5229.026862200348,9131.017992083562,12500.0,2.39050215831939,1.0,0.5277777777777778,0.9263888888888889,0.9253363228699552,cost_subsidy_end,0
38,2006,1350,799,4155,592,27,71,71,8,41,15,0.016312826290248474,0.344638512913882,145,583,0.9500915873914799,5202.881727889346,9128.28548703786,12500.0,2.402514731979287,1.0,0.5193992490613266,0.925703737886479,0.9266280107047279,cost_subsidy_end,0
39,2006,1342,796,4144,589,22,44,44,8,53,20,0.018660430944951328,0.35745061346846685,145,584,0.9461891126433382,5177.685006448004,9123.643985942756,12500.0,2.4142063459699052,1.0,0.5163316582914573,0.921875,0.9221183800623053,cost_subsidy_end,0
40,2001,1333,793,4127,599,40,86,86,8,102,14,0.02096678493789631,0.36479074482294765,144,579,0.9422653457266056,5152.516177440509,9116.501051641686,12500.0,2.4259991758452517,1.0,0.5069356872635561,0.9128649635036497,0.9132551449435716,cost_subsidy_end,0
41,1978,1315,781,4074,647,23,44,44,8,95,11,0.02377436384106085,0.37638196517434575,141,570,0.9376510746644051,5126.753596553306,9104.073397798036,12500.0,2.4381901264776396,1.0,0.4967989756722151,0.9015496809480401,0.8993377483443709,cost_subsidy_end,0
42,1946,1301,774,4021,690,20,46,46,8,98,17,0.026978269057642477,0.3893670439493772,140,559,0.9327428814601244,5101.1198285705395,9087.882877057968,12500.0,2.4504423381684823,1.0,0.48320413436692505,0.8769716088328076,0.8760348583877996,cost_subsidy_end,0
43,1953,1309,772,4034,668,37,79,79,8,63,14,0.029938443165104172,0.3946729490638259,140,561,0.9280071404204175,5075.614229427687,9074.46743090612,12500.0,2.4627561187622935,1.0,0.47797927461139894,0.8805229936880072,0.8821342663459436,cost_subsidy_end,0
44,1947,1305,775,4027,670,27,61,61,8,67,12,0.033625964970219406,0.40569286160846396,139,559,0.9226984966921646,5050.236158280549,9060.111363983433,12500.0,2.4751317776505464,1.0,0.4761290322580645,0.8742703188145488,0.8760060909288666,cost_subsidy_end,0
45,1939,1292,773,4004,679,26,44,44,8,67,22,0.0375247764943945,0.4151575793940522,140,549,0.9169749018642357,5024.984977489146,9042.85695394554,12500.0,2.487569625779443,1.0,0.47477360931435963,0.8598669623059867,0.8625592417061612,cost_subsidy_end,0
46,1939,1299,776,4014,653,32,71,71,8,60,23,0.0415569768131314,0.4224429854687172,142,545,0.9114436163919293,4999.860052601701,9028.893445877025,12500.0,2.500069975657732,1.0,0.48711340206185566,0.8587245349867139,0.8621134020618557,cost_subsidy_end,0
47,1953,1309,782,4044,613,33,72,72,8,42,18,0.046476951955006576,0.4349515843569383,143,547,0.9052083390150613,4974.860752338693,9019.70941680493,12500.0,2.5126331413645544,1.0,0.45012787723785164,0.863395225464191,0.866695242177454,cost_subsidy_end,0
48,1963,1311,784,4058,582,34,75,75,7,57,20,0.052329725417875755,0.4517186697115945,141,547,0.8981727470213928,4951.264145054376,9011.713968953007,12500.0,2.5246077837486736,1.0,0.45535714285714285,0.8655202821869489,0.8669087801751763,cost_subsidy_end,0
49,1962,1315,791,4068,568,25,64,64,7,53,10,0.05838402049602923,0.46574760053820413,140,536,0.8912844814785396,4927.847186064599,9005.246884961512,12500.0,2.5366046324140497,1.0,0.43742098609355246,0.866225165562914,0.8703465982028241,cost_subsidy_end,0
50,1961,1316,791,4068,557,29,62,62,7,60,16,0.06436377614378061,0.4753764975601075,142,535,0.88439975097449,4904.951713858067,8999.939444768443,12500.0,2.548445067192706,1.0,0.43994943109987356,0.8654015887025596,0.869416541996153,cost_subsidy_end,0
51,1967,1326,798,4091,527,39,82,82,8,59,15,0.0719236161380599,0.49271090926134437,143,532,0.8764257850958332,4883.127061787787,8998.595055473788,12500.0,2.559835089653301,1.0,0.4573934837092732,0.8876353790613718,0.8940122377622378,cost_subsidy_end,0
52,1959,1322,796,4077,526,33,75,75,7,88,21,0.08160116119427616,0.5194119366547447,141,525,0.8664434379515658,4861.603979451755,8996.575980128931,12500.0,2.5711678805663705,1.0,0.44974874371859297,0.8888384754990926,0.8958470665787739,cost_subsidy_end,0
53,1954,1323,792,4069,524,22,46,46,8,53,17,0.08993190363467457,0.5328266432773099,142,518,0.8576937924879425,4840.347149440194,8995.154483716271,12500.0,2.582459400963767,1.0,0.45075757575757575,0.884963768115942,0.8921289190966893,cost_subsidy_end,0
54,1945,1317,792,4054,532,23,53,53,8,66,13,0.09907043852269905,0.5473100803125349,143,513,0.8482036786567931,4818.597608343605,8992.14778159342,12500.0,2.5941157606428313,1.0,0.45454545454545453,0.8745503597122302,0.8816876903001305,cost_subsidy_end,0
55,1933,1326,793,4052,525,24,69,69,8,67,13,0.10988572891253981,0.5670443197004049,142,513,0.838293478521614,4795.796712231025,8992.14778159342,12500.0,2.6064490949169,1.0,0.43757881462799497,0.8687640449438202,0.8839441535776614,cost_subsidy_end,0
56,1908,1319,782,4009,550,21,51,51,8,90,22,0.12233139131531436,0.5907284309467242,141,505,0.8268097145105131,4771.817728669869,8990.909641634618,12500.0,2.6195468290622115,1.0,0.4360613810741688,0.8641304347826086,0.878396143733567,cost_subsidy_end,0
57,1839,1273,756,3868,675,17,39,39,8,177,21,0.13492011836410953,0.6108262925724562,140,480,0.8149079579555867,4747.95864002652,8976.401297903278,12500.0,2.6327103809670467,1.0,0.43915343915343913,0.8343920145190563,0.848990342405619,cost_subsidy_end,0
58,1841,1287,768,3896,641,25,70,70,8,40,12,0.14739636544300608,0.6268642433515019,140,478,0.8037767898491839,4724.218846826388,8966.298151672583,12500.0,2.645940081373916,1.0,0.4231770833333333,0.8222420723537294,0.8434726131197229,cost_subsidy_end,0
59,1811,1285,759,3855,676,12,38,38,8,77,12,0.16045601997894604,0.6423736889358708,140,469,0.792253866764598,4700.597752592255,8955.581111901338,12500.0,2.659236262687353,1.0,0.4005270092226614,0.8454715219421102,0.8729619565217391,cost_subsidy_end,0
60,1777,1267,754,3798,728,18,46,46,9,100,11,0.17132309197787118,0.6470536786926877,139,460,0.7826250346960346,4677.094763829294,8939.808782596718,12500.0,2.6725992589822645,1.0,0.3819628647214854,0.8342723004694835,0.8637707527859905,cost_subsidy_end,0
61,1774,1280,767,3821,696,21,56,56,9,33,18,0.1856573686838912,0.6630183218388013,139,456,0.7706282019708333,4653.709290010147,8928.960897062063,12500.0,2.6860294060123264,1.0,0.37027379400260757,0.8255002326663564,0.8633077270673294,cost_subsidy_end,0
62,1760,1280,762,3802,697,21,51,51,9,69,26,0.20020123212293217,0.6776576014971947,139,451,0.758378570235227,4630.440743560096,8918.686647732718,12500.0,2.6995270412184187,1.0,0.36220472440944884,0.823199251637044,0.8609601449275363,cost_subsidy_end,0
63,1738,1283,760,3781,708,17,48,48,9,66,16,0.21345998874565586,0.6865458598953397,140,446,0.7477280735612557,4607.288539842296,8910.206379670197,12500.0,2.7130925037371036,1.0,0.33421052631578946,0.8129092609915809,0.8569809610154125,cost_subsidy_end,0
64,1730,1293,773,3796,682,22,65,65,9,50,20,0.22704024127027372,0.6956209067262403,141,436,0.7373379072967409,4584.252097143084,8906.574433769316,12500.0,2.72672613440915,1.0,0.314359637774903,0.802784222737819,0.8516939645501458,cost_subsidy_end,0
65,1697,1291,768,3756,712,12,38,38,8,78,18,0.24268872316006496,0.7101647245300245,141,433,0.7254009934487236,4561.330836657368,8902.601988432589,12500.0,2.7404282757880907,1.0,0.3033854166666667,0.7838337182448037,0.8389546571364753,cost_subsidy_end,0
66,1666,1283,765,3714,741,12,42,42,8,82,19,0.2565034661193766,0.7187335954482111,142,427,0.7150743394011538,4538.5241824740815,8896.40286021183,12500.0,2.7541992721488344,1.0,0.2901960784313726,0.7680958967266022,0.8308724832214766,cost_subsidy_end,0
67,1633,1282,761,3676,767,12,49,49,8,86,19,0.2712587883952216,0.7296899159677616,141,427,0.7025914205246093,4515.831561561711,8890.46353609582,12500.0,2.768039469496316,1.0,0.2759526938239159,0.7504595588235294,0.8196209587513935,cost_subsidy_end,0
68,1613,1287,763,3663,755,20,51,51,8,60,29,0.28047569324911564,0.7261406660229354,143,424,0.6946404516711103,4493.252403753902,8886.67312600465,12500.0,2.7819492155741874,1.0,0.27391874180865006,0.7331818181818182,0.808787811879002,cost_subsidy_end,0
69,1593,1297,769,3659,723,19,61,61,8,63,42,0.2979456117930903,0.7442011096365879,143,415,0.6803276318878079,4470.786141735133,8886.67312600465,12500.0,2.795928859873555,1.0,0.2743823146944083,0.7247497725204731,0.8061246970698391,cost_subsidy_end,0
70,1554,1285,766,3605,757,14,42,42,8,95,27,0.3141599388361325,0.758831633882855,142,407,0.6669613357577521,4448.4322110264575,8885.139192412287,12500.0,2.8099787536417637,1.0,0.26109660574412535,0.7025316455696202,0.7895313184406483,cost_subsidy_end,0
71,1537,1289,766,3592,746,18,53,55,8,63,29,0.33054977595272433,0.7738138151529383,142,405,0.6533603767331455,4426.190049971326,8885.139192412287,12500.0,2.8240992498912196,1.0,0.2689295039164491,0.6910971223021583,0.7835951134380453,cost_subsidy_end,0
72,1455,1238,734,3427,896,15,49,49,7,213,21,0.33848366501816185,0.7695767834334194,144,395,0.646196630399906,4404.059099721469,8870.398517362411,12500.0,2.838290703408261,1.0,0.276566757493188,0.6533453075886844,0.7448380786785481,cost_subsidy_end,0
73,1435,1239,740,3414,888,18,59,59,7,70,26,0.3541887128067158,0.7836409794333201,144,392,0.633017948171436,4382.0388042228615,8856.8477578183,12500.0,2.8525534707620714,1.0,0.2702702702702703,0.6490275893260968,0.7481919789612097,cost_subsidy_end,0
74,1423,1252,743,3418,857,15,50,50,7,44,32,0.36745876173451053,0.7926043749774582,145,391,0.6218748039029611,4360.1286102017475,8848.309501706446,12500.0,2.8668879103136393,1.0,0.2611036339165545,0.6395505617977528,0.7436901653611836,cost_subsidy_end,0
75,1409,1253,751,3413,846,15,50,50,7,54,22,0.3817541164487592,0.8041540851159859,145,386,0.6099948669693036,4338.327967150739,8840.672416127883,12500.0,2.881294382224763,1.0,0.255659121171771,0.6307072515666965,0.7401865105183257,cost_subsidy_end,0
76,1399,1265,746,3410,827,19,59,59,8,58,26,0.3905120694575772,0.8046134790753032,147,395,0.6024524947607888,4316.6363273149855,8837.153994229036,12500.0,2.895773248467098,1.0,0.25335120643431636,0.6281993713515941,0.7416267942583732,cost_subsidy_end,0
77,1376,1260,753,3389,834,12,42,42,7,62,20,0.40587100881680804,0.8191779282251733,147,386,0.5899677598372448,4295.05314567841,8832.623756441382,12500.0,2.910324872831255,1.0,0.250996015936255,0.6131907308377896,0.7321235688053576,cost_subsidy_end,0
78,1353,1260,746,3359,840,15,47,47,7,75,29,0.42075110376511493,0.8330035803129077,147,381,0.5776751728464202,4273.577879950018,8828.386139263435,12500.0,2.924949620935935,1.0,0.257372654155496,0.6040178571428572,0.7259563432029392,cost_subsidy_end,0
79,1333,1257,744,3334,845,9,37,37,8,59,25,0.427714226749498,0.8316839511515647,149,383,0.5717287913018411,4252.209990550267,8823.19372140407,12500.0,2.9396478602371205,1.0,0.2540322580645161,0.5993705035971223,0.7266782911944202,cost_subsidy_end,0
80,1284,1220,726,3230,917,15,46,46,7,147,36,0.44021520368281586,0.8417158944500353,148,368,0.5610703371263986,4230.948940597516,8807.055135350292,12500.0,2.9544199600373067,1.0,0.2534435261707989,0.5778577857785778,0.704932343954605,cost_subsidy_end,0
81,1276,1227,734,3237,873,14,50,50,7,38,39,0.4491392294897253,0.8453856181857456,149,365,0.5534844297914759,4209.7941958945285,8794.02989705868,12500.0,2.969266291494781,1.0,0.2438692098092643,0.5750337990085624,0.7072318112300634,cost_subsidy_end,0
82,1259,1231,725,3215,866,15,47,47,7,63,30,0.45704551693968687,0.8477193047951088,148,363,0.5465838782643612,4188.745224915056,8782.5855240917,12500.0,2.9841872276329457,1.0,0.2482758620689655,0.5660971223021583,0.7013525305410122,cost_subsidy_end,0
83,1248,1222,727,3197,859,17,53,53,7,69,30,0.46436386151160053,0.8495441581340264,147,357,0.5401047073708054,4167.80149879048,8768.569130333775,12500.0,2.9991831433496947,1.0,0.24621733149931224,0.5583892617449664,0.694396177237185,cost_subsidy_end,0
84,1225,1218,724,3167,852,7,46,46,6,74,41,0.478660980643633,0.8645300202012539,145,349,0.5282939939287504,4146.962491296527,8754.148570176241,12500.0,3.0142544154268287,1.0,0.2361878453038674,0.5508093525179856,0.6904294746021364,cost_subsidy_end,0
85,1207,1217,720,3144,841,10,38,38,6,58,37,0.4872800889173532,0.869602055364292,145,345,0.5209312398467326,4126.227678840045,8739.998903340711,12500.0,3.0294014225395265,1.0,0.2263888888888889,0.5436936936936937,0.6878144826077445,cost_subsidy_end,0
86,1191,1208,717,3116,838,9,33,33,6,58,34,0.4989593298458472,0.880521595594177,145,340,0.5110355015719188,4105.596540445845,8723.284452883227,12500.0,3.044624545265856,1.0,0.21896792189679218,0.5372124492557511,0.6809440559440559,cost_subsidy_end,0
87,1183,1210,719,3112,801,18,54,54,6,55,44,0.5065113231562023,0.8845445840999242,145,335,0.5044834787710907,4085.0685577436157,8707.520095150257,12500.0,3.059924166096337,1.0,0.22253129346314326,0.5288332588287885,0.6738847986141187,cost_subsidy_end,0
88,1173,1209,717,3099,777,19,49,49,5,59,39,0.5137707423690088,0.8885043145671545,145,336,0.49813585581476433,4064.6432149548978,8692.310620079226,12500.0,3.0753006694435547,1.0,0.22315202231520223,0.527191011235955,0.6742819843342036,cost_subsidy_end,0
89,1171,1213,726,3110,745,18,45,50,5,33,25,0.5247759143471081,0.8993113783505623,145,333,0.4890321859950568,4044.3199988801234,8680.388274975601,12500.0,3.090754441651814,1.0,0.22865013774104684,0.524641577060932,0.6750596917733883,cost_subsidy_end,0
90,1153,1206,725,3084,730,9,32,37,5,57,45,0.5349959435317032,0.909081493293091,145,330,0.4806083095562438,4024.098398885723,8668.240867715058,12500.0,3.106285871006848,1.0,0.2206896551724138,0.5267245317496574,0.681245858184228,cost_subsidy_end,0
91,1151,1213,723,3087,704,15,56,56,5,50,25,0.5339841837189199,0.9002262377984112,148,329,0.4808488969669016,4003.9779068912944,8658.642282712763,12500.0,3.1218953477455758,1.0,0.22959889349930843,0.5350999535099954,0.6926183531523447,cost_subsidy_end,0
92,1136,1209,715,3060,694,14,41,41,4,65,38,0.5375558017776524,0.8996180382920951,150,332,0.47755021616989396,3983.958017356838,8648.634742151586,12500.0,3.1375832640659054,1.0,0.23076923076923078,0.5281264528126453,0.6870229007633588,cost_subsidy_end,0
93,1129,1213,722,3064,656,16,51,53,4,43,34,0.5456187925873776,0.9069053360517498,151,329,0.4709994068811619,3964.0382272700535,8641.37066174269,12500.0,3.1533500141365884,1.0,0.23130193905817176,0.5178899082568807,0.6814946619217082,cost_subsidy_end,0
94,1117,1204,716,3037,658,16,51,51,4,77,28,0.5530920700597973,0.9135278526080413,151,328,0.46465062249387507,3944.218036133703,8632.664706845808,12500.0,3.169195994107124,1.0,0.2346368715083799,0.5166512488436633,0.681705948372615,cost_subsidy_end,0
95,1118,1210,720,3048,620,23,64,67,4,50,28,0.5600850661308554,0.9196685387222276,151,328,0.45881099397279773,3924.496945953035,8627.661390664363,12500.0,3.1851216021177127,1.0,0.24166666666666667,0.5192754296330702,0.6846361185983828,cost_subsidy_end,0
96,1102,1199,712,3013,634,13,41,41,4,74,23,0.5669834645158428,0.9259553436539169,151,327,0.4529913197669956,3904.8744612232695,8619.682425618861,12500.0,3.201127238309259,1.0,0.25280898876404495,0.5127966496044672,0.6787564766839378,cost_subsidy_end,0
97,1105,1210,721,3036,581,23,68,73,4,43,32,0.5664614438787833,0.9204712289522795,154,328,0.4531855800468193,3885.3500889171532,8617.052250618899,12500.0,3.217213304833426,1.0,0.26768377253814146,0.5180496952648851,0.6882793017456359,cost_subsidy_end,0
98,1102,1220,727,3049,534,16,60,70,4,43,34,0.5724385486747195,0.925882484363535,154,325,0.44842052203405597,3865.9233384725676,8617.052250618899,12500.0,3.2333802058627397,1.0,0.2751031636863824,0.521286660359508,0.6994723560449645,cost_subsidy_end,0
99,1063,1181,703,2947,610,21,59,59,4,160,29,0.5778046852461671,0.9305753749504118,153,317,0.44381209088830925,3846.5937217802048,8609.389722872742,12500.0,3.2496283476007433,1.0,0.2887624466571835,0.4988268418582825,0.6696205407861849,cost_subsidy_end,0
100,1071,1181,704,2956,572,24,63,63,4,48,27,0.5746312113672359,0.9218270500048462,154,317,0.4456490100177387,3827.3607531713037,8601.734008864016,12500.0,3.2659581382922043,1.0,0.29545454545454547,0.5004672897196262,0.6698391117153863,cost_subsidy_end,0
101,1069,1186,704,2959,554,17,54,54,4,49,17,0.57701006063389,0.9222950792782885,156,317,0.4434302999144653,3808.223949405447,8596.025824521743,12500.0,3.2823699882333712,1.0,0.2940340909090909,0.49813606710158437,0.6671927846674183,cost_subsidy_end,0
102,1076,1190,712,2978,518,22,62,62,4,40,18,0.5873179924001077,0.9356497801329894,156,319,0.43506964054582403,3789.18282965842,8592.234621707865,12500.0,3.2988643097822825,1.0,0.3089887640449438,0.5415198792148969,0.7256335282651072,cost_subsidy_end,0
103,1078,1197,719,2994,486,20,62,69,4,45,19,0.5928165998814673,0.9415258485090575,156,323,0.4306297748609704,3770.236915510128,8592.234621707865,12500.0,3.3154415173691283,1.0,0.3129346314325452,0.5417085427135678,0.7272285644887053,cost_subsidy_end,0
104,1069,1197,711,2977,481,19,60,60,4,74,23,0.5923251615889877,0.9381102317487529,156,321,0.43072303002666557,3751.385730932577,8592.234621707865,12500.0,3.3321020275066617,1.0,0.3234880450070324,0.5345,0.7196035774715978,cost_subsidy_end,0
105,1069,1190,711,2970,473,26,58,58,4,64,18,0.5896712855054094,0.9315096802920174,158,321,0.43239997828126214,3732.6288022779145,8591.465563670736,12500.0,3.348846258800665,1.0,0.33755274261603374,0.5371859296482412,0.7213990769978139,cost_subsidy_end,0
106,1065,1191,715,2971,451,14,44,44,4,41,23,0.5959896708724529,0.9392779632251914,159,318,0.427371261099468,3713.9656582665248,8591.332876943883,12500.0,3.3656746319604673,1.0,0.3328671328671329,0.5338345864661654,0.7214667314230209,cost_subsidy_end,0
107,1064,1202,711,2977,434,21,65,65,4,56,12,0.6003252883117699,0.9440764878493938,158,317,0.4237313961087414,3695.395829975192,8591.332876943883,12500.0,3.3825875698095147,1.0,0.3319268635724332,0.5362903225806451,0.7253898635477583,cost_subsidy_end,0
108,1058,1182,703,2943,457,25,55,55,4,88,14,0.5997241955977535,0.9412774231126165,158,314,0.4236656688028884,3676.918850825316,8588.517787964112,12500.0,3.399585497295995,1.0,0.352773826458037,0.5295295295295295,0.713108795735401,cost_subsidy_end,0
109,1058,1181,703,2942,443,18,47,47,4,45,16,0.6041693455490733,0.9465516847159919,158,314,0.41987298368962517,3658.5342565711894,8585.371762128336,12500.0,3.4166688415035127,1.0,0.3456614509246088,0.53596757852077,0.7187881749328121,cost_subsidy_end,0
110,1047,1175,700,2922,446,16,45,45,3,62,17,0.6092074974921989,0.9528807986400426,158,310,0.41575008978207045,3640.241585288333,8580.83985536226,12500.0,3.4338380316618218,1.0,0.34714285714285714,0.5256024096385542,0.7081919534658264,cost_subsidy_end,0
111,1040,1176,700,2916,439,17,49,49,3,53,14,0.6128212412065883,0.9571002079227431,158,310,0.41276478274389694,3622.0403773618914,8576.6424166714,12500.0,3.45109349915761,1.0,0.3414285714285714,0.537467700258398,0.7280898876404495,cost_subsidy_end,0
112,1051,1188,713,2952,387,24,67,79,3,30,18,0.6113299261767589,0.953469788657042,160,314,0.4137372573365,3603.930175475082,8576.6424166714,12500.0,3.4684356775453367,1.0,0.33520336605890605,0.5456905503634476,0.7394789579158316,cost_subsidy_end,0
113,1055,1192,713,2960,371,27,78,81,3,68,9,0.6027938408157117,0.9389887496020044,163,316,0.41995020315503834,3585.910524597706,8576.6424166714,12500.0,3.4858650025581275,1.0,0.3492286115007013,0.5426954732510288,0.7390761548064919,cost_subsidy_end,0
114,1062,1193,719,2974,345,27,63,74,3,46,12,0.6039517357591162,0.9397282799098591,165,318,0.41874743667373016,3567.9809719747177,8576.6424166714,12500.0,3.503381912118721,1.0,0.3532684283727399,0.5429447852760736,0.7335964479526393,cost_subsidy_end,0
115,1072,1208,729,3009,303,33,94,105,3,58,9,0.5867927102323012,0.9120892128536866,170,328,0.4318191842648027,3550.141067114844,8576.6424166714,12509.29355281207,3.5236046445270466,1.0,0.3662551440329218,0.5427848101265823,0.7356968215158924,cost_subsidy_end,0
116,1085,1223,728,3036,261,28,75,80,3,42,12,0.5949980607593551,0.9239766081871345,171,331,0.4250387640467881,3533.183478400647,8576.6424166714,12509.29355281207,3.540516259425793,1.0,0.3791208791208791,0.548811330298432,0.7413919413919414,cost_subsidy_end,0
117,1102,1233,745,3080,212,30,79,101,3,32,5,0.6026603257639357,0.9350775193798448,172,331,0.4189872907047438,3518.926961973711,8576.6424166714,12509.29355281207,3.554860242338137,1.0,0.37583892617449666,0.5515515515515516,0.7443209279845336,cost_subsidy_end,0
118,1098,1246,737,3081,202,33,62,75,4,58,10,0.6102053085763698,0.9460500963391136,173,337,0.41303099502189367,3506.2370863656665,8576.6424166714,12509.29355281207,3.5677260962915596,1.0,0.4056987788331072,0.5459970164097464,0.7388489208633093,cost_subsidy_end,0
119,1095,1250,746,3091,187,35,64,87,4,50,5,0.6133089320491248,0.950191570881226,174,339,0.4107536108572458,3494.6900247598664,8576.6424166714,12509.29355281207,3.5795144817376565,1.0,0.4195710455764075,0.5399408284023669,0.7394736842105263,cost_subsidy_end,0
120,1098,1251,745,3094,182,34,70,79,4,66,5,0.6114255637142318,0.9466666666666668,175,343,0.41195195575175586,3484.2935958147345,8576.6424166714,12509.29355281207,3.5901950305904156,1.0,0.43221476510067114,0.5427582797825012,0.7410778443113772,cost_subsidy_end,0
121,1100,1260,747,3107,167,30,62,72,4,49,6,0.6105474500507777,0.944756554307116,178,342,0.41254785661176746,3475.507116312245,8576.6424166714,12509.29355281207,3.599271454257674,1.0,0.44712182061579653,0.5472636815920398,0.7470545804279874,cost_subsidy_end,0
122,1100,1262,751,3113,159,31,62,79,5,54,5,0.6138978298483515,0.949438202247191,178,339,0.4100204426377412,3467.8255814755553,8579.877346774678,12509.29355281207,3.607244153118388,1.0,0.4647137150466045,0.5494505494505495,0.7512065637065637,cost_subsidy_end,0
123,1102,1266,757,3125,148,34,68,86,6,55,4,0.6103636769453035,0.9435185185185184,180,342,0.41281264756506286,3461.2897436702765,8579.877346774678,12517.324618421935,3.616375844094703,1.0,0.48348745046235136,0.5485316077650573,0.7517440461871542,cost_subsidy_end,0
124,1037,1196,716,2949,325,25,68,68,6,243,4,0.6078666211875235,0.9392480832044725,181,328,0.41459059783690555,3445.5299464041327,8579.877346774678,12517.324618421935,3.632917087684994,1.0,0.5125698324022346,0.531522296258329,0.7323069282344177,cost_subsidy_end,0
125,1051,1203,720,2974,294,29,71,71,4,41,5,0.6040004442999607,0.9329039805045558,185,330,0.4171329194095074,3431.8856478163725,8579.877346774678,12517.324618421935,3.6473606358027726,1.0,0.5125,0.5439958592132506,0.745924253824931,cost_subsidy_end,0
126,1058,1212,726,2996,270,25,76,76,5,51,4,0.610928310884891,0.9432643408649163,185,333,0.41167889893805587,3419.14021158955,8579.877346774678,12517.324618421935,3.66095680311474,1.0,0.5055096418732782,0.5456420835482207,0.7473185333000748,cost_subsidy_end,0
127,1049,1203,713,2965,302,25,67,67,5,95,1,0.6161587850028787,0.9510287713919936,182,329,0.40732993745532364,3404.7553029702726,8579.877346774678,12517.324618421935,3.676424149336651,1.0,0.5035063113604488,0.5385010266940452,0.7371954251616112,cost_subsidy_end,0
128,1056,1216,718,2990,275,22,64,64,5,34,2,0.614229284885416,0.9477688453694207,185,336,0.408632121850054,3391.038848379292,8579.877346774678,12517.324618421935,3.691294962428533,1.0,0.49164345403899723,0.5412608918503332,0.7410161090458488,cost_subsidy_end,0
129,1066,1225,721,3012,254,28,71,71,5,45,0,0.623447324506373,0.9617328093333849,185,335,0.4013173409866458,3378.1566596267003,8579.877346774678,12517.324618421935,3.7053712659392026,1.0,0.4868238557558946,0.5413915693245303,0.741506646971935,cost_subsidy_end,0
130,1063,1215,725,3003,263,21,53,53,5,61,4,0.6308069725773963,0.9728472992391822,184,335,0.3955940857960328,3364.809733710422,8579.877346774678,12517.324618421935,3.7200690704787367,1.0,0.4675862068965517,0.5398679532757745,0.7387453874538745,cost_subsidy_end,0
131,1063,1219,727,3009,258,22,53,53,5,46,3,0.6295819107330388,0.9707418183423937,185,334,0.39639708913412575,3351.292022568517,8579.877346774678,12517.324618421935,3.735074274079026,1.0,0.4484181568088033,0.5451282051282051,0.7483213131061925,cost_subsidy_end,0
132,1066,1223,724,3013,249,27,60,60,5,51,5,0.6239737646685813,0.9619001935816108,188,339,0.4003589925737833,3338.225689690635,8579.877346774678,12517.324618421935,3.749693933840033,1.0,0.44060773480662985,0.5509043927648579,0.7515589922673983,cost_subsidy_end,0
133,1076,1229,732,3037,224,25,63,70,5,35,2,0.6297406138618835,0.9706119450330131,188,339,0.39578264286716563,3326.193345872948,8579.877346774678,12517.324618421935,3.7632582705852315,1.0,0.42896174863387976,0.558961038961039,0.7621079046424091,cost_subsidy_end,0
134,1073,1225,742,3040,222,21,51,64,6,46,3,0.6283387225457137,0.9682897140326654,190,338,0.39690432371030054,3313.4795470933614,8579.877346774678,12517.324618421935,3.7776978673075976,1.0,0.40970350404312667,0.5626638699528055,0.7692307692307693,cost_subsidy_end,0
135,1083,1243,742,3068,195,23,56,60,5,27,3,0.6296743275801956,0.9702009371703655,191,341,0.39562700663534306,3301.895372915376,8579.877346774678,12517.324618421935,3.7909513187784283,1.0,0.3948787061994609,0.5608493008803729,0.769307923771314,cost_subsidy_end,0
136,1086,1248,740,3074,187,30,55,70,6,47,6,0.6282666777641592,0.9678988390649237,193,342,0.39647018987241783,3291.7417183694147,8579.877346774678,12517.324618421935,3.8026448273780336,1.0,0.4027027027027027,0.5583547557840617,0.7663924208426827,cost_subsidy_end,0
137,1083,1244,738,3065,195,25,63,63,6,68,3,0.6308679523922639,0.971784849427618,193,343,0.3943349106391232,3280.8955851680366,8579.877346774678,12517.324618421935,3.815215782851815,1.0,0.3983739837398374,0.5531154239019408,0.7575383094414236,cost_subsidy_end,0
138,1060,1212,717,2989,269,27,65,65,6,138,5,0.6339439408674731,0.9764122010739423,192,336,0.3916410938695177,3267.0015482297445,8579.877346774678,12517.324618421935,3.8314412875636883,1.0,0.41283124128312415,0.5413687436159347,0.7405847373637264,cost_subsidy_end,0
139,1045,1192,707,2944,314,24,59,59,5,103,4,0.6310046878940155,0.971784849427618,193,334,0.39360550353402846,3251.1295800781086,8579.877346774678,12517.324618421935,3.8501463291786746,1.0,0.41725601131541723,0.5334354262378764,0.7288932904184204,cost_subsidy_end,0
140,1050,1207,717,2974,288,22,69,69,6,38,1,0.6293091530659318,0.9690827825958815,195,337,0.39487757041110594,3235.4476609271437,8579.877346774678,12517.324618421935,3.8688076366022854,1.0,0.41143654114365413,0.5381855458739108,0.7386984600099354,cost_subsidy_end,0
141,1070,1224,730,3024,237,26,75,75,6,23,5,0.6346360016580159,0.9772024407155399,195,339,0.39059595844453304,3222.2725934928353,8579.877346774678,12517.324618421935,3.884626224267878,1.0,0.40136986301369865,0.5470347648261759,0.7477744807121661,cost_subsidy_end,0
142,1068,1222,723,3013,245,23,53,53,6,60,5,0.6360729304992415,0.9793391928522919,195,335,0.3891948621830787,3208.79304753008,8579.877346774678,12517.324618421935,3.9009448203762958,1.0,0.40802213001383125,0.5418569254185692,0.7390237920039244,cost_subsidy_end,0
143,1076,1227,734,3037,224,29,77,81,6,52,2,0.6337810633979246,0.9757418406405935,197,341,0.3908178768903775,3195.952865514749,8579.877346774678,12517.324618421935,3.9166174049334295,1.0,0.4114441416893733,0.5467479674796748,0.7449104733872945,cost_subsidy_end,0
144,1078,1232,742,3052,210,18,49,61,7,32,4,0.6257865199498711,0.9633721854371323,201,340,0.3969079803630583,3183.099360376495,8579.877346774678,12526.029388641753,3.9351675742726995,1.0,0.3948787061994609,0.5408931259407928,0.7429406037000974,cost_subsidy_end,0
145,1079,1234,739,3052,210,28,61,66,7,58,4,0.6286094314968271,0.9676616915422885,201,337,0.39451589783030355,3170.317420532493,8579.877346774678,12526.029388641753,3.951033201759922,1.0,0.40054127198917455,0.5365489806066633,0.7354216867469879,cost_subsidy_end,0
146,1074,1245,748,3067,198,32,57,81,7,41,3,0.6307973814311667,0.9709784411276949,201,339,0.39310479997519926,3158.324049913309,8579.877346774678,12526.029388641753,3.9660367937816807,1.0,0.410427807486631,0.5454545454545454,0.7528227785959745,cost_subsidy_end,0
147,1083,1255,747,3085,186,36,59,75,8,41,2,0.626327889807508,0.9640522875816995,204,343,0.39615929148779105,3148.1305964631147,8579.877346774678,12526.029388641753,3.9788785772466335,1.0,0.428380187416332,0.5477996965098634,0.7539100684261975,cost_subsidy_end,0
148,1087,1266,748,3101,176,32,57,72,9,39,1,0.6265820089960392,0.964401294498382,206,346,0.39584678536459733,3138.8957474392587,8579.877346774678,12526.029388641753,3.990584714022633,1.0,0.4304812834224599,0.5426859710434349,0.747589199614272,cost_subsidy_end,0
149,1090,1270,745,3105,170,28,55,64,9,46,6,0.6272417817586305,0.965378421900161,207,347,0.39512076255910433,3130.600272759073,8579.877346774678,12526.029388641753,4.001158978243576,1.0,0.436241610738255,0.544727636181909,0.7514520813165537,cost_subsidy_end,0
150,1094,1266,753,3113,163,28,70,87,10,60,7,0.627893244225611,0.9663461538461539,208,345,0.3945584237404724,3123.0419310646826,8579.877346774678,12526.029388641753,4.010842526335046,1.0,0.43293492695883135,0.5464535464535465,0.7530237058538946,cost_subsidy_end,0
151,1088,1268,749,3105,175,22,60,61,10,65,3,0.6304241130246475,0.970209339774557,207,344,0.3926044167181413,3114.111170395833,8579.877346774678,12526.029388641753,4.0223449656261225,1.0,0.4325767690253672,0.5470085470085471,0.7576866764275256,cost_subsidy_end,0
152,1101,1264,752,3117,166,33,63,77,9,49,4,0.6241374222349456,0.9605055292259084,211,354,0.3971769949298566,3106.811160388149,8579.877346774678,12550.948191787242,4.039816887428456,1.0,0.4454787234042553,0.5499500499500499,0.7558195926285161,cost_subsidy_end,0
153,1106,1266,759,3131,160,29,66,75,10,52,2,0.6312524028229414,0.9714285714285714,210,352,0.3917723468290128,3099.6061070177702,8579.877346774678,12550.948191787242,4.049207466513514,1.0,0.4453227931488801,0.5483391175012394,0.7528251983649916,cost_subsidy_end,0
154,1101,1263,752,3116,179,21,52,52,10,64,3,0.6368795028004529,0.9800637958532694,209,348,0.387367454560148,3091.064537321448,8579.877346774678,12550.948191787242,4.060396682193904,1.0,0.44680851063829785,0.5474888115365489,0.7522935779816514,cost_subsidy_end,0
155,1088,1259,751,3098,203,12,41,41,9,58,2,0.6294138699657845,0.9685534591194969,212,350,0.3930825368161634,3080.245811440823,8579.877346774678,12550.948191787242,4.0746579851419,1.0,0.4247669773635153,0.5380811078140455,0.7422137038811691,cost_subsidy_end,0
0,2156,1435,855,4446,279,22,47,47,27,76,0,1.6963686010845535e-05,0.024030832401680656,150,692,1.0037351156565628,5833.333333333333,9166.666666666666,12500.0,2.142857142857143,1.0,0.3087719298245614,0.9949238578680203,0.9957446808510638,cost_subsidy_end,1
1,2154,1439,852,4445,296,32,67,67,20,64,0,2.0130989514666737e-05,0.02552731695531191,151,697,1.0037364871119099,5833.333333333333,9166.666666666666,12500.0,2.142857142857143,1.0,0.38028169014084506,0.994919168591224,0.9950749944034027,cost_subsidy_end,1
2,2148,1432,852,4432,323,31,67,67,18,77,1,2.509351297004197e-05,0.028475276846125094,150,695,1.0036759137317532,5832.506404782237,9166.666666666666,12500.0,2.143160955597219,1.0,0.39906103286384975,0.9907749077490775,0.989506586291583,cost_subsidy_end,1
3,2133,1428,848,4409,357,20,54,54,16,74,2,3.0126719861372998e-05,0.030584695709857973,152,694,1.0034044857928703,5828.233524453437,9166.666666666666,12500.0,2.1447321812954003,1.0,0.3714622641509434,0.9852193995381062,0.9867949865711728,cost_subsidy_end,1
4,2082,1383,832,4297,478,39,78,78,14,189,4,3.851426485915928e-05,0.03497066062213867,152,676,1.0025288878802956,5816.458867624567,9162.572463768116,12500.0,2.149073909828057,1.0,0.4153846153846154,0.971535230984601,0.9699774266365688,cost_subsidy_end,1
5,2077,1395,831,4303,480,31,73,73,11,65,1,4.9388666211678864e-05,0.04009853926624402,152,681,1.0016909060358712,5803.02008255894,9162.101659649425,12500.0,2.154050791168021,1.0,0.42117930204572807,0.9669459962756052,0.9706744868035191,cost_subsidy_end,1
6,2074,1389,825,4288,498,33,65,65,10,75,2,6.544665709065395e-05,0.04750094854641699,151,671,1.000744238572839,5788.291210128104,9160.096506220945,12500.0,2.1595319838310894,1.0,0.4322077922077922,0.976,0.9783253479352042,cost_subsidy_end,1
7,2071,1392,830,4293,497,29,70,70,10,63,4,8.428742473619599e-05,0.054675341482399324,151,669,0.9997456049329239,5772.3963787098155,9159.55234207206,12500.0,2.1654784564177603,1.0,0.4283132530120482,0.9861904761904762,0.9903114186851211,cost_subsidy_end,1
8,2071,1389,822,4282,514,36,71,71,10,79,1,0.0001071588001437111,0.062112224818534234,151,671,0.9986907343159043,5755.506596626686,9158.101323879257,12500.0,2.1718331462475042,1.0,0.44282238442822386,0.9876013352408202,0.9877739331026528,cost_subsidy_end,1
9,2067,1383,826,4276,525,33,74,74,9,78,2,0.00013768734660742082,0.07129797499612828,151,666,0.9974573740124891,5737.3667288209,9155.113145508058,12500.0,2.1786998445136705,1.0,0.4445520581113802,0.9880497131931166,0.9877569877569877,cost_subsidy_end,1
10,2059,1377,818,4254,555,28,60,60,9,81,0,0.00017040236496333792,0.07881582766989018,151,662,0.9960652976555949,5717.422210692128,9150.311851031483,12500.0,2.1862999686508724,1.0,0.445432318292954,0.9767552182163188,0.9747937671860678,cost_subsidy_end,1
11,2073,1389,826,4288,527,37,81,81,9,45,1,0.0002068050975570547,0.08542449547030757,152,665,0.994862354844781,5698.293551197096,9149.416777565553,12500.0,2.1936391812201395,1.0,0.4491525423728814,0.9824644549763033,0.9812356979405035,cost_subsidy_end,1
12,2102,1407,837,4346,473,52,105,105,9,46,4,0.0002476653831887607,0.0913497184728577,154,677,0.9938673992376662,5682.123034384459,9149.416777565553,12500.0,2.199881967419264,1.0,0.47909199522102747,0.9924457034938622,0.9920109564026478,cost_subsidy_end,1
13,2089,1398,833,4320,499,29,60,60,10,86,10,0.00030732436335378433,0.10120603471559968,153,670,0.9927621111091163,5664.381561560351,9149.416777565553,12500.0,2.2067722423269562,1.0,0.4777911164465786,0.9839849269901083,0.985851209493382,cost_subsidy_end,1
14,2094,1399,827,4320,502,29,58,58,9,56,4,0.0003728930476299391,0.10962719355907483,153,669,0.9916518887250989,5646.678629505548,9149.416777565553,12500.0,2.2136907056625894,1.0,0.4788391777509069,0.9730483271375465,0.9725348941918055,cost_subsidy_end,1
15,2087,1395,820,4302,509,32,67,67,9,79,14,0.00044859399692734277,0.1177281632431789,153,665,0.9904929416475464,5628.320562482297,9149.416777565553,12500.0,2.2209111690125622,1.0,0.4975609756097561,0.980733082706767,0.9799544419134396,cost_subsidy_end,1
16,2085,1399,824,4308,501,29,60,60,9,53,10,0.0005443191888728067,0.12751287663776673,153,663,0.9893192430542271,5609.791605481024,9149.416777565553,12500.0,2.2282467654924876,1.0,0.4830097087378641,0.9747545582047685,0.9759855006796556,cost_subsidy_end,1
17,2088,1397,821,4306,498,32,67,67,9,63,8,0.0006562013124552632,0.13721607696152852,152,661,0.9881231410229968,5591.5701202170285,9149.416777565553,12500.0,2.2355080471591817,1.0,0.48599269183922045,0.9807421324565524,0.9806422227283079,cost_subsidy_end,1
18,2062,1377,810,4249,550,33,68,68,9,121,10,0.0007820727449980609,0.14597929927972603,151,655,0.986641182049438,5570.431145872293,9146.828695528871,12500.0,2.2439914743874967,1.0,0.4925925925925926,0.9721829325789721,0.9689851767388825,cost_subsidy_end,1
19,2064,1377,808,4249,542,23,53,53,8,51,14,0.0009133204842938613,0.15218377023252647,151,656,0.9852203879076331,5549.889752790713,9145.076009790806,12500.0,2.2522969926951224,1.0,0.4863861386138614,0.9690140845070423,0.9681020733652312,cost_subsidy_end,1
20,2023,1355,798,4176,611,25,59,59,8,130,10,0.0010917349791755835,0.1624073862861153,148,635,0.983288193913953,5524.665048955283,9137.45511311598,12500.0,2.262580607011416,1.0,0.47869674185463656,0.9702637889688249,0.969809568044589,cost_subsidy_end,1
21,2001,1340,791,4132,651,21,51,51,8,92,9,0.001258750020638065,0.16719877202701047,148,639,0.9810290812890691,5497.041723710507,9125.544114256056,12500.0,2.2739503588054433,1.0,0.46776232616940583,0.9643373493975904,0.9663236669784846,cost_subsidy_end,1
22,2009,1336,793,4138,641,31,66,66,8,59,11,0.0014477569308227677,0.17174216170002554,150,635,0.9787265459634877,5470.572983241767,9112.431090892409,12500.0,2.284952607028874,1.0,0.4703656998738966,0.9691268692715871,0.9652437602052718,cost_subsidy_end,1
23,2006,1339,787,4132,641,28,56,56,8,60,12,0.0017069913497455647,0.1808863595861968,150,630,0.9764459828197121,5444.17230344251,9100.520449987223,12500.0,2.2960331347514265,1.0,0.4625158831003812,0.9790141532454856,0.9770631354930244,cost_subsidy_end,1
24,2003,1335,794,4132,636,34,71,71,8,71,13,0.002011105392017647,0.19042897541876944,150,628,0.9741503540728055,5417.747713634429,9088.224094596606,12500.0,2.3072318352038086,1.0,0.4357682619647355,0.9789833822091887,0.9775254317482849,cost_subsidy_end,1
25,2017,1350,792,4159,601,41,81,81,8,51,13,0.0023869666269029223,0.2020346171695705,150,621,0.97204584723128,5393.19408892239,9081.053345779837,12500.0,2.3177359824069703,1.0,0.45202020202020204,0.9815085158150851,0.9795101271785209,cost_subsidy_end,1
26,2027,1357,801,4185,564,35,77,77,8,48,16,0.0028199797346353406,0.21344869350595289,151,626,0.9701596314710732,5370.416402757881,9076.57067960781,12500.0,2.3275662560506203,1.0,0.4544319600499376,0.9778099372889532,0.977803738317757,cost_subsidy_end,1
27,2009,1337,799,4145,601,25,52,52,8,92,11,0.003233375367903883,0.21897277719187588,148,613,0.9679311462994789,5345.834290563814,9066.549267789627,12500.0,2.3382692617435494,1.0,0.44680851063829785,0.9635491606714628,0.963953488372093,cost_subsidy_end,1
28,2033,1359,803,4195,544,46,96,96,8,44,13,0.003825679714142896,0.23194308474116462,148,617,0.9659892078190836,5324.195024066971,9063.793329478234,12500.0,2.347772751279061,1.0,0.4657534246575342,0.967174119885823,0.9659221736127102,cost_subsidy_end,1
29,2028,1354,804,4186,542,37,70,70,8,78,18,0.004530640580460192,0.24607065194711342,147,617,0.9639539042748505,5302.8321049020815,9060.070155113937,12500.0,2.357230957481128,1.0,0.47139303482587064,0.9634204275534441,0.9625201195677168,cost_subsidy_end,1
30,2049,1368,807,4224,503,45,85,85,8,46,8,0.005322162992778883,0.25914499640699584,147,618,0.9620644125364272,5283.860481967773,9060.070155113937,12500.0,2.3656945603803776,1.0,0.48451053283767037,0.9799139167862266,0.9761959787381558,cost_subsidy_end,1
31,2045,1372,805,4222,496,31,76,76,9,74,14,0.0060300838867187135,0.2634511668330329,148,618,0.9603208840635926,5264.704571691663,9060.070155113937,12500.0,2.3743022670659526,1.0,0.4956521739130435,0.9632595383890721,0.9665750915750916,cost_subsidy_end,1
32,2029,1365,808,4202,509,37,89,89,9,106,13,0.006965088359107676,0.2732975230084718,147,609,0.9583769070008369,5244.2401907828535,9060.070155113937,12500.0,2.3835674082910407,1.0,0.5086633663366337,0.9787747226242162,0.9808590102707749,cost_subsidy_end,1
33,2048,1367,818,4233,476,40,85,86,8,53,9,0.008118866234558405,0.2864118738455682,148,611,0.9562105147842443,5226.016020551761,9060.070155113937,12500.0,2.391879387824811,1.0,0.5256723716381418,0.9817833173537871,0.9841897233201581,cost_subsidy_end,1
34,1997,1337,797,4131,575,21,48,48,9,147,9,0.009678652414992581,0.3073241113273483,146,589,0.9531207359101497,5202.231031075078,9052.540502214755,12500.0,2.4028152393333415,1.0,0.5269761606022585,0.9518589132507149,0.9544824399260629,cost_subsidy_end,1
35,2017,1351,801,4169,529,39,80,80,8,39,13,0.011182480436308245,0.3200010760381367,148,586,0.950365052059876,5180.894751582443,9050.137932223646,12500.0,2.412710660872241,1.0,0.5380774032459426,0.9632282712511939,0.9641535615171137,cost_subsidy_end,1
36,2029,1356,800,4185,507,40,83,83,8,63,10,0.013055434849362968,0.3371533729204478,146,586,0.9473896913266479,5160.756146993893,9050.137932223646,12500.0,2.4221256815788843,1.0,0.54625,0.9689589302769819,0.9683017121702915,cost_subsidy_end,1
37,2041,1360,799,4200,486,38,77,77,9,58,11,0.0151524019982249,0.35365267165848896,147,581,0.9442784869846137,5141.981191878802,9050.137932223646,12500.0,2.4309696075400637,1.0,0.5431789737171464,0.9654683065279092,0.9621993127147767,cost_subsidy_end,1
38,2058,1376,816,4250,436,37,93,105,9,42,8,0.017454883122795823,0.3687665678216659,148,588,0.9413391688852601,5124.815672576559,9050.137932223646,12500.0,2.439112116146703,1.0,0.5343137254901961,0.9865771812080537,0.9853929979132854,cost_subsidy_end,1
39,2062,1381,814,4257,425,27,63,68,9,53,10,0.020164579776268766,0.3862633951286762,148,585,0.9378775031008978,5108.223258167545,9050.137932223646,12500.0,2.447034784553266,1.0,0.538083538083538,0.9805040418449834,0.9799723756906077,cost_subsidy_end,1
40,2081,1386,821,4288,388,43,88,93,10,55,14,0.02304611587828462,0.40096799778397113,149,585,0.9343573030899336,5094.063696232151,9050.137932223646,12500.0,2.453836611671284,1.0,0.5298416565164433,0.9829948039678791,0.9807868252516011,cost_subsidy_end,1
41,2077,1383,820,4280,391,30,64,69,10,67,10,0.026320880987030667,0.41669695043148725,148,583,0.9305260693716507,5079.428840480268,9050.137932223646,12500.0,2.4609066083142737,1.0,0.5219512195121951,0.9862298195631529,0.9823272894193252,cost_subsidy_end,1
42,2071,1378,819,4268,398,28,61,64,10,69,11,0.03000020522043961,0.4329814933492998,148,578,0.9262991154539786,5064.203210342982,9050.137932223646,12500.0,2.4683053741742356,1.0,0.5018315018315018,1.01123046875,1.0068412361405992,cost_subsidy_end,1
43,2088,1385,819,4292,367,50,96,103,10,67,12,0.03386264162813273,0.44640493030192996,149,576,0.9218826776739569,5050.993343614756,9050.137932223646,12500.0,2.474760735094207,1.0,0.525030525030525,1.008695652173913,1.0006994637444626,cost_subsidy_end,1
44,2095,1394,825,4314,342,39,92,101,10,66,9,0.038096816377126315,0.4596330980507687,148,571,0.9173786282965448,5038.461340188056,9050.137932223646,12500.0,2.480916128163335,1.0,0.5236363636363637,1.006243996157541,1.0011603620329543,cost_subsidy_end,1
45,2100,1398,835,4333,321,30,71,83,10,50,10,0.04303043551256128,0.4760697628761469,148,566,0.9123068080768627,5026.483743267177,9050.137932223646,12500.0,2.4868278976816294,1.0,0.5053892215568863,1.0130246020260492,1.0135672514619882,cost_subsidy_end,1
46,2095,1405,836,4336,318,28,68,72,10,62,7,0.04807122205082559,0.4886628459427194,149,559,0.9071122325737955,5013.740251287359,9050.137932223646,12500.0,2.4931487020673684,1.0,0.5131578947368421,1.0086663456909004,1.0088413215449046,cost_subsidy_end,1
47,2095,1406,835,4336,315,32,50,66,10,46,9,0.05389511518665016,0.5043739908380112,149,554,0.9011113937619424,5001.754865557596,9050.137932223646,12500.0,2.4991228750684686,1.0,0.5053892215568863,1.0067275348390197,1.0104870659519924,cost_subsidy_end,1
48,2094,1409,840,4343,311,26,59,61,10,52,7,0.06075703053412728,0.5244645330993367,148,547,0.8942699464565583,4989.512633598802,9050.137932223646,12500.0,2.5052547048035203,1.0,0.4857142857142857,1.005763688760807,1.0092958401115502,cost_subsidy_end,1
49,2112,1420,845,4377,274,62,80,112,9,45,11,0.06799173743584731,0.5423913649338895,148,545,0.8871690707624665,4981.471527488159,9050.137932223646,12500.0,2.5092986943765507,1.0,0.5112426035502958,1.013922227556409,1.016960966542751,cost_subsidy_end,1
50,2097,1407,838,4342,311,29,54,54,11,86,6,0.07462583426769172,0.5511697704377819,148,537,0.880497283570396,4971.412465435589,9050.137932223646,12500.0,2.5143759619439994,1.0,0.5059665871121718,1.010115606936416,1.0109429569266588,cost_subsidy_end,1
51,2095,1411,843,4349,305,27,65,65,11,56,8,0.08286472222309257,0.5676626791658698,148,532,0.8725179317034237,4960.890649023616,9050.137932223646,12500.0,2.5197088354407096,1.0,0.5029655990510083,1.01158860453887,1.0137529137529138,cost_subsidy_end,1
52,2086,1414,839,4339,319,24,57,58,10,65,4,0.09122618016215814,0.5806776057858956,149,527,0.8642945832445613,4948.912368133495,9050.137932223646,12500.0,2.5258075047941153,1.0,0.4827175208581645,1.0087040618955512,1.013785046728972,cost_subsidy_end,1
53,2082,1417,837,4336,323,40,86,87,10,84,4,0.09871954055186094,0.5848914488878392,152,523,0.8567786804078911,4936.010951730699,9050.137932223646,12500.0,2.532409292085781,1.0,0.4958183990442055,1.006769825918762,1.0140318054256314,cost_subsidy_end,1
54,2097,1437,858,4392,268,79,105,163,10,49,9,0.10947464519413089,0.6047876414684279,152,519,0.8468069609949073,4927.787745324857,9050.137932223646,12500.0,2.5366352298471324,1.0,0.5431235431235432,1.0096292729898892,1.0232991612301958,cost_subsidy_end,1
55,2081,1430,855,4366,298,29,50,63,12,73,5,0.12035286919830228,0.6210579982853004,153,514,0.8372755112481877,4917.819701305784,9050.137932223646,12500.0,2.5417767952495267,1.0,0.52046783625731,1.0028915662650602,1.0184278049918358,cost_subsidy_end,1
56,2059,1425,856,4340,332,40,92,92,12,118,4,0.13301805892536295,0.6423334876820095,152,506,0.826298928716067,4904.864332977239,9050.137932223646,12500.0,2.5484904681170932,1.0,0.5210280373831776,0.980009519276535,1.0,cost_subsidy_end,1
57,2027,1420,842,4289,388,22,47,47,11,94,2,0.14615640437014196,0.6616965334717876,152,495,0.8147977793706558,4887.846532597443,9050.137932223646,12500.0,2.557363435336296,1.0,0.5201900237529691,0.9661582459485224,0.990988909426987,cost_subsidy_end,1
58,2026,1432,850,4308,371,31,80,80,10,59,6,0.15801303908400263,0.6720160560768063,154,497,0.8046889392279156,4870.437034809364,9050.137932223646,12500.0,2.5665047942641697,1.0,0.5188235294117647,0.9679885332059245,0.9953789279112755,cost_subsidy_end,1
59,2014,1435,848,4297,380,37,86,87,10,91,6,0.1709094525516516,0.6842232253051037,154,495,0.7936935134925241,4851.607395394453,9050.137932223646,12500.0,2.5764656909101986,1.0,0.5259433962264151,0.9724770642201835,1.0056166627662064,cost_subsidy_end,1
60,1991,1436,855,4282,400,24,57,75,10,71,4,0.18219296460127057,0.6881070532652175,155,490,0.7844476713222328,4830.685346417162,9050.137932223646,12500.0,2.587624550887182,1.0,0.519298245614035,0.9576719576719577,0.9969732246798603,cost_subsidy_end,1
61,1950,1430,847,4227,455,27,66,68,9,117,5,0.1986311421470792,0.7093501726587145,154,476,0.7707680945655309,4806.531919685076,9050.137932223646,12500.0,2.6006276893338516,1.0,0.48288075560802834,0.9307875894988067,0.9791521890201529,cost_subsidy_end,1
62,1900,1407,836,4143,543,15,42,42,9,125,4,0.21241369726243026,0.718995358248455,154,470,0.7595348958181856,4782.499260086651,9050.137932223646,12500.0,2.613696170184775,1.0,0.47248803827751196,0.9082217973231358,0.9610299234516354,cost_subsidy_end,1
63,1835,1374,823,4032,651,12,30,30,9,138,9,0.22958743206249319,0.7384161401522376,152,456,0.7457589085748696,4758.5867637862175,9050.137932223646,12500.0,2.626830321793744,1.0,0.4617253948967193,0.8990690837824595,0.9570377403275575,cost_subsidy_end,1
64,1811,1383,820,4014,665,23,61,61,9,77,11,0.24485640739466744,0.7502072547872557,153,451,0.7338464292883029,4734.793829967286,9050.137932223646,12500.0,2.640030474164567,1.0,0.46219512195121953,0.8992055610724925,0.9660649819494584,cost_subsidy_end,1
65,1780,1375,816,3971,708,24,69,69,9,110,7,0.2607990633426415,0.763159872303833,151,443,0.7215374166375618,4711.11986081745,9050.137932223646,12500.0,2.6532969589593636,1.0,0.44485294117647056,0.8712677435144396,0.9416646905382974,cost_subsidy_end,1
66,1758,1374,819,3951,721,16,55,55,9,68,9,0.2743890474500551,0.7688497532177803,153,437,0.7114615190804964,4687.564261513363,9050.137932223646,12500.0,2.666630109506898,1.0,0.3663003663003663,0.8655834564254062,0.9436350609027944,cost_subsidy_end,1
67,1702,1357,815,3874,788,15,57,57,9,132,17,0.2846590539401234,0.7657368167788003,154,431,0.702745424511917,4664.126440205796,9050.137932223646,12500.0,2.6800302608109527,1.0,0.350920245398773,0.8421573478476002,0.9274598994493656,cost_subsidy_end,1
68,1648,1342,802,3792,862,18,58,58,9,140,17,0.30339954901816657,0.7854896374190684,152,417,0.6869831538304682,4640.805808004767,9050.137932223646,12500.0,2.6934977495587464,1.0,0.32917705735660846,0.824,0.9192727272727272,cost_subsidy_end,1
69,1603,1329,797,3729,916,15,44,44,9,105,16,0.31859070891152147,0.7957679177249087,152,414,0.6741967446590607,4617.601778964743,9050.137932223646,12500.0,2.7070329141293934,1.0,0.3224592220828105,0.8027040560841262,0.9024685382381413,cost_subsidy_end,1
70,1553,1308,781,3642,992,14,41,41,9,127,19,0.3340053899420382,0.8067669503449955,151,402,0.660970034957241,4594.51377006992,9045.144318937902,12500.0,2.7206360946024053,1.0,0.3072983354673495,0.7749500998003992,0.8792853693867697,cost_subsidy_end,1
71,1534,1322,786,3642,977,27,81,81,9,78,21,0.35028423130036734,0.8200119834575781,151,395,0.6473829259613489,4571.54120121957,9044.553461699556,12500.0,2.7343076327662366,1.0,0.2926208651399491,0.7624254473161034,0.8759018759018758,cost_subsidy_end,1
72,1505,1310,785,3600,1004,17,51,51,9,92,23,0.3667809049648626,0.8339134151496269,151,386,0.6333660154682833,4548.683495213472,9040.191460238528,12500.0,2.748047872126871,1.0,0.2840764331210191,0.7443125618199802,0.861244019138756,cost_subsidy_end,1
73,1479,1316,786,3581,1004,13,54,54,9,71,26,0.38053917853925473,0.84194126972642,153,391,0.6218542148627041,4525.940077737405,9038.00370875858,12500.0,2.7618571579164533,1.0,0.26590330788804073,0.7292899408284024,0.8538388173581306,cost_subsidy_end,1
74,1474,1343,797,3614,954,22,77,77,9,42,24,0.3965578026451313,0.855370675676174,154,392,0.6085847816785386,4503.310377348718,9038.00370875858,12500.0,2.775735837101963,1.0,0.2710163111668758,0.7271830291070548,0.862735736452614,cost_subsidy_end,1
75,1440,1327,797,3564,965,12,47,47,9,92,43,0.4145311902833137,0.8731980500308819,153,389,0.5936570674021717,4480.793825461975,9038.00370875858,12500.0,2.7896842583939323,1.0,0.2710163111668758,0.7086614173228346,0.8477640342530923,cost_subsidy_end,1
76,1416,1331,798,3545,949,17,60,60,9,76,41,0.4285505746042993,0.8829882499433078,153,387,0.5820352455661945,4458.389856334665,9038.00370875858,12500.0,2.8037027722552086,1.0,0.2631578947368421,0.6958230958230959,0.8426432136914666,cost_subsidy_end,1
77,1401,1342,800,3543,929,23,68,68,9,70,31,0.4419753601911465,0.8920480941553877,153,384,0.5708566631352108,4436.097907052991,9038.00370875858,12500.0,2.8177917309097573,1.0,0.26125,0.6837481698389458,0.8342359312455851,cost_subsidy_end,1
78,1377,1335,797,3509,933,13,44,44,9,75,36,0.45138527495913583,0.8936531521290844,153,379,0.5629020841657721,4413.917417517726,9038.00370875858,12500.0,2.8319514883515153,1.0,0.2584692597239649,0.6697470817120622,0.823322383857344,cost_subsidy_end,1
79,1355,1332,796,3483,922,11,38,38,10,62,45,0.4641684859177923,0.902568715803424,154,377,0.5522504786173771,4391.847830430137,9038.00370875858,12500.0,2.846182400353282,1.0,0.2537688442211055,0.6593673965936739,0.8214622641509434,cost_subsidy_end,1
80,1329,1331,795,3455,923,14,49,49,9,75,34,0.4725435467224104,0.903529480055466,155,370,0.5453089882354698,4369.888591277986,9038.00370875858,12500.0,2.86048482447566,1.0,0.2490566037735849,0.6442074648570043,0.8108425252288195,cost_subsidy_end,1
81,1325,1336,794,3455,877,19,55,55,9,51,51,0.4806960050225312,0.9047828884310075,157,373,0.5382496875908264,4348.039148321596,9038.00370875858,12500.0,2.8748591200760405,1.0,0.25440806045340053,0.644455252918288,0.8152430391694195,cost_subsidy_end,1
82,1314,1338,797,3449,851,21,61,61,9,65,39,0.48882490335711337,0.9066631043995386,157,365,0.5313749829312245,4326.2989525799885,9038.00370875858,12500.0,2.8893056483176283,1.0,0.26223337515683814,0.6397273612463485,0.8136352913422977,cost_subsidy_end,1
83,1197,1235,731,3163,1105,8,36,36,9,317,36,0.5031554212173298,0.9205125208003929,155,335,0.5188370167695383,4304.667457817089,9012.532971033897,12496.808510638299,2.903083370109029,1.0,0.25991792065663477,0.5805043646944714,0.7451118963486455,cost_subsidy_end,1
84,1171,1219,723,3113,1113,13,48,48,9,95,48,0.5135858929730605,0.9276093945030551,155,332,0.5093563615491369,4283.144120528003,8982.360852256132,12489.492539826793,2.9159636445497785,1.0,0.2572614107883817,0.5692756441419543,0.7331606217616581,cost_subsidy_end,1
85,1147,1207,714,3068,1125,18,57,57,9,98,38,0.5260439379710978,0.938780180179248,153,324,0.49815237656703787,4261.728399925363,8949.04995272555,12477.949220964227,2.927908127881344,1.0,0.26750700280112044,0.5709308113489299,0.7375,cost_subsidy_end,1
86,1136,1214,717,3067,1099,19,64,64,9,59,30,0.5382713990866451,0.9498962397053724,152,320,0.4874424339330981,4240.419757925736,8918.591782711012,12473.09139340492,2.9414756334184986,1.0,0.26220362622036264,0.5722921914357683,0.7464103188123631,cost_subsidy_end,1
87,1138,1218,724,3080,1056,20,59,59,8,45,37,0.5339627879915403,0.9324843703112177,156,321,0.4899897367775171,4219.217659136108,8889.756672761852,12473.09139340492,2.956256918008541,1.0,0.27071823204419887,0.5809086268504339,0.7608695652173914,cost_subsidy_end,1
88,1131,1218,721,3070,1037,14,44,44,8,54,37,0.5449182144832968,0.9423700976473597,156,320,0.48024866706865105,4198.121570840427,8861.549512348702,12472.138036100965,2.9708853890108173,1.0,0.26768377253814146,0.5735294117647058,0.7542997542997543,cost_subsidy_end,1
89,1130,1224,726,3080,992,22,54,54,8,40,39,0.5439634517114247,0.9321931669435557,159,325,0.4802182657940695,4177.130962986224,8835.838537707239,12472.138036100965,2.9858144613174047,1.0,0.2644628099173554,0.5692695214105793,0.7526881720430108,cost_subsidy_end,1
90,1133,1237,743,3113,931,15,61,61,8,28,36,0.5481790860393625,0.9314826928200334,161,329,0.47630706740898593,4156.245308171293,8814.246735083405,12472.138036100965,3.0008185540878443,1.0,0.2611036339165545,0.5696329813976873,0.7572366820724884,cost_subsidy_end,1
91,1139,1248,739,3126,886,27,76,76,6,62,37,0.555432971978902,0.936386039060956,159,328,0.46966452199749054,4135.464081630436,8796.394624359917,12472.138036100965,3.0158980443093912,1.0,0.28416779431664413,0.5655412115193644,0.751081210956271,cost_subsidy_end,1
92,1140,1257,745,3142,845,18,56,56,6,38,29,0.5673554467736831,0.9494887644278324,159,328,0.4596254085526407,4114.786761222284,8781.918130172191,12472.138036100965,3.0310533108637094,1.0,0.287248322147651,0.5688622754491018,0.760222598596661,cost_subsidy_end,1
93,1121,1250,744,3115,837,14,39,39,6,65,40,0.5789082663753202,0.9622377436278787,158,328,0.4500167463342804,4094.212827416173,8765.843806527566,12472.138036100965,3.0462847345363917,1.0,0.28091397849462363,0.5650201612903226,0.7584611638665693,cost_subsidy_end,1
94,1133,1264,747,3144,762,26,65,65,5,35,50,0.5871892023846772,0.9698452032969999,158,327,0.4428114116349021,4073.741763279092,8755.523735095767,12472.138036100965,3.0615926980265242,1.0,0.28647925033467203,0.5682046138415245,0.763292061179898,cost_subsidy_end,1
95,1134,1265,750,3149,713,15,47,47,5,39,46,0.5880178661656483,0.9655346382557873,160,332,0.4416848971695779,4053.3730544626965,8747.204740321822,12472.138036100965,3.0769775859563055,1.0,0.2946666666666667,0.563338301043219,0.7571531618177446,cost_subsidy_end,1
96,1112,1257,746,3115,708,12,45,45,5,77,42,0.5880145179440288,0.9603017003349339,162,330,0.44144311293252647,4033.106189190383,8738.08211906904,12472.138036100965,3.0924397848807095,1.0,0.2949061662198391,0.5513138324243927,0.7461077844311377,cost_subsidy_end,1
97,1104,1247,750,3101,694,15,45,45,5,58,32,0.5949624385968221,0.9667839055129979,161,325,0.43552003785580695,4012.940658244431,8726.122768309084,12472.138036100965,3.1079796832971955,1.0,0.28933333333333333,0.5468053491827637,0.7425766283524904,cost_subsidy_end,1
98,1093,1231,732,3056,703,16,43,43,4,87,39,0.6012684691632453,0.9725130239519642,160,324,0.4297295413083948,3992.8759549532087,8710.563690212142,12472.138036100965,3.1235976716554728,1.0,0.2923497267759563,0.5410891089108911,0.7321514135122185,cost_subsidy_end,1
99,1083,1237,727,3047,672,14,51,51,5,57,42,0.5965398153226377,0.9607489805663451,163,324,0.43302906953220843,3972.9115751784425,8697.46651171391,12472.138036100965,3.1392941423673095,1.0,0.2861072902338377,0.5366699702675917,0.7303451581975072,cost_subsidy_end,1
100,1081,1228,737,3046,650,15,49,49,5,50,28,0.5937030354899474,0.9524221917609295,166,323,0.4347878862820001,3953.04701730255,8681.573299527037,12472.138036100965,3.1550694898163916,1.0,0.2835820895522388,0.5338271604938272,0.727316141356256,cost_subsidy_end,1
101,1076,1230,728,3034,627,22,64,64,4,73,36,0.599436558206939,0.9581416784421691,166,325,0.42965666426617205,3933.2817822160373,8667.99893202691,12472.138036100965,3.1709241103682326,1.0,0.28708791208791207,0.5251342118106394,0.7182765151515151,cost_subsidy_end,1
102,1079,1240,737,3056,583,21,72,72,4,48,24,0.6003408305050656,0.9563963190902199,167,326,0.4286043185158589,3913.6153733049573,8658.139240043447,12472.138036100965,3.186858402380133,1.0,0.29172320217096337,0.5237864077669903,0.7180451127819549,cost_subsidy_end,1
103,1081,1239,740,3060,563,24,63,63,4,57,18,0.6065781924724567,0.9633823470343317,167,327,0.4232210592257963,3894.0472964384326,8647.9775165649,12472.138036100965,3.2028727662111893,1.0,0.2864864864864865,0.5255226057365094,0.7167955024595924,cost_subsidy_end,1
104,1087,1251,753,3091,510,24,68,68,4,37,26,0.6145834611170453,0.9733623869544915,167,326,0.4167172793689894,3874.57705995624,8642.149531716781,12472.138036100965,3.218967604232351,1.0,0.28950863213811423,0.529985372988786,0.7284939901013434,cost_subsidy_end,1
105,1097,1256,748,3101,477,24,51,51,4,39,25,0.6187775867837368,0.9774891981432545,168,329,0.4128501116663922,3855.204174656459,8639.03433828093,12472.138036100965,3.2351433208365337,1.0,0.3048128342245989,0.5335603112840467,0.7277634358131894,cost_subsidy_end,1
106,1077,1233,740,3050,513,19,54,54,4,105,19,0.6176483354000698,0.9734119546312796,168,327,0.4133584257189048,3835.9281537831766,8629.263552719292,12472.138036100965,3.2514003224487777,1.0,0.29864864864864865,0.523578026251823,0.7169722614010343,cost_subsidy_end,1
107,1087,1249,748,3084,469,26,81,81,4,46,13,0.6200200106745054,0.9750485702843488,169,327,0.41117720809612224,3816.748513014261,8624.528134437815,12472.138036100965,3.26773901753646,1.0,0.31016042780748665,0.5251207729468599,0.7219101123595506,cost_subsidy_end,1
108,1093,1248,752,3093,444,26,59,61,4,48,18,0.6113315706337449,0.9594953975468311,172,324,0.41753486623343067,3797.6647704491897,8620.625063311281,12472.138036100965,3.2841598166195576,1.0,0.3271276595744681,0.5303250849102378,0.7238474139948514,cost_subsidy_end,1
109,1094,1260,754,3108,413,18,65,73,4,46,16,0.6075315226787041,0.9518192052378639,174,328,0.4203736800718816,3778.6764465969436,8620.625063311281,12480.276354288977,3.302816880637835,1.0,0.3302387267904509,0.5347018572825024,0.7335378805758792,cost_subsidy_end,1
110,1108,1270,767,3145,370,27,73,87,4,35,9,0.6082790416910608,0.9514285714285714,175,332,0.4195157412767178,3759.783064363959,8620.625063311281,12480.276354288977,3.319413950389784,1.0,0.3389830508474576,0.5471604938271605,0.750059623181493,cost_subsidy_end,1
111,1108,1266,763,3137,365,21,53,55,4,58,14,0.6171171459147357,0.9638095238095239,175,333,0.4122599413689135,3740.984149042139,8620.625063311281,12480.276354288977,3.3360944225022955,1.0,0.34993446920052423,0.5450073782587309,0.7435411234889784,cost_subsidy_end,1
112,1106,1261,765,3132,356,21,55,55,4,59,17,0.6180912268223046,0.9640151515151515,176,330,0.41125774949729355,3722.2792282969285,8620.625063311281,12480.276354288977,3.352858716082709,1.0,0.3568627450980392,0.5376762275157997,0.7365945437441204,cost_subsidy_end,1
113,1105,1263,768,3136,344,25,71,77,4,65,10,0.6153634233086357,0.9585687382297553,177,335,0.4131723196570277,3703.6678321554436,8620.625063311281,12480.276354288977,3.3697072523444316,1.0,0.359375,0.5353682170542635,0.7371885284438175,cost_subsidy_end,1
114,1111,1280,770,3161,310,25,74,80,4,45,9,0.6245326067226497,0.9717514124293786,177,332,0.4058089508960046,3685.1494929946666,8620.625063311281,12480.276354288977,3.386640454617519,1.0,0.36363636363636365,0.5390587093643863,0.742018779342723,cost_subsidy_end,1
115,1068,1229,741,3038,426,24,70,70,4,192,10,0.6273279966601011,0.9750957854406129,174,324,0.40337304566066684,3666.723745529693,8620.625063311281,12480.276354288977,3.4036587483593155,1.0,0.37786774628879893,0.5127220355256841,0.7065116279069767,cost_subsidy_end,1
116,1076,1239,744,3059,399,23,65,65,4,43,9,0.6256594611142225,0.9715909090909091,176,327,0.40435023684795335,3648.3901268020445,8620.625063311281,12480.276354288977,3.4207625611651413,1.0,0.375,0.5205611998064829,0.717065166432255,cost_subsidy_end,1
117,1085,1252,744,3081,367,20,61,61,4,32,7,0.6275105155965249,0.9736346516007532,177,327,0.40255368195132546,3630.1481761680343,8620.625063311281,12480.276354288977,3.4379523227790365,1.0,0.3696236559139785,0.5610134436401241,0.772567703109328,cost_subsidy_end,1
118,1079,1248,749,3076,364,19,61,61,4,64,10,0.6297332059665284,0.9763257575757575,176,325,0.40075033042246433,3611.997435287194,8620.625063311281,12480.276354288977,3.4552284651045593,1.0,0.3671562082777036,0.5622720166753518,0.7750062988158226,cost_subsidy_end,1
119,1088,1256,755,3099,336,28,82,83,4,55,5,0.6314793408820456,0.9783427495291902,177,329,0.3991161579590932,3593.937448110758,8620.625063311281,12480.276354288977,3.472591422215638,1.0,0.36688741721854307,0.5660770031217481,0.7809979838709677,cost_subsidy_end,1
120,1094,1258,757,3109,323,23,64,74,5,48,2,0.628432325597384,0.9729981378026071,179,333,0.4011275106931233,3575.967760870204,8620.625063311281,12480.276354288977,3.4900416303674753,1.0,0.3619550858652576,0.5733752620545073,0.7884859244230281,cost_subsidy_end,1
121,1106,1267,758,3131,295,21,57,58,5,34,10,0.6336122979930208,0.9804469273743017,179,331,0.3967167255611073,3558.390790063431,8620.625063311281,12480.276354288977,3.507280984747183,1.0,0.3654353562005277,0.5742471443406023,0.7860908862666331,cost_subsidy_end,1
122,1104,1267,755,3126,289,17,51,57,5,51,11,0.631110543745502,0.9760589318600368,181,333,0.39837427848912776,3541.2892701470064,8620.625063311281,12480.276354288977,3.524218272564583,1.0,0.3536423841059603,0.568486096807415,0.7785803237858032,cost_subsidy_end,1
123,1112,1270,753,3135,270,25,67,67,4,55,11,0.6286375681403874,0.9717668488160294,183,336,0.39986751104630336,3526.0986534578087,8620.625063311281,12480.276354288977,3.5394007884749357,1.0,0.3598937583001328,0.5720164609053497,0.7779156327543424,cost_subsidy_end,1
124,1112,1274,760,3146,252,18,53,59,4,40,9,0.6267775960171162,0.9684684684684685,185,338,0.40123343419714314,3511.5269445646036,8620.625063311281,12480.276354288977,3.5540881648670974,1.0,0.3526315789473684,0.5664798777381559,0.7764067127344522,cost_subsidy_end,1
125,1114,1282,757,3153,240,22,61,64,5,53,9,0.6288765482886063,0.971326164874552,186,339,0.3993778579550097,3497.7248401692,8620.625063311281,12480.276354288977,3.5681126802659677,1.0,0.35006605019815057,0.5637651821862348,0.7710931768158474,cost_subsidy_end,1
126,1116,1282,761,3159,233,15,47,55,5,39,4,0.6309343022026452,0.9741532976827094,187,338,0.3976299826050057,3484.1299096583534,8620.625063311281,12480.276354288977,3.5820353080671343,1.0,0.33508541392904073,0.5673614641586172,0.7776957163958641,cost_subsidy_end,1
127,1101,1269,760,3130,257,17,54,54,5,83,10,0.628932458295377,0.9707446808510638,188,337,0.39914383467118913,3469.1639880009575,8620.625063311281,12480.276354288977,3.5974881549143802,1.0,0.3263157894736842,0.5603053435114503,0.7724580454096742,cost_subsidy_end,1
128,1107,1276,759,3142,240,19,58,58,4,43,6,0.631505756100686,0.9744268077601412,189,338,0.39687319506577234,3455.271539193166,8620.625063311281,12480.276354288977,3.611952407423013,1.0,0.3214756258234519,0.5633587786259542,0.7737010588524994,cost_subsidy_end,1
129,1115,1284,763,3162,217,23,56,61,5,34,6,0.6301528525696503,0.9720767888307156,191,340,0.3976839838181646,3442.594339438131,8620.625063311281,12480.276354288977,3.625253260692311,1.0,0.3237221494102228,0.5712090163934426,0.7840317381601786,cost_subsidy_end,1
130,1127,1285,775,3187,185,27,65,78,5,39,11,0.6287130885388876,0.9696180555555557,192,343,0.3986083465658737,3432.432242778399,8620.625063311281,12480.276354288977,3.6359862253789914,1.0,0.32903225806451614,0.5794344473007712,0.7931806869089099,cost_subsidy_end,1
131,1124,1289,768,3181,193,24,51,57,6,57,4,0.6306353822999169,0.9723661485319516,193,344,0.3969533070993414,3422.358514433693,8620.625063311281,12480.276354288977,3.6466887678931914,1.0,0.3268229166666667,0.5746421267893661,0.7875711809853925,cost_subsidy_end,1
132,1116,1281,762,3159,218,18,47,47,6,69,3,0.6323588412103498,0.974826388888889,192,344,0.39546686925297164,3410.9297208625567,8620.625063311281,12480.276354288977,3.6589075048819715,1.0,0.3228346456692913,0.5690973992860785,0.7773129921259843,cost_subsidy_end,1
133,1125,1288,767,3180,199,21,55,55,6,34,4,0.6277354230239476,0.9675213675213676,195,342,0.3987922694210021,3400.488630648313,8620.625063311281,12480.276354288977,3.6701420618805525,1.0,0.32073011734028684,0.5713560182833926,0.7801766437684003,cost_subsidy_end,1
134,1135,1302,775,3212,168,31,61,75,6,27,3,0.6333864210762266,0.9760683760683763,195,346,0.39440192982437183,3392.2825359651356,8620.625063311281,12480.276354288977,3.6790203121268683,1.0,0.33548387096774196,0.568922305764411,0.7788554801163918,cost_subsidy_end,1
135,1142,1305,771,3218,162,32,59,72,7,49,3,0.6288009370868058,0.9688552188552187,198,346,0.3976670420475211,3385.35172930582,8620.625063311281,12487.690059308776,3.6887422808115207,1.0,0.3463035019455253,0.571,0.7769193626267503,cost_subsidy_end,1
136,1140,1303,775,3218,163,21,49,55,8,46,4,0.6343513028968218,0.9772727272727273,198,349,0.39342900803833725,3377.8321922849655,8620.625063311281,12487.690059308776,3.696953948106393,1.0,0.34838709677419355,0.5697151424287856,0.7782345828295042,cost_subsidy_end,1
137,1145,1309,781,3235,151,42,76,98,8,58,2,0.6387495106012075,0.9839255499153975,197,348,0.39004139809130445,3371.8961873349995,8620.625063311281,12487.690059308776,3.7034621962007983,1.0,0.3713188220230474,0.5725,0.7831033648027113,cost_subsidy_end,1
138,1148,1313,780,3241,148,24,49,54,8,41,3,0.6362080977767296,0.9798994974874372,199,349,0.39184429375984237,3366.3614829285857,8620.625063311281,12487.690059308776,3.7095511348487262,1.0,0.38333333333333336,0.5702930948832589,0.7802118440057776,cost_subsidy_end,1
139,1147,1324,779,3250,143,35,61,74,9,51,4,0.6374212038609235,0.9816666666666666,200,352,0.3909315689554972,3361.2845188302044,8620.625063311281,12487.690059308776,3.715154129128809,1.0,0.4069319640564827,0.5732133933033483,0.7854035766070565,cost_subsidy_end,1
140,1154,1323,782,3259,138,33,67,77,9,55,2,0.6406843777864576,0.9865996649916247,199,353,0.38828433052594935,3356.8948010155277,8620.625063311281,12487.690059308776,3.720012332686446,1.0,0.42327365728900257,0.5781563126252505,0.790060606060606,cost_subsidy_end,1
141,1163,1334,791,3288,116,46,68,105,9,37,0,0.6407824645260509,0.9866666666666667,200,354,0.3882445049967858,3355.3385898000215,8620.625063311281,12487.690059308776,3.7217376801466235,1.0,0.4475347661188369,0.5783192441571358,0.7932448733413752,cost_subsidy_end,1
142,1156,1325,786,3267,140,21,58,58,11,77,6,0.6365021194278633,0.98,200,356,0.3914455371128172,3352.2711507772087,8620.625063311281,12487.690059308776,3.7251431932687074,1.0,0.44274809160305345,0.5745526838966203,0.7842054728756601,cost_subsidy_end,1
143,1158,1328,791,3277,138,23,65,67,10,54,1,0.6365468982268899,0.98,200,356,0.39142696902345087,3348.4125334804967,8620.625063311281,12487.690059308776,3.729435944479782,1.0,0.438685208596713,0.571287617168229,0.7826606161929782,cost_subsidy_end,1
144,1167,1336,793,3296,125,32,61,74,9,41,2,0.6278204059951105,0.9665032679738563,204,363,0.3979667209844738,3345.6083675662353,8622.741504195088,12487.690059308776,3.7325618205555102,1.0,0.4552332912988651,0.5723393820500245,0.7819691577698695,cost_subsidy_end,1
145,1167,1329,795,3291,137,28,56,69,10,60,2,0.6295474780495656,0.9691056910569107,205,359,0.3965929352841702,3342.689692981073,8622.741504195088,12487.690059308776,3.735820912581335,1.0,0.4628930817610063,0.5748768472906404,0.7850667938931297,cost_subsidy_end,1
146,1167,1329,795,3291,145,23,66,68,10,64,0,0.6249477062623974,0.9619741100323624,206,364,0.40002945501089066,3338.615870085867,8622.741504195088,12487.690059308776,3.7403794102816628,1.0,0.4528301886792453,0.5754437869822485,0.7861920688007644,cost_subsidy_end,1
147,1157,1331,795,3283,158,23,70,73,9,75,1,0.613073396449354,0.9436507936507937,210,362,0.4092019787632515,3332.3613768921746,8622.741504195088,12487.690059308776,3.7473997105785206,1.0,0.44150943396226416,0.5682711198428291,0.7814805998571769,cost_subsidy_end,1
148,1166,1341,805,3312,134,47,78,117,8,46,0,0.612934787830113,0.9433962264150944,212,371,0.4097189622147254,3328.746612008766,8622.741504195088,12524.765313025235,3.7626070028403387,1.0,0.4683229813664596,0.5758024691358025,0.7898879084187932,cost_subsidy_end,1
149,1177,1356,813,3346,106,47,72,104,9,37,2,0.6221535299371979,0.9575471698113207,212,376,0.40271497205958995,3328.3107356012697,8622.741504195088,12524.765313025235,3.7630997547957605,1.0,0.4698646986469865,0.5932459677419355,0.813715953307393,cost_subsidy_end,1
150,1192,1368,815,3375,84,58,73,122,11,40,0,0.6191773254739994,0.9529320987654322,216,376,0.4056379046756333,3328.3107356012697,8649.618236485941,12561.187023199307,3.7740427565366996,1.0,0.5104294478527608,0.6002014098690835,0.8215676728334956,cost_subsidy_end,1
151,1198,1375,819,3392,80,30,74,88,15,56,1,0.6163079397507347,0.9484848484848485,220,378,0.4086330194439214,3328.3107356012697,8682.644051570705,12582.076323230562,3.780319003465153,1.0,0.5018315018315018,0.6044399596367306,0.8271153377225067,cost_subsidy_end,1
152,1198,1370,821,3389,93,37,87,97,14,86,0,0.6260639459111845,0.9634703196347032,219,379,0.4011620996646694,3328.3107356012697,8682.644051570705,12582.076323230562,3.780319003465153,1.0,0.5054811205846529,0.6020100502512563,0.8247748844000974,cost_subsidy_end,1
153,1191,1364,817,3372,120,24,66,66,12,81,0,0.6344177492393273,0.9762996941896024,218,373,0.39478625253400035,3327.6706758444234,8682.644051570705,12582.076323230562,3.7810461277204834,1.0,0.4810281517747858,0.5957978989494748,0.8158722477619162,cost_subsidy_end,1
154,1188,1363,805,3356,143,24,61,61,10,74,0,0.6369175365268539,0.9801223241590213,218,371,0.3926766270892991,3325.486098148831,8682.644051570705,12582.076323230562,3.783529971824124,1.0,0.4919254658385093,0.5937031484257871,0.8112158569011361,cost_subsidy_end,1
155,1194,1366,804,3364,142,25,64,64,10,54,1,0.6355071994013485,0.9779299847792999,219,376,0.39359671132961827,3323.030432144588,8682.644051570705,12582.076323230562,3.78632593957632,1.0,0.49502487562189057,0.5958083832335329,0.8131496253323665,cost_subsidy_end,1
0,2154,1437,854,4445,268,25,44,44,27,62,0,2.7960043930780468e-05,0.03960832151777864,150,698,1.0037328281915856,5833.333333333333,9166.666666666666,12500.0,2.142857142857143,1.5,0.351288056206089,1.0,1.0,cost_subsidy_end,0
1,2159,1435,855,4449,282,34,75,75,21,68,0,3.409131232401352e-05,0.043229853876958366,149,695,1.003736551300128,5833.333333333333,9166.666666666666,12500.0,2.142857142857143,1.5,0.41403508771929826,1.0,1.0,cost_subsidy_end,0
2,2116,1416,833,4365,377,16,37,37,19,116,3,4.1611536313708096e-05,0.04721937569841358,147,678,1.0035094879895892,5829.424450157097,9166.666666666666,12500.0,2.1442940219704085,1.5,0.36014405762304924,1.0,1.0,cost_subsidy_end,0
3,2104,1406,835,4345,408,25,59,59,14,78,2,5.001009826737334e-05,0.050770334273556775,148,679,1.003068704448759,5822.564258281795,9166.666666666666,12500.0,2.146820446373,1.5,0.3592814371257485,1.0,1.0,cost_subsidy_end,0
4,2108,1399,838,4345,419,33,67,67,13,65,0,6.150383813574242e-05,0.055845018936989996,148,680,1.002597107951246,5814.767943427486,9166.666666666666,12500.0,2.1496988567065562,1.5,0.3809069212410502,1.0004746084480303,1.0002302025782688,cost_subsidy_end,0
5,2122,1410,835,4367,404,41,85,85,12,61,3,7.589239459983345e-05,0.06161685257560352,147,682,1.0021892258510778,5807.60375676301,9166.666666666666,12500.0,2.1523506980729583,1.5,0.4167664670658683,1.0,1.0,cost_subsidy_end,0
6,2123,1417,837,4377,399,34,76,76,12,62,3,9.060867285949066e-05,0.06576344917657259,148,677,1.001689764655908,5799.586871207226,9166.666666666666,12500.0,2.1553259357244587,1.5,0.42601126472094214,0.9934487599438465,0.994546693933197,cost_subsidy_end,0
7,2093,1402,829,4324,454,36,84,84,12,133,6,0.00011329190993644909,0.07348989344917717,146,671,1.000917530641526,5787.175852529781,9166.666666666666,12500.0,2.15994818863778,1.5,0.44149577804583834,0.9830906528886801,0.9854147675478578,cost_subsidy_end,0
8,2082,1385,817,4284,503,37,71,71,11,109,0,0.0001358775215305085,0.07875839551926406,144,661,0.9999657787514435,5772.2986820653305,9164.835758377425,12500.0,2.1655151073241927,1.5,0.4585883312933496,0.9961722488038277,0.9972067039106145,cost_subsidy_end,0
9,2096,1400,825,4321,471,36,88,88,10,50,4,0.00016550535456251372,0.08570283996370849,144,668,0.9990991188019909,5758.30595802523,9164.835758377425,12500.0,2.1707773242891015,1.5,0.46109090909090905,0.9985707479752263,0.996081143384048,cost_subsidy_end,0
10,2117,1415,830,4362,436,44,92,92,10,47,0,0.00019812430094990943,0.09163799319478436,144,669,0.998334787595023,5745.811745511751,9164.835758377425,12500.0,2.1754976587536436,1.5,0.4744797371303396,1.0095374344301382,1.0055325034578146,cost_subsidy_end,0
11,2114,1413,830,4357,447,34,73,73,11,75,2,0.00023537679260315998,0.09722653837387608,144,668,0.9974797249086124,5732.054034550138,9164.835758377425,12500.0,2.18071914965488,1.5,0.4759036144578313,1.0227382680212869,1.0222900046926326,cost_subsidy_end,0
12,2118,1415,839,4372,441,35,70,70,10,55,1,0.00028114949200351883,0.10370010783353562,144,665,0.9965808746816422,5717.875858972693,9164.835758377425,12500.0,2.1861265106664667,1.5,0.4827175208581645,1.0187590187590188,1.014620561615224,cost_subsidy_end,0
13,2103,1407,832,4342,473,23,52,52,10,78,4,0.0003284328681953243,0.1081573484691664,145,663,0.9955554815853622,5701.261211497235,9164.835758377425,12500.0,2.192497332834416,1.5,0.4735576923076923,1.0019056693663648,1.00462748727441,cost_subsidy_end,0
14,2109,1411,828,4348,467,33,69,69,9,60,6,0.00039042922813174757,0.11478267249969179,145,657,0.994546885945765,5685.093246833603,9164.835758377425,12500.0,2.198732625355276,1.5,0.4963768115942029,0.9906059182714889,0.9872842870118075,cost_subsidy_end,0
15,2115,1407,829,4351,460,34,64,64,10,56,9,0.0004575768973215179,0.12008561869565113,145,655,0.9935454519508141,5669.467959872981,9164.835758377425,12500.0,2.2047924229348763,1.5,0.5066344993968637,0.9873949579831933,0.9841664781723592,cost_subsidy_end,0
16,2121,1414,842,4377,436,34,77,77,10,50,7,0.000533468055958109,0.12497087701508727,146,663,0.992559222832652,5654.0794039818975,9164.835758377425,12500.0,2.210793147191539,1.5,0.5,0.9828544949026877,0.9827121688370004,cost_subsidy_end,0
17,2133,1421,835,4389,428,41,78,78,10,63,3,0.0006389463604740913,0.13360795126278974,145,657,0.991592657779677,5639.416077175966,9164.835758377425,12500.0,2.2165415406375883,1.5,0.5041916167664671,0.9916317991631799,0.9889589905362776,cost_subsidy_end,0
18,2138,1423,841,4402,411,34,71,71,10,54,10,0.000753535720954758,0.14065266591983264,145,658,0.9906482275672351,5625.364589498118,9164.835758377425,12500.0,2.2220781962001186,1.5,0.5005945303210464,0.998598785614199,0.9970554926387316,cost_subsidy_end,0
19,2138,1428,840,4406,405,30,63,63,10,55,8,0.0008824946717930178,0.1470473603440673,145,662,0.98969541556346,5611.14904840046,9164.835758377425,12500.0,2.227707710520238,1.5,0.49404761904761907,1.002344116268167,1.000227014755959,cost_subsidy_end,0
20,2137,1434,841,4412,393,34,71,71,10,61,12,0.0010389777965550463,0.15455918475309227,144,665,0.9887262795052858,5596.954530588029,9164.835758377425,12500.0,2.233357432454739,1.5,0.48989298454221164,1.0099243856332702,1.0109990834097158,cost_subsidy_end,0
21,2144,1430,851,4425,383,30,71,82,10,57,6,0.0012158743399902504,0.16150362919753672,144,662,0.9877308819815651,5583.196297923886,9164.835758377425,12500.0,2.2388609199802145,1.5,0.4770857814336075,1.0165955429113325,1.0151410874053681,cost_subsidy_end,0
22,2144,1433,851,4428,378,24,51,52,10,47,11,0.001418739740087941,0.16829995744794232,144,659,0.9867454895558873,5569.570667300021,9164.835758377425,12500.0,2.24433816297364,1.5,0.4535840188014101,1.0151515151515151,1.0146654445462877,cost_subsidy_end,0
23,2143,1430,845,4418,387,37,72,72,10,77,6,0.0015869692747117448,0.1681678673535999,143,661,0.9857383256573828,5555.471632426207,9164.835758377425,12500.0,2.250033989380835,1.5,0.4603550295857988,1.008470588235294,1.007295941632467,cost_subsidy_end,0
24,2156,1435,847,4438,363,38,76,84,10,51,9,0.0018186789968612403,0.17220836827475544,144,666,0.9848579369598237,5542.774698881863,9164.835758377425,12504.515938606848,2.256002925958612,1.5,0.4628099173553719,1.0141110065851364,1.0120866590649944,cost_subsidy_end,0
25,2192,1464,861,4517,283,55,115,132,10,35,10,0.002126417564065416,0.17998155217445325,144,669,0.9841725581810125,5534.152604905824,9164.835758377425,12508.553401360545,2.2602472852433033,1.5,0.4924506387921022,1.0242990654205608,1.0256584922797456,cost_subsidy_end,0
26,2175,1453,860,4488,316,28,61,65,12,88,6,0.002480828598500944,0.18777781154186401,144,660,0.9832005445979306,5523.044002468307,9164.835758377425,12508.553401360545,2.2647933631834802,1.5,0.4872093023255814,1.0135135135135136,1.0144665461121158,cost_subsidy_end,0
27,2182,1458,860,4500,304,38,79,82,11,66,10,0.0029000684356025415,0.1964003455008892,144,661,0.9822860311705036,5512.641115705874,9164.835758377425,12512.625953630755,2.269806013306665,1.5,0.49186046511627907,1.0234521575984992,1.0224948875255624,cost_subsidy_end,0
28,2187,1459,858,4504,299,34,67,70,11,60,9,0.0033891141108289106,0.20547501101554713,144,657,0.9812191804066684,5502.618131859136,9164.835758377425,12512.625953630755,2.273940450489373,1.5,0.493006993006993,1.0248359887535146,1.0238690611502614,cost_subsidy_end,0
29,2160,1444,858,4462,346,35,82,82,11,123,5,0.0039733649207668986,0.21580358872289762,143,650,0.9799182058575718,5489.031256133312,9164.835758377425,12512.625953630755,2.2795690841893905,1.5,0.486013986013986,1.0232117479867362,1.023394495412844,cost_subsidy_end,0
30,2182,1464,861,4507,302,52,97,105,10,52,9,0.004548744269918387,0.2214859483040484,145,660,0.9787362772180535,5478.008927239948,9164.835758377425,12512.625953630755,2.284155816433681,1.5,0.5052264808362369,1.0331439393939394,1.031350114416476,cost_subsidy_end,0
31,2201,1469,873,4543,265,51,69,97,11,32,11,0.005277212188350453,0.2305586016321505,145,662,0.9776106053041095,5470.685647448419,9164.835758377425,12512.625953630755,2.287213479258631,1.5,0.5223367697594502,1.0256290773532153,1.0252764612954186,cost_subsidy_end,0
32,2183,1467,869,4519,291,30,72,72,12,94,8,0.0060843464308138655,0.23873879596839717,145,661,0.9763439495674144,5460.98116537203,9164.835758377425,12512.625953630755,2.291277991027155,1.5,0.520138089758343,1.0129930394431554,1.0157338727804002,cost_subsidy_end,0
33,2196,1472,873,4541,270,46,78,95,11,51,5,0.006978414997345983,0.2461798061599165,146,661,0.9750236302388099,5453.027850003395,9164.835758377425,12512.625953630755,2.29461985117552,1.5,0.5360824742268041,1.018552875695733,1.0222872579918956,cost_subsidy_end,0
34,2197,1467,872,4536,281,43,66,85,12,68,3,0.008106742868325724,0.25741161485541697,146,658,0.9734938353747152,5445.394053808993,9164.835758377425,12512.625953630755,2.2978366358773084,1.5,0.5584862385321101,1.0166589541878759,1.0177249270809963,cost_subsidy_end,0
35,2206,1475,871,4552,270,45,81,92,12,61,3,0.009332753655357186,0.2670687625275297,147,654,0.9719411686537701,5438.567981749655,9164.835758377425,12512.625953630755,2.300720703615309,1.5,0.5683122847301951,1.0255695025569502,1.0256872465074358,cost_subsidy_end,0
36,2175,1447,863,4485,347,27,54,54,12,120,1,0.010862435215553488,0.280519700286537,147,643,0.9698348305153487,5427.264722123611,9164.835758377425,12512.625953630755,2.3055123702782536,1.5,0.5608342989571263,1.006478482184174,1.0038048343777977,cost_subsidy_end,0
37,2178,1452,859,4489,347,25,56,56,11,49,4,0.012555922848021147,0.2930516007205154,147,643,0.9675652422440738,5415.640801949526,9164.835758377425,12512.625953630755,2.310460832100691,1.5,0.5285215366705471,1.0083333333333333,1.0065022421524663,cost_subsidy_end,0
38,2177,1451,867,4495,348,24,64,64,11,57,3,0.014508607736942647,0.3065210715754268,147,640,0.9650519082240888,5403.17026174881,9164.835758377425,12512.625953630755,2.3157933856374298,1.5,0.5190311418685121,1.004614674665436,1.0024531668153434,cost_subsidy_end,0
39,2162,1444,862,4468,380,28,61,61,11,86,4,0.016461448680880775,0.3153279228608868,146,631,0.9623896916676725,5388.444567936966,9164.835758377425,12512.625953630755,2.3221220513402017,1.5,0.5104408352668214,0.9935661764705882,0.9942145082331998,cost_subsidy_end,0
40,2171,1450,864,4485,360,31,66,70,10,45,9,0.018857799134217708,0.3280975415290843,146,630,0.9593406827211272,5374.636004906527,9164.835758377425,12512.625953630755,2.3280880681422755,1.5,0.5057870370370371,0.9904197080291971,0.9924762115512281,cost_subsidy_end,0
41,2177,1446,861,4484,362,31,65,65,11,62,6,0.021638477772510486,0.3425678534175021,146,628,0.9558782130010517,5361.040579804659,9164.835758377425,12512.625953630755,2.3339920240049143,1.5,0.502903600464576,0.9922515952597994,0.9898454746136865,cost_subsidy_end,0
42,2171,1454,863,4488,359,28,77,79,11,71,8,0.02442450489286287,0.3525095420221955,145,626,0.9525310458629995,5346.559141110427,9164.835758377425,12512.625953630755,2.3403137650567554,1.5,0.473928157589803,0.9783686345200541,0.9777777777777777,cost_subsidy_end,0
43,2186,1454,866,4506,337,35,62,66,10,43,13,0.027748378330667473,0.36580173014033834,145,627,0.9486206399769987,5333.995581211748,9164.835758377425,12512.625953630755,2.3458260816159515,1.5,0.45381062355658197,0.9855725879170424,0.9853487863546906,cost_subsidy_end,0
44,2138,1426,845,4409,435,38,83,83,11,179,9,0.03125409663721025,0.3770765809387734,143,609,0.9443274925368741,5316.167350170954,9164.835758377425,12512.625953630755,2.3536930140523853,1.5,0.47455621301775147,0.960035922766053,0.9591037633239069,cost_subsidy_end,0
45,2142,1434,854,4430,418,29,71,71,9,50,5,0.034984747415544026,0.38705581777200515,144,604,0.9399088606145342,5298.460912303452,9164.835758377425,12512.625953630755,2.3615586036645912,1.5,0.4496487119437939,0.9498891352549889,0.9543300301594141,cost_subsidy_end,0
46,2145,1430,846,4421,427,37,64,64,9,72,8,0.03918223656678388,0.39830281849047905,145,599,0.9348834056019227,5281.039927320586,9164.835758377425,12512.625953630755,2.3693488642073612,1.5,0.44680851063829785,0.949955713020372,0.9495274914089347,cost_subsidy_end,0
47,2119,1421,847,4387,463,33,81,81,9,114,6,0.0441903199494474,0.4135522848800261,145,586,0.9291879727624615,5260.587709073229,9164.835758377425,12512.625953630755,2.3785604661717796,1.5,0.43211334120425027,0.9367816091954023,0.9402057436776683,cost_subsidy_end,0
48,2135,1433,850,4418,428,39,87,87,8,52,8,0.049849316525847905,0.43030737821139325,145,582,0.9228338509372064,5241.888045407578,9164.835758377425,12512.625953630755,2.3870456303608156,1.5,0.4447058823529412,0.941358024691358,0.9438154240546892,cost_subsidy_end,0
49,2143,1440,856,4439,407,30,68,68,9,46,8,0.05627674403020859,0.4489371967789539,145,585,0.9158689345413694,5223.999789939427,9164.835758377425,12512.625953630755,2.395219459565836,1.5,0.44742990654205606,0.9461368653421633,0.9497218656397091,cost_subsidy_end,0
50,2127,1437,851,4415,425,40,96,96,9,118,13,0.06283757491004423,0.46410431558860865,144,570,0.908752990401364,5204.863147396822,9164.835758377425,12512.625953630755,2.4040259271540814,1.5,0.4688601645123384,0.9386584289496911,0.9435776875400727,cost_subsidy_end,0
51,2131,1438,859,4428,408,25,58,59,9,45,13,0.07089705008932626,0.4856784445654998,144,561,0.9002727053513868,5186.563114209523,9164.835758377425,12512.625953630755,2.4125081827983865,1.5,0.4610011641443539,0.9616425992779783,0.9676573426573427,cost_subsidy_end,0
52,2159,1464,869,4492,342,57,106,129,9,40,9,0.07951569211599606,0.5061374008892042,144,562,0.8914888003162769,5172.026624392826,9164.835758377425,12512.625953630755,2.4192887744655964,1.5,0.4856156501726122,0.9795825771324864,0.987035816304109,cost_subsidy_end,0
53,2173,1468,877,4518,315,57,76,105,10,48,9,0.08862438733930218,0.5250798983454587,144,554,0.882347529110716,5160.519802869902,9164.835758377425,12512.625953630755,2.424683255100029,1.5,0.5108323831242874,0.9841485507246377,0.9905722429291822,cost_subsidy_end,0
54,2185,1486,887,4558,277,69,93,132,11,49,5,0.09838520505106775,0.5435245395197036,144,550,0.8729145029672091,5152.131338105042,9164.835758377425,12512.625953630755,2.4286310135550444,1.5,0.5512965050732808,0.9824640287769785,0.9913005654632449,cost_subsidy_end,0
55,2167,1484,885,4536,303,38,59,81,13,77,5,0.10725355451490495,0.5534614863751818,146,548,0.8650210034339246,5142.612282079383,9164.835758377425,12512.625953630755,2.4331264476682177,1.5,0.5559322033898305,0.9739325842696629,0.9895287958115183,cost_subsidy_end,0
56,2153,1484,884,4521,315,30,79,80,13,90,12,0.11819690544329749,0.5707633318361235,145,542,0.855269949653514,5131.5519998596765,9164.835758377425,12512.625953630755,2.4383706827823075,1.5,0.5475113122171946,0.9750905797101449,0.990578439964943,cost_subsidy_end,0
57,2159,1494,886,4539,298,35,78,83,12,57,8,0.1309860629670758,0.5930155724064708,144,537,0.8439500140769036,5120.9589059470645,9164.835758377425,12512.625953630755,2.4434146384380493,1.5,0.5530474040632054,0.9795825771324864,0.996268656716418,cost_subsidy_end,0
58,2165,1523,907,4595,246,82,103,176,13,46,8,0.14353421568412056,0.6104388479285048,144,542,0.8335849508082567,5115.317567558763,9164.835758377425,12512.625953630755,2.446109315477414,1.5,0.5898566703417861,0.9669495310406432,0.994804070145053,cost_subsidy_end,0
59,2175,1541,921,4637,215,67,84,132,16,41,4,0.1566792285728535,0.6272535866910856,144,539,0.8228128831747878,5112.77061027617,9164.835758377425,12512.625953630755,2.447327859474391,1.5,0.6178067318132465,1.015406162464986,1.0500452898550725,cost_subsidy_end,0
60,2159,1547,911,4617,244,31,59,72,18,73,3,0.17053906316583184,0.6440925558155881,144,535,0.8114153763600572,5108.1276849183005,9164.835758377425,12512.625953630755,2.449552306723688,1.5,0.6158068057080132,1.0136150234741783,1.0500341141687515,cost_subsidy_end,0
61,2137,1551,919,4607,261,30,75,84,16,84,8,0.18295653276826718,0.6533731151387756,146,528,0.8015304871668245,5100.761585863068,9164.835758377425,12512.625953630755,2.4530897480701546,1.5,0.6104461371055495,0.9944160074453234,1.0408947130591957,cost_subsidy_end,0
62,2139,1581,926,4646,233,72,91,147,14,49,0,0.1966406503445923,0.6656054513567659,147,530,0.7911006342943818,5096.209408926887,9164.835758377425,12528.13836680005,2.458324876692638,1.5,0.6403887688984882,1.000467726847521,1.0520833333333333,cost_subsidy_end,0
63,2133,1592,945,4670,218,71,115,167,15,90,5,0.2106151626245875,0.6773961189672223,147,521,0.7803754455702567,5092.9665636373265,9164.835758377425,12528.13836680005,2.4598901662241874,1.5,0.6761904761904762,0.9976613657623947,1.058476881233001,cost_subsidy_end,0
64,2119,1606,951,4676,227,44,73,102,16,67,1,0.2250366402996517,0.689482141562392,148,515,0.7694106631203871,5088.796629393325,9164.835758377425,12529.429384213243,2.4621595824525953,1.5,0.658254468980021,0.9832946635730858,1.0491361902625085,cost_subsidy_end,0
65,2085,1606,950,4641,274,23,56,63,15,89,1,0.24111808494954268,0.7055686648631887,148,511,0.7570156683959887,5079.884755499914,9164.835758377425,12529.429384213243,2.4664790614881213,1.5,0.6231578947368421,0.9630484988452656,1.0366316729953093,cost_subsidy_end,0
66,2075,1621,958,4654,269,45,74,112,12,57,0,0.2572741967430159,0.7208932153575676,148,510,0.7447476244080704,5071.247649993337,9164.835758377425,12529.429384213243,2.470679850200119,1.5,0.592901878914405,0.9566620562471185,1.0411633109619687,cost_subsidy_end,0
67,2048,1630,962,4640,288,37,70,104,12,78,1,0.2736220399436021,0.7360470955229396,148,507,0.7307813258305385,5060.462014460104,9164.835758377425,12529.429384213243,2.4759457433749743,1.5,0.5893970893970893,0.9411764705882353,1.0345596432552955,cost_subsidy_end,0
68,1977,1595,945,4517,416,20,66,66,11,187,4,0.28503546902490906,0.7379457482401992,149,495,0.7206499342863549,5041.361526480707,9164.835758377425,12529.429384213243,2.485326497296423,1.5,0.5894179894179894,0.8986363636363637,0.9973504084786928,cost_subsidy_end,0
69,1959,1609,957,4525,413,23,83,83,8,73,1,0.30287991626395333,0.756525892137668,147,493,0.7050872638659353,5019.76612007809,9164.835758377425,12529.429384213243,2.496018556342288,1.5,0.5694879832810867,0.8912647861692448,0.9969156201806565,cost_subsidy_end,0
70,1945,1635,976,4556,386,42,97,138,8,65,3,0.31693900255008534,0.7655442703397375,148,491,0.692863655001116,4998.282985451793,9164.835758377425,12529.429384213243,2.50674670095349,1.5,0.5174180327868853,0.8792947558770343,0.9978098992553658,cost_subsidy_end,0
71,1917,1638,977,4532,415,29,74,86,8,95,0,0.3296123010807434,0.7716191955825372,147,487,0.6815958821172666,4973.889820611596,9164.835758377425,12529.429384213243,2.519040396168769,1.5,0.4779938587512794,0.8619604316546763,0.9886561954624782,cost_subsidy_end,0
72,1915,1648,988,4551,390,55,92,130,7,71,11,0.3380858770584138,0.7686723723489584,149,488,0.6738636715231286,4951.7069193726,9164.835758377425,12529.429384213243,2.5303253177594702,1.5,0.49696356275303644,0.8599012123933543,0.9891327972179961,cost_subsidy_end,0
73,1894,1669,994,4557,380,50,83,127,7,74,8,0.35154435192277167,0.7777903425323075,149,489,0.6621847609153649,4930.3221710042535,9164.835758377425,12529.429384213243,2.541300334874695,1.5,0.5140845070422535,0.856625961103573,0.9986850756081526,cost_subsidy_end,0
74,1902,1699,1018,4619,324,89,109,192,8,46,1,0.3661712819950364,0.7898272958043145,150,492,0.6496294749213481,4914.351828864003,9164.835758377425,12529.429384213243,2.5495588880354,1.5,0.518664047151277,0.8548314606741573,1.0050043516100957,cost_subsidy_end,0
75,1882,1717,1015,4614,329,49,69,109,9,70,5,0.3821198728746895,0.8049245405253612,150,493,0.6359828785371211,4898.874753614266,9164.835758377425,12529.429384213243,2.5576137407818695,1.5,0.49852216748768474,0.8424350940017905,1.0006506180871828,cost_subsidy_end,0
76,1864,1724,1023,4611,337,21,68,76,9,69,2,0.39738647186022297,0.8187775402307993,149,489,0.6228575861571323,4881.060663601123,9164.835758377425,12529.429384213243,2.5669480975000516,1.5,0.47214076246334313,0.8370004490345757,1.0028273162244454,cost_subsidy_end,0
77,1852,1739,1035,4626,324,51,80,124,9,63,5,0.41266773093824743,0.8328958943405506,148,488,0.6097884625381287,4864.246127418056,9164.835758377425,12529.429384213243,2.5758214235067642,1.5,0.49371980676328503,0.8253119429590018,0.9993519118600129,cost_subsidy_end,0
78,1845,1762,1048,4655,298,61,82,140,10,52,6,0.4247350935261195,0.8408910884029622,149,486,0.5995203766448387,4850.07824378864,9164.835758377425,12529.429384213243,2.5833458254532973,1.5,0.5028625954198473,0.8236607142857143,1.006051437216339,cost_subsidy_end,0
79,1835,1767,1050,4652,307,35,87,98,12,89,5,0.43381694400032217,0.8435505940605434,148,482,0.5916001048424959,4834.721926958867,9164.835758377425,12529.429384213243,2.591551194360933,1.5,0.5,0.825089928057554,1.013949433304272,cost_subsidy_end,0
80,1815,1771,1048,4634,319,23,60,72,11,74,13,0.4420520810912245,0.84522810597267,147,479,0.5844291257645022,4817.925006449742,9164.835758377425,12529.429384213243,2.600586220715377,1.5,0.5038167938931297,0.8168316831683168,1.011348756001746,cost_subsidy_end,0
81,1789,1768,1048,4605,349,26,95,98,11,121,7,0.44293014405344733,0.8336986596987759,147,478,0.583411207479182,4797.873604809241,9164.835758377425,12529.429384213243,2.6114546601757342,1.5,0.5066793893129771,0.8062190175754844,1.006117544242954,cost_subsidy_end,0
82,1771,1766,1045,4582,374,26,66,73,10,87,6,0.44915259574624183,0.8330796651554692,148,471,0.5777735577253473,4775.885968897211,9164.835758377425,12529.429384213243,2.623477500470219,1.5,0.49282296650717705,0.7963129496402878,0.9995636998254799,cost_subsidy_end,0
83,1774,1781,1057,4612,342,55,99,140,11,67,11,0.4568834318720017,0.835858865570632,150,479,0.5712738881963688,4756.488871746938,9172.23555277414,12539.931819818174,2.6363841392132965,1.5,0.5118259224219489,0.7937360178970917,1.0017376194613379,cost_subsidy_end,0
84,1758,1791,1066,4615,343,48,95,127,12,90,6,0.46796315479211503,0.8452082204859602,149,475,0.561767118252827,4736.688656767262,9172.23555277414,12539.931819818174,2.6474047015740614,1.5,0.50093808630394,0.7904676258992805,1.0061042075430564,cost_subsidy_end,0
85,1742,1787,1062,4591,367,28,66,81,11,85,6,0.4767858389866698,0.8508739736782442,151,472,0.5539748195908274,4715.448062447497,9172.23555277414,12539.931819818174,2.659329856622251,1.5,0.4821092278719397,0.7846846846846847,1.0043754101947058,cost_subsidy_end,0
86,1749,1814,1078,4641,320,66,112,165,11,59,5,0.49116644955939015,0.8667693737723593,149,474,0.5416993363834373,4697.844330773092,9172.23555277414,12539.931819818174,2.669294880138049,1.5,0.4536178107606679,0.7889039242219216,1.0142045454545454,cost_subsidy_end,0
87,1756,1818,1086,4660,308,48,90,119,13,69,4,0.4988976116448578,0.8712484010248973,150,475,0.534868328494669,4681.680831471189,9172.23555277414,12539.931819818174,2.678510618562944,1.5,0.44935543278084716,0.7849798837729102,1.0090948462537894,cost_subsidy_end,0
88,1754,1843,1104,4701,275,68,98,165,14,56,5,0.5092184616396701,0.8806316960321091,150,472,0.5264775509564033,4668.681033637523,9172.23555277414,12560.286491757588,2.6903286819685466,1.5,0.4846014492753623,0.788314606741573,1.022845953002611,cost_subsidy_end,0
89,1764,1860,1103,4727,252,53,83,119,15,50,5,0.5183012609444871,0.8882157291093095,151,471,0.5186330483029157,4658.3793362624065,9172.23555277414,12560.286491757588,2.69627816566677,1.5,0.48685403445149594,0.7903225806451613,1.0260473192967223,cost_subsidy_end,0
90,1758,1878,1117,4753,229,58,88,148,16,58,9,0.5298615705484181,0.9003570094625104,151,472,0.5090138527817665,4650.376780324545,9172.23555277414,12560.286491757588,2.7009180298894018,1.5,0.4780662488809311,0.8031064412973961,1.0499226861055886,cost_subsidy_end,0
91,1740,1864,1104,4708,281,32,83,83,16,123,4,0.5426253504614597,0.9147940944203968,149,466,0.49810875750941863,4639.054731298035,9172.23555277414,12560.286491757588,2.7075098741598906,1.5,0.48097826086956524,0.8089260808926081,1.0563159075611397,cost_subsidy_end,0
92,1745,1876,1109,4730,264,25,83,83,15,57,6,0.5481289156502986,0.9173125063441455,150,470,0.49331751667494694,4627.431655984225,9172.23555277414,12560.286491757588,2.7143105345520433,1.5,0.4806131650135257,0.8112505811250581,1.061966771441401,cost_subsidy_end,0
93,1733,1876,1115,4724,273,29,72,87,14,75,8,0.5532285574586941,0.9195539773039497,149,466,0.4889464590790162,4614.453624829405,9172.23555277414,12560.286491757588,2.7219444625412046,1.5,0.48071748878923765,0.794954128440367,1.050711743772242,cost_subsidy_end,0
94,1747,1899,1125,4771,233,68,92,153,13,41,2,0.5540380384589793,0.9150902841219234,150,473,0.48825400447322403,4605.966576150371,9172.23555277414,12568.660016085425,2.7287779466672135,1.5,0.5137777777777778,0.8080481036077706,1.0709315375982043,cost_subsidy_end,0
95,1738,1895,1124,4757,248,23,65,75,14,72,6,0.5627701133036056,0.9240774286553624,150,466,0.4808167203329207,4596.038882299053,9172.23555277414,12568.660016085425,2.734672255383155,1.5,0.48576512455516013,0.8072457036692986,1.0685085354896675,cost_subsidy_end,0
96,1718,1883,1120,4721,288,30,87,88,12,119,4,0.5661604093909537,0.9246111910662156,149,462,0.4778434066971605,4583.012922853743,9172.23555277414,12568.660016085425,2.7424448125403047,1.5,0.4714285714285714,0.7994416007445323,1.0635278215814372,cost_subsidy_end,0
97,1715,1877,1116,4708,302,24,70,75,12,77,5,0.5696975631610829,0.9257297592988779,149,461,0.474708013107043,4568.986195270126,9172.23555277414,12577.309416526601,2.7527571498348573,1.5,0.46953405017921146,0.804031879981247,1.0673316708229426,cost_subsidy_end,0
98,1707,1884,1122,4713,306,23,76,84,12,70,2,0.5702226803478919,0.922298460058716,151,462,0.4741296754329062,4553.114261162789,9172.23555277414,12577.309416526601,2.762353126915503,1.5,0.428698752228164,0.8074739829706717,1.0812112869924295,cost_subsidy_end,0
99,1702,1880,1119,4701,319,23,67,68,12,76,8,0.5712413426279151,0.9200048739249558,152,461,0.47298931812193545,4536.346302824563,9172.23555277414,12577.309416526601,2.772563772015227,1.5,0.4075067024128686,0.7986860628812764,1.0681663258350376,cost_subsidy_end,0
100,1706,1894,1120,4720,302,37,77,97,11,52,3,0.5806721933709358,0.9315180318196926,152,463,0.4648701152736852,4520.3787253004775,9172.23555277414,12577.309416526601,2.782357448532272,1.5,0.3794642857142857,0.797196261682243,1.0695671878540676,cost_subsidy_end,0
101,1702,1891,1122,4715,312,28,65,76,11,68,4,0.5847639577246071,0.9346889379298036,153,462,0.4612077631047601,4503.921756660931,9172.23555277414,12577.309416526601,2.792523959352933,1.5,0.35650623885918004,0.7931034482758621,1.0631341600901916,cost_subsidy_end,0
102,1701,1907,1133,4741,290,57,94,143,11,65,4,0.5815067010705606,0.926391876365118,155,468,0.46405349841012855,4489.620784557455,9172.23555277414,12596.558361388257,2.8057065319894066,1.5,0.35216240070609,0.856064418721691,1.155214424951267,cost_subsidy_end,0
103,1633,1824,1090,4547,484,36,99,99,12,290,9,0.5937696279488467,0.9430394710357746,153,449,0.4534331639521615,4467.4006603728485,9172.23555277414,12596.558361388257,2.819661659882763,1.5,0.3697247706422018,0.8206030150753769,1.1044449842118047,cost_subsidy_end,0
104,1641,1832,1090,4563,470,30,81,81,10,61,4,0.601641592800795,0.9528653696526266,152,445,0.44647707808087034,4445.6346782080245,9172.23555277414,12596.558361388257,2.8334668215395875,1.5,0.3743119266055046,0.8205,1.1029731689630167,cost_subsidy_end,0
105,1658,1852,1103,4613,417,32,99,99,10,46,10,0.6004945989985396,0.9486073778389561,154,449,0.4471236955591244,4425.868873899401,9172.23555277414,12596.558361388257,2.846121003646023,1.5,0.37262012692656393,0.8331658291457287,1.1204760748117562,cost_subsidy_end,0
106,1651,1853,1109,4613,415,31,93,93,10,91,10,0.6025239043864885,0.9495758959684161,152,447,0.4452166652577599,4405.414482412006,9172.23555277414,12596.558361388257,2.859335577090018,1.5,0.33724075743913434,0.8275689223057644,1.1202039825157843,cost_subsidy_end,0
107,1647,1860,1107,4614,417,27,84,84,10,81,5,0.5976412673095003,0.9398555743372168,154,448,0.44898836197142944,4384.158357534368,9172.23555277414,12596.558361388257,2.8731987611123855,1.5,0.34146341463414637,0.8301411290322581,1.1242690058479532,cost_subsidy_end,0
108,1649,1864,1102,4615,412,26,71,71,11,63,8,0.6054017828577692,0.9501884938095025,153,448,0.4421687881723741,4362.953302033723,9172.23555277414,12596.558361388257,2.8871632331055586,1.5,0.3393829401088929,0.8253253253253253,1.1182456990550036,cost_subsidy_end,0
109,1651,1864,1110,4625,400,32,87,88,11,73,9,0.6077332949881261,0.9521353217717785,154,453,0.4399317701118107,4341.889268136622,9172.23555277414,12596.558361388257,2.9011698787044913,1.5,0.3441441441441441,0.8363728470111449,1.1299780112387001,cost_subsidy_end,0
110,1651,1873,1112,4636,382,28,86,96,10,67,9,0.6106469539369812,0.9551322981904553,155,447,0.43724281444432234,4320.837814985129,9172.23555277414,12596.558361388257,2.915304600811917,1.5,0.34802158273381295,0.8288152610441767,1.123606398448861,cost_subsidy_end,0
111,1652,1885,1121,4658,360,32,89,107,10,64,7,0.6138372236914579,0.9586869627251713,156,449,0.43438500058924356,4299.90747854403,9172.23555277414,12596.558361388257,2.9294952098954266,1.5,0.35325602140945583,0.8537467700258398,1.1630461922596753,cost_subsidy_end,0
112,1667,1900,1127,4694,327,56,100,131,10,61,4,0.6200194782998851,0.9670225775384519,155,454,0.4289704121223625,4281.8495922725515,9173.20105125338,12596.558361388257,2.9418497987694967,1.5,0.3682342502218279,0.8655244029075805,1.1758517034068137,cost_subsidy_end,0
113,1654,1880,1118,4652,370,24,68,68,11,107,7,0.6254088457419985,0.9742167724518086,153,445,0.4241883241930844,4262.116223380837,9173.20105125338,12596.558361388257,2.955470405121025,1.5,0.3676207513416816,0.8508230452674898,1.1615480649188514,cost_subsidy_end,0
114,1663,1898,1126,4687,334,42,109,118,11,73,11,0.6287350584212889,0.9782902837867111,151,445,0.421219193734687,4243.878728572512,9173.20105125338,12596.558361388257,2.9681711394296335,1.5,0.35168738898756663,0.8502044989775052,1.1561420818944252,cost_subsidy_end,0
115,1657,1904,1126,4687,328,33,65,84,11,58,10,0.6322235754826873,0.9827052948242386,151,446,0.4181689488051004,4226.149127180454,9173.20105125338,12596.558361388257,2.9806232535367867,1.5,0.34902309058614567,0.838987341772152,1.1459657701711492,cost_subsidy_end,0
116,1665,1907,1141,4713,308,46,86,118,11,59,4,0.6264167347297083,0.9727668845315904,153,448,0.4227501197237183,4210.067055387818,9173.20105125338,12596.558361388257,2.992008962248679,1.5,0.3584574934268186,0.842185128983308,1.1509157509157508,cost_subsidy_end,0
117,1689,1924,1142,4755,264,68,113,147,11,65,7,0.6289558403868508,0.975877192982456,152,450,0.4203255434737293,4198.452185293384,9173.20105125338,12596.558361388257,3.0002862496594136,1.5,0.38966725043782835,0.8453453453453453,1.1491058482358627,cost_subsidy_end,0
118,1654,1901,1122,4677,338,13,43,43,13,113,9,0.6308583610131786,0.9780701754385966,152,447,0.4186381165403452,4182.743924230165,9173.20105125338,12596.558361388257,3.0115538004652427,1.5,0.3805704099821747,0.8224763799104923,1.1215827338129496,cost_subsidy_end,0
119,1650,1890,1123,4663,350,25,75,75,12,84,9,0.6243647856629136,0.9673202614379085,153,444,0.42372700006610525,4166.397078077307,9173.20105125338,12596.558361388257,3.02336962256158,1.5,0.3784505788067676,0.8136094674556213,1.1155502392344498,cost_subsidy_end,0
120,1657,1896,1127,4680,322,28,84,91,11,58,13,0.6235042102994043,0.9653679653679655,154,448,0.4241850696287287,4151.038010605621,9173.20105125338,12596.558361388257,3.034556255376343,1.5,0.37888198757763975,0.819080573405833,1.1209580838323354,cost_subsidy_end,0
121,1660,1891,1122,4673,329,30,77,77,11,82,9,0.619147699626927,0.9580645161290322,155,448,0.42743238684303375,4135.874014607694,9173.20105125338,12596.558361388257,3.0456823193593086,1.5,0.3787878787878788,0.8258706467661692,1.1235874008175042,cost_subsidy_end,0
122,1651,1887,1125,4663,344,15,56,58,11,65,5,0.6203401400538608,0.9594017094017095,156,445,0.42630209520347334,4119.284237151338,9173.20105125338,12596.558361388257,3.0579483318440097,1.5,0.3662222222222222,0.8246753246753247,1.1252413127413128,cost_subsidy_end,0
123,1652,1897,1120,4669,333,29,83,87,10,70,8,0.6206385391751519,0.9594017094017093,156,452,0.42581015507000175,4102.68988479761,9173.20105125338,12596.558361388257,3.070316966452769,1.5,0.3651785714285714,0.8222996515679443,1.1231657445273033,cost_subsidy_end,0
124,1649,1889,1122,4660,342,29,75,83,9,82,7,0.6217802071533002,0.9607467286200181,157,451,0.4246198673013475,4085.675175986038,9173.20105125338,12596.558361388257,3.0831032372386775,1.5,0.3404634581105169,0.8452075858534085,1.1571889744226471,cost_subsidy_end,0
125,1653,1895,1125,4673,326,24,68,69,9,53,10,0.6278690769393205,0.969770083184774,157,447,0.4193964491126671,4069.2328752778035,9173.20105125338,12596.558361388257,3.095560944156655,1.5,0.33955555555555555,0.8555900621118012,1.1720591923752195,cost_subsidy_end,0
126,1668,1912,1138,4718,280,69,123,166,8,75,6,0.6284391820117445,0.9703008687474066,157,457,0.41875701625136824,4056.3542861779256,9173.20105125338,12596.558361388257,3.1053890939238658,1.5,0.359402460456942,0.8602372356884992,1.1768520828136693,cost_subsidy_end,0
127,1666,1905,1134,4705,291,27,77,82,9,85,6,0.6329248783766959,0.9769069014624271,155,452,0.4148465712787596,4043.1300300802477,9173.20105125338,12596.558361388257,3.1155461901229633,1.5,0.35537918871252205,0.8552361396303901,1.169816011934361,cost_subsidy_end,0
128,1668,1911,1139,4718,280,24,60,69,9,45,5,0.6362489204155891,0.9817456111398462,155,452,0.41198892302032314,4030.2451475203206,9173.20105125338,12596.558361388257,3.1255067372610106,1.5,0.334503950834065,0.8549461814454126,1.169268897149938,cost_subsidy_end,0
129,1667,1920,1136,4723,274,42,88,106,9,82,9,0.6267301132113555,0.9667968548101868,158,456,0.41962618872398755,4018.366749373755,9173.20105125338,12596.558361388257,3.1347458176512575,1.5,0.3125,0.8466226510919248,1.1627277203348105,cost_subsidy_end,0
130,1669,1913,1142,4724,278,32,88,93,10,84,2,0.626541794850421,0.9662694286498494,158,453,0.41957698541040733,4006.0181264515536,9173.20105125338,12596.558361388257,3.144408728011928,1.5,0.3274956217162872,0.8476383951244286,1.1621156211562116,cost_subsidy_end,0
131,1664,1898,1130,4692,307,22,62,62,9,90,8,0.6303286644670278,0.9718932254353047,157,451,0.41617420556350043,3993.104124573481,9173.20105125338,12596.558361388257,3.1545779845482356,1.5,0.32831858407079645,0.8533333333333334,1.1668739119621985,cost_subsidy_end,0
132,1655,1898,1125,4678,321,20,69,69,9,80,6,0.6262656849065458,0.9654333525786762,159,451,0.4193436483002561,3979.046266212945,9173.20105125338,12596.558361388257,3.165723019696633,1.5,0.32266666666666666,0.8552971576227391,1.1668745323023197,cost_subsidy_end,0
133,1663,1903,1129,4695,299,36,103,103,8,80,7,0.6269430405578023,0.9663000775652397,159,451,0.41855573030939025,3965.7678070464754,9173.20105125338,12596.558361388257,3.176322713348567,1.5,0.32683790965456155,0.8638961038961039,1.178168130489335,cost_subsidy_end,0
134,1673,1908,1136,4717,273,35,90,107,9,65,10,0.6324892594414113,0.9746858218000404,159,454,0.41383098920409644,3954.0766500733607,9173.20105125338,12596.558361388257,3.1857142580062403,1.5,0.34242957746478875,0.8772941793392763,1.1935728744939271,cost_subsidy_end,0
135,1664,1910,1135,4709,280,34,68,85,9,73,7,0.638027550366611,0.9830715660348414,159,450,0.4092651266253921,3942.2921113913426,9173.20105125338,12596.558361388257,3.1952371882819683,1.5,0.347136563876652,0.861729673744174,1.1807923771313942,cost_subsidy_end,0
136,1671,1929,1141,4741,247,55,110,140,9,72,4,0.6415014272414956,0.9882881086343622,159,452,0.40637484589619083,3932.766447823286,9173.20105125338,12596.558361388257,3.202976461610178,1.5,0.36809815950920244,0.8591259640102827,1.1819995013712292,cost_subsidy_end,0
137,1680,1930,1148,4758,234,39,75,101,11,55,4,0.6320380759300912,0.9735873000382526,162,452,0.41409055156727353,3924.637633491802,9173.20105125338,12615.255691917704,3.2143746429638513,1.5,0.3789198606271777,0.8580183861082737,1.175976272862086,cost_subsidy_end,0
138,1685,1938,1150,4773,222,47,82,109,11,63,4,0.6364515991651749,0.9802745428366066,162,453,0.4104053544201172,3917.9480040450194,9173.20105125338,12615.255691917704,3.2198629688023668,1.5,0.3591304347826087,0.8605720122574055,1.1826065411298314,cost_subsidy_end,0
139,1683,1949,1161,4793,206,49,96,132,11,73,4,0.6355999425131968,0.9788618155799403,163,454,0.4111956560277521,3912.6270773127358,9173.20105125338,12615.255691917704,3.224241779919924,1.5,0.37467700258397935,0.8591117917304747,1.1866798712552613,cost_subsidy_end,0
140,1687,1947,1162,4796,208,30,79,83,12,74,5,0.6346635324550467,0.977328073248652,163,459,0.41182381546283364,3907.080742312021,9173.20105125338,12615.255691917704,3.2288187841371836,1.5,0.3795180722891566,0.8646847770374168,1.1912568306010929,cost_subsidy_end,0
141,1697,1950,1169,4816,189,43,82,106,12,60,9,0.626833067170987,0.9651876060614273,166,462,0.41808593940247074,3903.5058257135825,9173.20105125338,12615.255691917704,3.231775807484946,1.5,0.3781009409751925,0.8675869120654397,1.1909000989119682,cost_subsidy_end,0
142,1701,1965,1167,4833,171,54,92,127,15,64,5,0.6323210022413516,0.9735624804415975,165,460,0.4136218924222956,3901.6710943886487,9173.20105125338,12615.255691917704,3.2332955256174363,1.5,0.3976006855184233,0.863013698630137,1.185430463576159,cost_subsidy_end,0
143,1692,1954,1166,4812,200,28,88,90,16,105,4,0.6340057334871072,0.9760877329668498,165,460,0.41223375981807514,3897.76942329426,9173.20105125338,12615.255691917704,3.2365320576751118,1.5,0.40308747855917665,0.8597560975609756,1.1802796173657102,cost_subsidy_end,0
144,1693,1951,1167,4811,208,26,79,86,14,76,3,0.6344659406842557,0.9767337908003833,166,460,0.41176771584492655,3892.95441040541,9173.20105125338,12615.255691917704,3.2405351725154055,1.5,0.4078834618680377,0.8494731560461616,1.1711295034079845,cost_subsidy_end,0
145,1698,1951,1168,4817,209,37,94,97,13,84,2,0.6239910296560737,0.9605522682445758,169,462,0.4201414125238813,3887.64918546757,9173.20105125338,12615.255691917704,3.2449573225575032,1.5,0.4083904109589041,0.8443560417702636,1.160722891566265,cost_subsidy_end,0
146,1666,1906,1146,4718,320,41,110,110,13,208,0,0.6303164147806914,0.9702380952380952,168,456,0.41481163580582564,3877.9249872438677,9173.20105125338,12615.255691917704,3.253094305179859,1.5,0.4214659685863874,0.8461147790756729,1.1580756013745706,cost_subsidy_end,0
147,1665,1919,1141,4725,322,28,88,88,10,81,1,0.6322802795593105,0.9732142857142857,168,460,0.4131116033133381,3867.335269009471,9173.20105125338,12615.255691917704,3.2620020800908764,1.5,0.4180543382997371,0.842185128983308,1.154692082111437,cost_subsidy_end,0
148,1676,1917,1149,4742,308,30,80,80,10,57,1,0.6330516218922295,0.9743589743589743,169,466,0.41225000065091044,3857.095733620547,9173.20105125338,12615.255691917704,3.2706618044131663,1.5,0.39338555265448216,0.836744882675986,1.1432015429122468,cost_subsidy_end,0
149,1695,1947,1163,4805,249,45,136,142,9,70,2,0.623446767435003,0.9595375722543352,173,470,0.41995858851304396,3848.1687440102605,9173.20105125338,12615.255691917704,3.278249092260718,1.5,0.3938091143594153,0.8470764617691154,1.1628751210067765,cost_subsidy_end,0
150,1701,1953,1159,4813,242,54,103,138,10,90,4,0.6303550041819783,0.9701348747591524,173,466,0.414188737604381,3840.995613689303,9173.642567330602,12615.255691917704,3.2843712830488405,1.5,0.4012079378774806,0.8496503496503497,1.164247701983551,cost_subsidy_end,0
151,1703,1958,1171,4832,229,34,86,103,11,64,2,0.6293598285706498,0.9685714285714284,175,468,0.4149929473675018,3833.7713576904985,9173.642567330602,12615.255691917704,3.2905602642712783,1.5,0.3842869342442357,0.8562091503267973,1.1791117618350415,cost_subsidy_end,0
152,1720,1982,1182,4884,184,71,105,160,11,50,1,0.6343295159486038,0.9761904761904764,175,466,0.4110110525431579,3830.5819176534283,9173.642567330602,12622.04359599559,3.29507209800847,1.5,0.41539763113367173,0.8591408591408591,1.1842870999030068,cost_subsidy_end,0
153,1726,1986,1184,4896,178,45,86,117,13,70,3,0.6320740728941909,0.9726930320150659,177,468,0.41285343343095465,3828.547551703484,9178.391059052263,12622.04359599559,3.2968229924111836,1.5,0.41638513513513514,0.8557263262270699,1.1772060591488338,cost_subsidy_end,0
154,1730,1989,1183,4902,174,45,101,122,13,87,3,0.6303640370099253,0.9700374531835205,178,477,0.4142395269191174,3826.734029178993,9178.391059052263,12628.808072445177,3.3001530746976493,1.5,0.4091293322062553,0.8602685231228244,1.18348623853211,cost_subsidy_end,0
155,1743,1999,1192,4934,152,61,104,151,14,69,1,0.6257808894753615,0.9629629629629629,180,478,0.4181782498429817,3826.734029178993,9182.991733309977,12645.929006878963,3.304627107725092,1.5,0.4337248322147651,0.8620178041543026,1.1820795400095832,cost_subsidy_end,0
0,2167,1440,858,4465,247,31,60,60,27,57,0,1.6963686010845535e-05,0.024030832401680656,150,691,1.0037429531094595,5833.333333333333,9166.666666666666,12500.0,2.142857142857143,1.5,0.43356643356643354,1.0,1.0,cost_subsidy_end,1
1,2165,1443,859,4467,265,29,75,75,23,70,0,1.999854879417551e-05,0.02535937408060591,152,697,1.0037287565894386,5833.333333333333,9166.666666666666,12500.0,2.142857142857143,1.5,0.4190919674039581,1.0,1.0,cost_subsidy_end,1
2,2168,1447,864,4479,268,40,85,85,19,70,1,2.590000029623221e-05,0.02939045161314855,151,700,1.0037059474124392,5833.333333333333,9166.666666666666,12500.0,2.142857142857143,1.5,0.46296296296296297,1.0,1.0,cost_subsidy_end,1
3,2165,1446,857,4468,291,30,68,68,18,76,3,3.250068484918417e-05,0.03299474888232944,151,695,1.003697931411028,5832.907650968746,9166.666666666666,12500.0,2.143013527382688,1.5,0.45507584597432904,1.0,1.0,cost_subsidy_end,1
4,2143,1436,851,4430,339,25,63,63,16,98,3,4.1200519985567854e-05,0.03740975991985703,151,692,1.0033952110817894,5828.19409084253,9166.666666666666,12500.0,2.144746692571624,1.5,0.4371327849588719,1.0,1.0,cost_subsidy_end,1
5,2148,1438,847,4433,344,41,82,82,14,77,4,5.243468922902752e-05,0.04257159802518163,151,695,1.003095111353742,5822.879717389419,9166.666666666666,12500.0,2.1467041406797502,1.5,0.4628099173553719,1.0,1.0,cost_subsidy_end,1
6,2125,1422,836,4383,399,23,49,49,13,94,3,6.469568282667085e-05,0.046955894124099694,149,689,1.0025451154481584,5813.673140846289,9166.666666666666,12500.0,2.1501036775143487,1.5,0.4490772385509228,1.0,1.0,cost_subsidy_end,1
7,2100,1401,834,4335,457,32,63,63,12,109,0,8.224013128841456e-05,0.05334730863856208,150,686,1.001700644422899,5800.169167960064,9166.666666666666,12500.0,2.1551095559504665,1.5,0.45143884892086333,1.0,1.0,cost_subsidy_end,1
8,2097,1403,835,4335,459,39,89,89,10,86,5,0.00010495315453159699,0.060833771196937905,150,683,1.0008138794488042,5785.704845678139,9166.666666666666,12500.0,2.160497352252141,1.5,0.46307385229540915,1.0,1.0,cost_subsidy_end,1
9,2092,1399,838,4329,470,25,59,59,10,62,2,0.00013444044718167062,0.0696166487175986,151,683,0.9998334180594816,5769.845601791805,9166.666666666666,12500.0,2.1664357874876528,1.5,0.4510739856801909,1.0,1.0,cost_subsidy_end,1
10,2108,1416,840,4364,444,48,103,103,10,67,0,0.00017282120680516778,0.07993460921853475,150,682,0.9989282208376212,5754.9029373996855,9166.666666666666,12500.0,2.1720609601885035,1.5,0.4714285714285714,1.0,1.0,cost_subsidy_end,1
11,2110,1415,845,4370,441,31,64,64,10,55,4,0.00021503378030309213,0.08882349810742363,150,678,0.9979697491377244,5739.5171394027775,9166.666666666666,12500.0,2.177883556472955,1.5,0.4662721893491124,1.0,1.0,cost_subsidy_end,1
12,2118,1416,847,4381,436,42,82,82,10,70,3,0.0002606283943789496,0.09613103836317816,149,679,0.9970346784195787,5724.399787133884,9166.666666666666,12500.0,2.1836350473100956,1.5,0.4781582054309327,1.0,1.0,cost_subsidy_end,1
13,2123,1415,844,4382,442,36,66,66,10,65,3,0.00031229352945347954,0.1028424477591513,149,678,0.9960924099020121,5709.197052868666,9166.666666666666,12500.0,2.1894497394724186,1.5,0.4881516587677725,1.0,1.0,cost_subsidy_end,1
14,2153,1433,857,4443,387,45,95,95,10,33,3,0.0003659115260446944,0.10757468916665712,149,685,0.9953053378431542,5696.816277826492,9166.666666666666,12500.0,2.1942080260957844,1.5,0.4865810968494749,1.0004646840148699,1.0002251238181,cost_subsidy_end,1
15,2128,1418,844,4390,435,28,61,61,11,108,10,0.0004295670030569552,0.11273475482544933,148,677,0.9943356948726652,5681.362099250192,9166.666666666666,12500.0,2.200176609346852,1.5,0.49170616113744076,1.0,1.0,cost_subsidy_end,1
16,2123,1407,843,4373,452,26,56,56,10,72,9,0.0004979754640247717,0.11665633916805249,148,675,0.9932989358812228,5665.172526764118,9166.666666666666,12500.0,2.2064641351955188,1.5,0.49347568208778175,0.9925198690977092,0.9907113729043951,cost_subsidy_end,1
17,2098,1397,827,4322,501,29,64,64,9,109,5,0.0005825675870990102,0.12181877321697608,148,662,0.9920816568929037,5645.758274809574,9166.666666666666,12500.0,2.2140515749271277,1.5,0.48851269649334944,0.9854391733208079,0.9842860396265087,cost_subsidy_end,1
18,2086,1392,823,4301,517,35,76,76,9,93,10,0.0006925124907663452,0.1292622569845206,147,664,0.9907438391782072,5624.84195380444,9166.666666666666,12500.0,2.2222846619797827,1.5,0.5054678007290401,0.9834983498349835,0.9808437856328392,cost_subsidy_end,1
19,2078,1387,824,4289,527,22,58,58,8,68,8,0.0008174096874146132,0.1362024505029301,147,661,0.9893177997361653,5602.706948221047,9166.666666666666,12500.0,2.231064397178396,1.5,0.49271844660194175,0.9755868544600939,0.9772157666894509,cost_subsidy_end,1
20,2061,1371,818,4250,565,40,81,81,8,118,7,0.0009377653557976516,0.13950273948332584,145,656,0.9876411721859717,5578.541874806026,9163.637574950033,12500.0,2.240728900226216,1.5,0.49755501222493886,0.9884892086330935,0.9869948908499768,cost_subsidy_end,1
21,2066,1378,819,4263,545,38,79,79,8,62,11,0.0011303061737813203,0.15013767719740562,144,649,0.9860623305164697,5555.3284526829975,9162.746241781517,12500.0,2.2500919804234094,1.5,0.5128205128205128,0.9956626506024097,0.9969597754911131,cost_subsidy_end,1
22,2066,1381,821,4268,541,29,71,71,8,64,5,0.0013589353705149548,0.16120558166503043,143,653,0.984475006063195,5531.835680762998,9162.746241781517,12500.0,2.259647741068819,1.5,0.4884287454323995,0.9966232513265798,0.9955679962677864,cost_subsidy_end,1
23,2049,1376,813,4238,564,21,45,45,8,71,11,0.001617596220399815,0.17141334174430783,142,646,0.9827307981643008,5506.8192416722595,9161.524542282612,12500.0,2.269912893709603,1.5,0.48093480934809346,1.0,1.0021281626862142,cost_subsidy_end,1
24,1974,1315,783,4072,726,28,52,52,8,217,11,0.001925438505125706,0.1823172884018193,140,621,0.9799867183960502,5479.2851454638985,9141.674572441,12500.0,2.28131949116543,1.5,0.48148148148148145,0.9648093841642229,0.9633309675893068,cost_subsidy_end,1
25,1973,1311,773,4057,736,30,54,54,8,63,7,0.002197064380687502,0.1859611508791956,139,608,0.9772333375845785,5451.888719736579,9120.915226047011,12500.0,2.292783408206462,1.5,0.4799482535575679,0.9600973236009732,0.9554875176636834,cost_subsidy_end,1
26,1984,1316,783,4083,703,35,72,72,8,44,13,0.002600243324524967,0.19681649963672546,139,610,0.9745150831396734,5424.629276137896,9101.991458007924,12500.0,2.3043049328708163,1.5,0.4610472541507024,0.9570670525808008,0.9539719626168224,cost_subsidy_end,1
27,1987,1326,787,4100,681,30,68,68,8,49,11,0.003057828214922718,0.20708425722664445,139,608,0.9719258031080485,5397.5061297572065,9086.4141018854,12500.0,2.3158843546440364,1.5,0.46124523506988563,0.9529976019184653,0.9534883720930233,cost_subsidy_end,1
28,1997,1339,791,4127,646,30,74,74,8,44,13,0.00357422208149718,0.21669772617600705,139,612,0.9694603109420703,5370.518599108421,9075.624745381556,12500.0,2.3275219644663685,1.5,0.4639696586599241,0.9500475737392959,0.9502647939212526,cost_subsidy_end,1
29,1988,1321,786,4095,661,28,52,52,8,81,22,0.00409812437320556,0.22257959296621546,137,604,0.9667031614835884,5343.666006112879,9059.918804970983,12500.0,2.3392180547400687,1.5,0.46564885496183206,0.9444180522565321,0.9415957691423316,cost_subsidy_end,1
30,1992,1332,788,4112,638,27,64,64,8,45,12,0.004742541558017956,0.23092226162184593,138,601,0.9641025781106591,5316.9476760823145,9047.851066039613,12500.0,2.3509729193367526,1.5,0.4543147208121827,0.9526542324246772,0.950311994453432,cost_subsidy_end,1
31,2016,1345,804,4165,576,35,84,84,8,27,13,0.005564471422414696,0.24310880521463643,139,609,0.9616051634344847,5291.839141847842,9040.017691626734,12500.0,2.362127733843996,1.5,0.4614427860696517,0.9495996231747527,0.9535256410256411,cost_subsidy_end,1
32,2032,1354,811,4197,533,42,85,92,8,50,16,0.00663387434139871,0.2603012814737641,138,611,0.9591880867660687,5268.944014994598,9037.696606003208,12500.0,2.372391880503368,1.5,0.4599260172626387,0.9802219006271105,0.9796918767507002,cost_subsidy_end,1
33,2031,1359,816,4206,519,28,65,71,8,56,13,0.007816423390870967,0.2757424996880061,138,608,0.9568664386462421,5246.310276022588,9037.696606003208,12500.0,2.3826269020208786,1.5,0.44485294117647056,0.9736337488015341,0.9779121134619856,cost_subsidy_end,1
34,2043,1364,815,4222,497,32,64,66,8,44,10,0.009182234866746663,0.29156147461713283,138,601,0.9542974211078972,5225.066489853561,9037.696606003208,12500.0,2.3923140546198733,1.5,0.449079754601227,0.9737845567206864,0.9755083179297597,cost_subsidy_end,1
35,2016,1346,810,4172,537,33,73,73,8,121,16,0.010724034243949337,0.3068820479570226,138,593,0.9515384773561355,5201.635466813394,9036.575364842818,12500.0,2.4030903510540895,1.5,0.4666666666666667,0.9627507163323782,0.9648473635522664,cost_subsidy_end,1
36,1991,1329,797,4117,580,37,78,78,8,128,15,0.01267178530875087,0.32724571851221024,137,580,0.948013502015158,5175.983507089678,9031.057128247074,12500.0,2.4149999672291127,1.5,0.48557089084065247,0.9508118433619867,0.9525682554372975,cost_subsidy_end,1
37,1994,1327,799,4120,558,38,80,80,8,74,24,0.014511336862178148,0.33869039715596416,138,577,0.9447008182152683,5152.015052343155,9025.485299567403,12500.0,2.4262351474138173,1.5,0.49436795994993743,0.9432355723746452,0.9438717067583047,cost_subsidy_end,1
38,1990,1320,794,4104,567,37,79,79,8,93,13,0.01701213918199939,0.3594127862854199,136,572,0.9406642678862498,5128.083664053468,9018.035104309854,12500.0,2.437557734797064,1.5,0.5,0.9539789069990412,0.9515418502202643,cost_subsidy_end,1
39,2002,1335,794,4131,529,36,75,75,8,46,17,0.019564940455393434,0.3747769807077545,136,567,0.9369649348087136,5106.164793736168,9015.785231261212,12500.0,2.448021265458176,1.5,0.5075566750629723,0.9519733713742273,0.9509668508287292,cost_subsidy_end,1
40,2015,1348,797,4160,503,43,90,90,8,59,3,0.022489077505457495,0.39127636201241833,136,574,0.9330944911992143,5085.277096322856,9015.785231261212,12500.0,2.4580764751322404,1.5,0.5219573400250941,0.951818611242324,0.9515096065873742,cost_subsidy_end,1
41,2017,1345,795,4157,501,28,57,57,8,57,10,0.02590521445746827,0.4101163585679233,136,570,0.9287240029342791,5064.775155203764,9015.785231261212,12500.0,2.468026638291528,1.5,0.5232704402515723,0.9577397910731245,0.954096855634611,cost_subsidy_end,1
42,2025,1353,802,4180,474,32,69,80,8,44,10,0.029166458292160212,0.42094834266152203,138,572,0.924846249675915,5045.287789681536,9015.785231261212,12506.172069825436,2.478782696083792,1.5,0.5249376558603491,0.98876953125,0.9860816230242981,cost_subsidy_end,1
43,2020,1347,799,4166,492,33,60,60,9,74,5,0.03262689774705183,0.4301143476839851,136,560,0.9204867973927107,5024.997596558944,9015.785231261212,12506.172069825436,2.488791652037706,1.5,0.5244055068836045,0.9758454106280193,0.9713219864770343,cost_subsidy_end,1
44,2019,1345,795,4159,497,28,53,53,8,57,7,0.03625936213098943,0.43746445331893447,136,556,0.9159369857112987,5004.596983134111,9015.785231261212,12506.172069825436,2.4989368998087613,1.5,0.5094339622641509,0.9697406340057637,0.9651891390113716,cost_subsidy_end,1
45,2022,1350,800,4172,474,31,66,69,8,51,16,0.0407283741308218,0.45060077091553513,137,550,0.9108436452380045,4985.116365306384,9015.785231261212,12506.172069825436,2.508702135192146,1.5,0.51,0.975397973950796,0.975906432748538,cost_subsidy_end,1
46,2008,1343,803,4154,487,22,56,64,9,72,12,0.04504617701230403,0.45791207542837886,138,544,0.9058953263976158,4964.431976686017,9015.785231261212,12506.172069825436,2.5191546844748736,1.5,0.49564134495641343,0.966779008184882,0.9664960446719404,cost_subsidy_end,1
47,2020,1348,809,4177,452,35,74,78,8,49,18,0.050342134788013415,0.4711236508614946,140,542,0.9000251866855278,4945.949909712118,9015.785231261212,12506.172069825436,2.5285682827615545,1.5,0.49443757725587145,0.9706871696299856,0.9734327662549522,cost_subsidy_end,1
48,2039,1362,820,4221,402,45,94,106,8,49,13,0.057352454949508525,0.49507568494973014,139,541,0.892829919331392,4929.946110381783,9015.785231261212,12506.172069825436,2.5367766279410584,1.5,0.4975609756097561,0.9793467819404419,0.9809435277713223,cost_subsidy_end,1
49,2038,1357,821,4216,406,30,67,80,9,70,8,0.06475686359172966,0.5165857640495848,139,537,0.8851855217725789,4913.802345550722,9015.785231261212,12506.172069825436,2.545110932504101,1.5,0.48721071863581,0.9783965434469515,0.9795539033457249,cost_subsidy_end,1
50,2046,1370,828,4244,375,35,85,87,8,55,9,0.07278322892538101,0.5375606982780552,139,527,0.8771950399716171,4898.623972869247,9015.785231261212,12506.172069825436,2.5529969516113433,1.5,0.4806763285024155,0.9855491329479769,0.9881257275902212,cost_subsidy_end,1
51,2053,1385,832,4270,339,37,80,86,8,52,16,0.08018940058743658,0.5493354561138425,141,526,0.8698295754769989,4884.921845376112,9015.785231261212,12506.172069825436,2.560158067147649,1.5,0.4795673076923077,0.9913085465958474,0.9953379953379954,cost_subsidy_end,1
52,2069,1395,837,4301,308,40,86,91,9,54,8,0.08946682401382249,0.5694788609286159,141,521,0.8607141758105277,4872.902799455208,9015.785231261212,12506.172069825436,2.5664727133944947,1.5,0.4731182795698925,1.0004835589941974,1.0049065420560748,cost_subsidy_end,1
53,2072,1400,839,4311,299,52,93,113,9,79,4,0.09780810348010141,0.5794913857747874,141,515,0.8526668073458425,4861.758861407508,9015.785231261212,12510.971816436262,2.5733427290579898,1.5,0.5005959475566151,1.001934235976789,1.0081852198316184,cost_subsidy_end,1
54,2068,1410,840,4318,292,45,73,93,10,65,9,0.10715488610339173,0.5919722390821017,140,511,0.8437819951605982,4851.490562555911,9015.785231261212,12510.971816436262,2.5787892721046757,1.5,0.5154761904761904,0.9956668271545498,1.0060577819198508,cost_subsidy_end,1
55,2053,1418,849,4320,289,51,94,120,10,89,8,0.11718332124809903,0.6047021513617086,139,505,0.8353752896777767,4841.0539515037835,9015.785231261212,12510.971816436262,2.5843487682160537,1.5,0.5312131919905771,0.9893975903614458,1.0076976906927921,cost_subsidy_end,1
56,2079,1436,860,4375,237,80,107,154,10,49,4,0.12754382528764047,0.6158988545704448,140,503,0.8266409281208945,4835.648525977623,9015.785231261212,12510.971816436262,2.5872376268097192,1.5,0.5848837209302326,0.9895287958115183,1.0080645161290323,cost_subsidy_end,1
57,2073,1449,871,4393,227,52,76,118,12,56,2,0.13870925070159051,0.6279808999492728,141,503,0.8178298419944675,4831.128245833775,9015.785231261212,12514.677707054678,2.59042548039311,1.5,0.6016073478760046,0.9880838894184938,1.015018484288355,cost_subsidy_end,1
58,2072,1467,870,4409,217,54,82,105,12,64,4,0.15125738657227294,0.6432848388084361,139,500,0.8077171342286904,4827.744132388289,9015.785231261212,12514.677707054678,2.5922412961151813,1.5,0.639080459770115,0.9899665551839465,1.0187153419593347,cost_subsidy_end,1
59,2048,1454,866,4368,267,30,65,65,13,103,1,0.16374402813221603,0.6555369839430909,138,490,0.7976128192280504,4820.700959782795,9015.785231261212,12514.677707054678,2.5960286297490125,1.5,0.6362586605080831,0.9888942539835828,1.0222326234495671,cost_subsidy_end,1
60,2040,1468,869,4377,257,37,85,104,11,68,4,0.17473397786145795,0.6599359249392173,138,494,0.7890862963279079,4813.01554101278,9015.785231261212,12514.677707054678,2.6001739658669942,1.5,0.6248561565017261,0.9812409812409812,1.019091967403958,cost_subsidy_end,1
61,2041,1482,883,4406,235,56,82,129,11,51,2,0.18734629614626397,0.6690498080100636,139,487,0.7794583653474364,4807.420093244098,9015.785231261212,12514.677707054678,2.6032003578471627,1.5,0.6443941109852774,0.9742243436754177,1.0206161686356265,cost_subsidy_end,1
62,2019,1485,882,4386,259,32,53,71,13,70,6,0.20078490941253965,0.6796332804075068,140,487,0.7691824160722434,4799.977165437914,9015.785231261212,12514.677707054678,2.607236925451693,1.5,0.6417233560090703,0.9651051625239006,1.0173973556019484,cost_subsidy_end,1
63,2002,1494,885,4381,271,35,59,85,12,61,2,0.2152203565412798,0.6922076854631221,141,481,0.7582412159379266,4791.4033546353385,9015.785231261212,12514.677707054678,2.6119023552771083,1.5,0.6372881355932203,0.9808917197452229,1.0398765725136483,cost_subsidy_end,1
64,2004,1527,914,4445,210,83,104,199,11,36,4,0.23043700349290447,0.7060281314720378,142,485,0.7478602306595618,4788.041574343117,9021.370648961783,12530.724974311426,2.6170877549304796,1.5,0.6641137855579868,0.9950347567030785,1.0697954271961492,cost_subsidy_end,1
65,1993,1536,907,4436,228,42,79,92,15,82,0,0.24651640338758474,0.7213654240885812,143,483,0.7358917945348236,4782.908137524457,9021.370648961783,12533.294670943425,2.6204339097824327,1.5,0.6582138919514884,0.9755261869799314,1.0519326535451743,cost_subsidy_end,1
66,1978,1553,918,4449,222,52,81,133,14,61,0,0.2655642120547693,0.7441221900044999,143,479,0.722277433437075,4777.90782447159,9021.370648961783,12549.186560918348,2.626502440386911,1.5,0.6579520697167756,0.9739044805514525,1.0625746357774062,cost_subsidy_end,1
67,1956,1561,931,4448,232,42,72,117,14,69,1,0.28134123173802805,0.7568118288801019,143,475,0.7094863168066801,4771.688683025477,9021.370648961783,12549.186560918348,2.6299256708762417,1.5,0.6390977443609023,0.9678377041068777,1.0648790998324156,cost_subsidy_end,1
68,1949,1586,943,4478,206,66,87,144,13,55,7,0.29541875365667236,0.7648276684902995,144,478,0.698142719790727,4767.968758669336,9021.370648961783,12550.703641796337,2.632295695934685,1.5,0.616118769883351,0.9745,1.0855757575757576,cost_subsidy_end,1
69,1935,1597,947,4479,215,40,57,88,14,52,0,0.31185681182292685,0.778948157717868,145,477,0.6849066805954116,4763.200789910667,9021.370648961783,12565.361591350536,2.6380079584228904,1.5,0.600844772967265,0.9689534301452178,1.0839787028073573,cost_subsidy_end,1
70,1912,1609,957,4478,226,53,88,129,13,86,0,0.32508698352279625,0.785225155615163,147,471,0.6742024599588208,4757.078584218116,9021.370648961783,12565.361591350536,2.6414029890186916,1.5,0.593521421107628,0.9540918163672655,1.0811202317720907,cost_subsidy_end,1
71,1907,1627,972,4506,205,66,96,157,12,67,4,0.33820852604035856,0.791742874725082,150,475,0.6645769401749594,4753.019751070028,9042.141426128968,12591.940175128128,2.6492505469377345,1.5,0.6213991769547325,0.9478131212723658,1.0836940836940836,cost_subsidy_end,1
72,1893,1647,987,4527,196,54,78,137,14,56,1,0.3583026782167357,0.8146373107335023,150,474,0.6486613696206787,4749.837413133248,9042.141426128968,12617.787460634521,2.656467235225037,1.5,0.6291793313069909,0.9362017804154302,1.0830143540669857,cost_subsidy_end,1
73,1884,1669,995,4548,186,54,71,122,14,49,2,0.3784314372213585,0.837277901270493,150,471,0.6325813395707058,4747.915407287469,9042.141426128968,12643.276659424348,2.6629111041065445,1.5,0.6221105527638191,0.9289940828402367,1.084406294706724,cost_subsidy_end,1
74,1855,1685,1008,4548,199,40,68,111,15,68,2,0.39562377732974047,0.8533559936807741,151,475,0.6190741808407465,4743.907186588231,9042.141426128968,12668.161838880993,2.6704067640058122,1.5,0.6220238095238095,0.9151455352738036,1.0857006445452375,cost_subsidy_end,1
75,1851,1699,1004,4554,202,48,90,109,14,80,1,0.41399308294020254,0.8720645423631216,150,468,0.6037045097057305,4739.7530874623835,9042.141426128968,12668.161838880993,2.6727472096364835,1.5,0.6374501992031872,0.9109251968503937,1.0832540437678402,cost_subsidy_end,1
76,1798,1693,1004,4495,270,31,99,110,14,154,1,0.42539595216621884,0.8764884463940895,151,461,0.5944160004494227,4728.671411229725,9042.141426128968,12668.161838880993,2.6790108123809233,1.5,0.5856573705179283,0.8835380835380835,1.0684573330164013,cost_subsidy_end,1
77,1791,1728,1024,4543,226,69,101,179,10,49,2,0.4421569304098931,0.8924145611175238,151,458,0.5806773917689323,4721.198421588764,9042.141426128968,12668.161838880993,2.6832513077512083,1.5,0.6005859375,0.8740849194729137,1.0696962561808336,cost_subsidy_end,1
78,1776,1731,1027,4534,240,40,93,115,12,98,3,0.45661348295431703,0.9040039650910338,151,455,0.5685788488554442,4712.290765550416,9042.141426128968,12668.161838880993,2.6883234649891765,1.5,0.5871470301850049,0.8638132295719845,1.0638198029094321,cost_subsidy_end,1
79,1770,1748,1043,4561,218,63,93,155,12,61,2,0.4674581868701676,0.908965490367065,152,456,0.5596485417368666,4705.514178225939,9042.141426128968,12668.161838880993,2.692195020365896,1.5,0.5982742090124641,0.8613138686131386,1.0757075471698114,cost_subsidy_end,1
80,1753,1760,1046,4559,230,33,80,104,14,79,1,0.4811324903347607,0.9199520167933369,151,458,0.5482771413785601,4697.0475748028875,9042.141426128968,12668.161838880993,2.6970478022915523,1.5,0.5650095602294455,0.8497333979641299,1.0699366345928185,cost_subsidy_end,1
81,1737,1772,1052,4561,240,42,78,107,14,75,1,0.493731894357484,0.9293194967708099,151,453,0.5377936008990059,4687.325612902992,9042.141426128968,12668.161838880993,2.7026417375419425,1.5,0.5636882129277566,0.8448443579766537,1.0762151958470978,cost_subsidy_end,1
82,1694,1758,1043,4495,315,21,85,85,14,150,4,0.5038551894523559,0.9345409922844162,148,442,0.5292715864268916,4671.515619819109,9042.141426128968,12668.161838880993,2.7117883937144005,1.5,0.5378715244487057,0.824732229795521,1.0603916017928756,cost_subsidy_end,1
83,1694,1768,1049,4511,307,24,81,82,12,62,1,0.503708785916452,0.9215248901650684,150,443,0.5291267250017109,4654.662624529992,9042.141426128968,12668.161838880993,2.7216068834119143,1.5,0.4947569113441373,0.8215324927255092,1.0626619552414605,cost_subsidy_end,1
84,1634,1713,1023,4370,453,24,86,86,12,223,3,0.5071170975623723,0.9159258271072751,151,431,0.5259226190506399,4631.389311407343,9042.141426128968,12668.161838880993,2.735283299911471,1.5,0.4780058651026393,0.7943607194944093,1.0292039566650966,cost_subsidy_end,1
85,1614,1715,1029,4358,473,16,78,78,11,88,1,0.518915127383314,0.9260580754176662,150,429,0.515875762356142,4608.232364850306,9042.141426128968,12668.161838880993,2.7490284421220816,1.5,0.4382896015549077,0.8033847685415629,1.0475961538461538,cost_subsidy_end,1
86,1618,1750,1038,4406,429,22,94,96,11,41,2,0.526920268710177,0.9298647164267653,151,432,0.5089322270322814,4585.191203026055,9042.141426128968,12668.161838880993,2.762842655399077,1.5,0.41714836223506746,0.8151133501259445,1.0722803601849598,cost_subsidy_end,1
87,1618,1750,1034,4402,432,36,103,103,11,102,7,0.5328528920524834,0.9305461067484416,151,433,0.5035032435821944,4562.265247010924,9042.141426128968,12668.161838880993,2.7767262868332434,1.5,0.4071566731141199,0.8259315977539561,1.0874505928853755,cost_subsidy_end,1
88,1624,1761,1049,4434,402,40,88,117,11,53,6,0.5441443299200786,0.9410317579625699,151,432,0.4937884545721505,4539.45392077587,9042.141426128968,12668.161838880993,2.790679685259541,1.5,0.4099142040038132,0.8235294117647058,1.0894348894348895,cost_subsidy_end,1
89,1625,1774,1057,4456,388,46,75,110,12,53,4,0.5475317433053766,0.9383081679258437,153,432,0.49093633492133615,4516.756651171991,9042.141426128968,12690.765578926526,2.809707619655262,1.5,0.38505203405865657,0.818639798488665,1.088954056695992,cost_subsidy_end,1
90,1630,1784,1064,4478,367,50,88,124,12,62,7,0.5498840147527683,0.9343797599090091,154,433,0.48860987614718904,4494.172867916131,9042.141426128968,12690.765578926526,2.8238267534223738,1.5,0.3919172932330827,0.8195072900955254,1.0892726830454877,cost_subsidy_end,1
91,1628,1802,1075,4505,338,54,86,139,12,57,12,0.5557696621911786,0.9369536539311015,155,435,0.48366775231108505,4473.991487867752,9042.141426128968,12700.800137756374,2.838807398761819,1.5,0.37953488372093025,0.8083416087388282,1.0824123017779914,cost_subsidy_end,1
92,1642,1818,1082,4542,304,49,85,114,12,47,8,0.5620219203641142,0.9405629253802612,156,439,0.47815248928286486,4457.038625520408,9042.141426128968,12700.800137756374,2.849605131315957,1.5,0.39186691312384475,0.8193612774451098,1.098959593515606,cost_subsidy_end,1
93,1658,1840,1100,4598,249,80,116,191,12,55,6,0.5573148004590338,0.9263459640019128,160,445,0.4822184790015166,4445.768651607319,9043.713972463947,12721.583265254521,2.861503659362745,1.5,0.42,0.8356854838709677,1.1195519844168493,cost_subsidy_end,1
94,1655,1841,1101,4597,255,47,86,118,14,82,4,0.5602584493077235,0.9253643756748519,161,447,0.47987365792775877,4434.888217802069,9043.713972463947,12742.358384882977,2.8732084686450317,1.5,0.44323342415985467,0.8299899699097292,1.1160475843651372,cost_subsidy_end,1
95,1664,1862,1119,4645,213,61,100,158,15,48,5,0.5717496272536519,0.9388219326106696,161,444,0.47045665636702994,4427.464446475306,9043.713972463947,12751.035486839439,2.8799859696198142,1.5,0.4691689008042895,0.8266269249875807,1.1168550132243327,cost_subsidy_end,1
96,1659,1869,1119,4647,222,43,93,109,18,89,5,0.5814510893253537,0.9495827954946615,159,445,0.462340822953122,4419.3592160349535,9043.713972463947,12751.035486839439,2.8852679457633363,1.5,0.48614834673815904,0.8225086762518592,1.1130538922155688,cost_subsidy_end,1
97,1683,1875,1124,4682,199,57,101,129,18,64,4,0.5846739585257386,0.9500656451663894,160,445,0.4593990725204565,4414.092695307857,9043.713972463947,12751.035486839439,2.888710402568954,1.5,0.5204626334519573,0.8335809806835067,1.121168582375479,cost_subsidy_end,1
98,1679,1879,1120,4678,215,29,71,80,20,71,4,0.5936366394134869,0.960169030862566,160,445,0.45187224433842527,4407.317250058385,9043.713972463947,12751.035486839439,2.893151267172909,1.5,0.5285714285714286,0.8311881188118811,1.1207474844274077,cost_subsidy_end,1
99,1685,1894,1133,4712,195,56,97,143,19,60,2,0.5945686525177479,0.9575743514692011,162,450,0.4513554180810673,4402.089421618157,9044.726257238057,12770.550310788405,2.901020194654315,1.5,0.5401588702559577,0.8349851337958375,1.1294343240651965,cost_subsidy_end,1
100,1693,1906,1142,4741,183,55,92,132,20,63,3,0.5977143240412071,0.9588571264090628,163,455,0.4489399657021211,4398.545187316075,9044.726257238057,12789.739684110045,2.9077204256060285,1.5,0.5490367775831874,0.8360493827160493,1.132043935052531,cost_subsidy_end,1
101,1689,1908,1141,4738,198,29,75,83,20,73,3,0.6040427691520227,0.9655042635660773,162,450,0.44363717937929115,4393.271599982741,9044.726257238057,12789.739684110045,2.9112107897358976,1.5,0.5346187554776511,0.8243045387994143,1.121685606060606,cost_subsidy_end,1
102,1689,1916,1150,4755,199,47,88,118,20,70,1,0.6025061260142877,0.9598458273520857,162,454,0.4449291575388482,4387.795725683239,9044.726257238057,12789.739684110045,2.914843917926127,1.5,0.5278260869565218,0.8199029126213592,1.1172462406015038,cost_subsidy_end,1
103,1706,1922,1157,4785,184,47,88,112,19,56,2,0.598769218738351,0.9509799436224519,165,460,0.44788358255806615,4383.988326217566,9044.726257238057,12789.739684110045,2.9173753971066856,1.5,0.5185825410544511,0.8293631502187652,1.1208713984539704,cost_subsidy_end,1
104,1708,1935,1158,4801,183,45,78,102,21,59,3,0.5994201873689209,0.9493471615810447,167,461,0.4473197512945257,4380.311432782674,9044.726257238057,12789.739684110045,2.919824281988353,1.5,0.5146804835924007,0.8327645051194539,1.1315107235446618,cost_subsidy_end,1
105,1710,1938,1163,4811,191,45,97,120,20,85,0,0.604753486582423,0.9553351855331405,167,457,0.4431744138532675,4375.827431705244,9044.726257238057,12819.146187906528,2.9295365020624122,1.5,0.4823731728288908,0.8317120622568094,1.1290776812954706,cost_subsidy_end,1
106,1706,1944,1154,4804,215,38,74,86,19,79,0,0.6058191702761724,0.9547692252900749,169,463,0.4421798132630918,4369.962448341283,9044.726257238057,12819.146187906528,2.933468271053982,1.5,0.4783362218370884,0.8293631502187652,1.1292900799247767,cost_subsidy_end,1
107,1716,1956,1162,4834,198,48,95,123,17,61,0,0.6107226380098068,0.9604274455334667,170,463,0.43829929311173527,4365.043955041685,9059.00545697341,12819.146187906528,2.9367736774105655,1.5,0.463855421686747,0.8289855072463768,1.131554307116105,cost_subsidy_end,1
108,1727,1968,1178,4873,170,67,116,170,17,73,2,0.6195262817415087,0.9723571373453732,168,464,0.43109217107294434,4362.945420467621,9059.00545697341,12826.154278012651,2.939792512150643,1.5,0.4779286926994907,0.8379427462396895,1.1404165691551602,cost_subsidy_end,1
109,1732,1983,1183,4898,160,56,98,137,18,71,1,0.6234762289755404,0.9767997652724945,169,461,0.42784611232192016,4362.478374905918,9059.00545697341,12826.154278012651,2.940107245411678,1.5,0.4750633981403212,0.8465298142717498,1.1560066084493745,cost_subsidy_end,1
110,1729,1981,1176,4886,185,27,66,73,18,73,0,0.6294180797470429,0.9844928123451474,169,464,0.42284049561842046,4360.297135718465,9059.00545697341,12826.154278012651,2.941578034428892,1.5,0.47619047619047616,0.8538271604938271,1.1652754590984975,cost_subsidy_end,1
111,1731,1986,1177,4894,187,33,104,105,16,93,3,0.6189313871294011,0.9666429938771729,171,468,0.43151160923319265,4356.996712167748,9059.00545697341,12826.154278012651,2.943806278805113,1.5,0.4562446898895497,0.8514510575504181,1.1599905190803508,cost_subsidy_end,1
112,1728,1988,1172,4888,199,34,82,91,15,80,1,0.6214536537652048,0.9692594105794375,172,467,0.42934272256549505,4352.537651503448,9059.00545697341,12826.154278012651,2.9468221311267135,1.5,0.4402730375426621,0.8400583373845406,1.1495766698024459,cost_subsidy_end,1
113,1731,1990,1181,4902,193,43,80,115,14,63,3,0.6268918262241447,0.9765268524399027,172,466,0.42489308632331446,4349.03743845733,9059.00545697341,12833.083225031594,2.950787020491524,1.5,0.4487722269263336,0.8386627906976745,1.152327221438646,cost_subsidy_end,1
114,1742,2004,1181,4927,175,48,85,113,14,53,0,0.6316496585368327,0.9828253020523057,172,471,0.42092667769495684,4347.099478259858,9059.00545697341,12840.015915207352,2.9536972823882106,1.5,0.44961896697713805,0.8452207666181465,1.1565727699530517,cost_subsidy_end,1
115,1619,1865,1103,4587,525,25,72,72,15,408,1,0.632486157573511,0.9831134428607642,170,443,0.42003073617683423,4329.841989884586,9059.00545697341,12840.015915207352,2.96546985899354,1.5,0.4614687216681777,0.7772443590974556,1.0667441860465117,cost_subsidy_end,1
116,1624,1877,1112,4613,500,28,92,92,8,62,3,0.6370089997850483,0.98921568627451,170,443,0.41609477774061904,4312.742365330024,9059.00545697341,12840.015915207352,2.9772276726817175,1.5,0.44244604316546765,0.7856797290759555,1.0813408345053914,cost_subsidy_end,1
117,1614,1850,1097,4561,553,29,75,75,9,122,3,0.637552540174822,0.98921568627451,170,441,0.41524570338325023,4294.035260862547,9059.00545697341,12840.015915207352,2.9901980620038424,1.5,0.43391066545123064,0.8345398138572906,1.1436810431293882,cost_subsidy_end,1
118,1596,1842,1092,4530,588,20,66,66,9,94,2,0.636097798139963,0.9861932938856015,169,434,0.41624107303286456,4272.777135682228,9058.41809003605,12840.015915207352,3.0050750384286555,1.5,0.4194139194139194,0.8316831683168316,1.1413454270597128,cost_subsidy_end,1
119,1608,1855,1102,4565,556,27,89,89,10,50,3,0.623694186084499,0.9662813102119462,173,437,0.42621773876414365,4252.308978270599,9058.41809003605,12840.015915207352,3.019539732606483,1.5,0.39655172413793105,0.8366285119667014,1.150453629032258,cost_subsidy_end,1
120,1616,1871,1108,4595,531,27,89,89,10,55,1,0.617737495349886,0.9564393939393938,176,444,0.4308674371590987,4232.0020333539605,9058.41809003605,12840.015915207352,3.034028767947292,1.5,0.3583032490974729,0.8469601677148847,1.1653563276692873,cost_subsidy_end,1
121,1639,1886,1127,4652,479,36,98,98,11,41,6,0.6206905927512232,0.96045197740113,177,445,0.4281327311083973,4213.8248846712595,9058.41809003605,12840.015915207352,3.047116637883034,1.5,0.33451641526175685,0.8509865005192108,1.1679638463469746,cost_subsidy_end,1
122,1648,1893,1121,4662,477,25,74,74,12,61,1,0.6235845806151895,0.9644194756554308,178,448,0.42534431856787763,4195.70714366915,9058.41809003605,12840.015915207352,3.060274579597742,1.5,0.3345227475468332,0.8486096807415036,1.161145703611457,cost_subsidy_end,1
123,1656,1904,1134,4694,452,32,103,103,12,68,2,0.6305473849996746,0.9747191011235955,178,452,0.41940743245472056,4177.631378149899,9058.41809003605,12840.015915207352,3.0735157683763057,1.5,0.3298059964726631,0.8518518518518519,1.1647642679900745,cost_subsidy_end,1
124,1666,1904,1138,4708,443,32,85,85,12,68,4,0.6298062112743565,0.9731481481481481,180,452,0.41968328858280785,4159.982247392861,9058.41809003605,12840.015915207352,3.086555459041786,1.5,0.3268892794376098,0.8487009679062659,1.1618953603158935,cost_subsidy_end,1
125,1663,1913,1141,4717,438,22,74,74,13,61,5,0.6296543243205109,0.9725274725274725,182,453,0.4196288051291473,4141.401547464696,9058.41809003605,12840.015915207352,3.1004035151017457,1.5,0.30762489044697633,0.8415991902834008,1.1535827830765468,cost_subsidy_end,1
126,1672,1919,1138,4729,418,32,90,90,12,75,17,0.6249184206238183,0.9648648648648649,185,460,0.42316331521707584,4124.180944833897,9058.41809003605,12840.015915207352,3.1133493139507458,1.5,0.29437609841827767,0.8500254194204372,1.1642048252092565,cost_subsidy_end,1
127,1680,1930,1150,4760,384,33,89,97,12,56,13,0.6236341480833802,0.9625668449197861,187,461,0.4240407182725021,4107.857610043234,9058.41809003605,12840.015915207352,3.1257207854077045,1.5,0.2982608695652174,0.8549618320610687,1.1747285291214216,cost_subsidy_end,1
128,1685,1945,1159,4789,353,24,84,100,12,52,11,0.6229332797735274,0.961199294532628,189,463,0.4245472369431859,4092.0262268377446,9058.41809003605,12847.57147245858,3.139660099976189,1.5,0.2924935289042278,0.8575063613231552,1.1792661905934498,cost_subsidy_end,1
129,1641,1889,1123,4653,487,28,81,81,13,214,12,0.6264158408288872,0.9663120567375888,188,452,0.4213039209661028,4071.6683963592272,9058.41809003605,12847.57147245858,3.1553580060563187,1.5,0.3009795191451469,0.8406762295081968,1.153731713364741,cost_subsidy_end,1
130,1633,1875,1123,4631,510,32,89,89,11,109,8,0.6221106674786463,0.9594356261022927,189,455,0.4245590391566647,4051.3100543774312,9058.41809003605,12847.57147245858,3.171214076438511,1.5,0.3116651825467498,0.8395886889460155,1.1525634644101543,cost_subsidy_end,1
131,1656,1897,1140,4693,447,35,107,107,11,43,10,0.6230906060979247,0.9607329842931939,191,464,0.4234605372296149,4032.3392492126222,9058.41809003605,12847.57147245858,3.1861335761784604,1.5,0.3140350877192982,0.8466257668711656,1.161921267640505,cost_subsidy_end,1
132,1679,1924,1157,4760,381,33,104,113,11,33,6,0.6208240437928565,0.957044673539519,194,466,0.425070952260098,4015.2670069186925,9058.41809003605,12847.57147245858,3.1996804821001876,1.5,0.3146067415730337,0.8561958184599694,1.171259842519685,cost_subsidy_end,1
133,1698,1938,1164,4800,340,37,103,115,11,59,8,0.6216355205033968,0.9581196581196582,195,472,0.42407828576281614,3999.912051419805,9058.41809003605,12847.57147245858,3.2119634900217915,1.5,0.313573883161512,0.8623666835957339,1.1776251226692835,cost_subsidy_end,1
134,1707,1958,1175,4840,303,45,108,132,12,66,7,0.6214661186997886,0.957698815566836,197,479,0.42416787132429595,3985.763108790156,9058.41809003605,12854.678639656111,3.2251486826466307,1.5,0.3276595744680851,0.8556390977443609,1.1736178467507274,cost_subsidy_end,1
135,1723,1967,1188,4878,266,71,117,167,12,77,9,0.6222452366132685,0.9587542087542088,198,485,0.4234346246756984,3975.3150308725517,9063.327227648646,12854.678639656111,3.2336251441271577,1.5,0.3569023569023569,0.8615,1.177691936262675,cost_subsidy_end,1
136,1712,1950,1176,4838,312,34,94,94,13,131,4,0.6304323183395164,0.9712351945854483,197,479,0.416500916527885,3963.0204475439887,9063.327227648646,12854.678639656111,3.2436569050817208,1.5,0.3622448979591837,0.8555722138930535,1.170012091898428,cost_subsidy_end,1
137,1700,1939,1165,4804,351,32,99,99,12,129,3,0.6299618991054042,0.9703891708967851,197,477,0.41665839123717846,3948.813691608282,9063.327227648646,12854.678639656111,3.255326698996687,1.5,0.3742489270386266,0.85,1.1629145485354635,cost_subsidy_end,1
138,1723,1971,1180,4874,282,43,115,124,12,41,7,0.6265344720848937,0.965,200,481,0.41929448169971356,3936.92390028335,9063.327227648646,12854.678639656111,3.265158018099087,1.5,0.3788135593220339,0.8559364133134625,1.1733269138180067,cost_subsidy_end,1
139,1717,1964,1181,4862,303,34,92,93,12,104,3,0.6329283960753112,0.9747474747474747,198,483,0.41393671313320113,3923.7265021317794,9063.327227648646,12854.678639656111,3.276140330543452,1.5,0.3793395427603726,0.8580709645177411,1.1749637506041566,cost_subsidy_end,1
140,1726,1992,1190,4908,258,64,98,151,11,47,5,0.6373606991618345,0.9814814814814814,198,483,0.41029168836680163,3913.995343817365,9063.327227648646,12854.678639656111,3.284285623885999,1.5,0.41008403361344536,0.8647294589178357,1.1898181818181819,cost_subsidy_end,1
141,1722,1992,1178,4892,281,28,75,77,13,90,5,0.6380193457906574,0.9824120603015075,199,483,0.4095335808760549,3903.380919038808,9063.327227648646,12854.678639656111,3.2932165490068352,1.5,0.4142614601018676,0.8562904027846843,1.18021712907117,cost_subsidy_end,1
142,1724,1987,1182,4893,282,27,73,76,12,67,5,0.6349510938550874,0.9776119402985075,201,488,0.41186462939091417,3892.567340203918,9063.327227648646,12854.678639656111,3.3023651272228727,1.5,0.4086294416243655,0.856858846918489,1.1745079212674028,cost_subsidy_end,1
143,1724,1987,1179,4890,287,34,104,104,11,102,4,0.6360056168508467,0.9791666666666667,200,482,0.4108112041613889,3881.1950520125974,9063.327227648646,12854.678639656111,3.31204138606492,1.5,0.40882103477523324,0.8505180069067587,1.1679006448531168,cost_subsidy_end,1
144,1724,1997,1180,4901,275,40,84,112,10,68,6,0.6366522369420395,0.9800995024875622,201,483,0.41019320345057947,3870.94932181493,9063.327227648646,12854.678639656111,3.320807784078423,1.5,0.41440677966101697,0.8455125061304561,1.1627520759193357,cost_subsidy_end,1
145,1733,2007,1192,4932,245,46,92,118,10,58,6,0.6399211693386723,0.9850746268656716,201,480,0.4074695573506991,3862.5456220227043,9063.327227648646,12854.678639656111,3.3280328305674445,1.5,0.41778523489932884,0.8536945812807881,1.1765267175572518,cost_subsidy_end,1
146,1712,1979,1178,4869,315,25,74,74,10,135,1,0.6334907946738274,0.9751243781094527,201,477,0.4125177536571691,3851.350852334707,9063.327227648646,12854.678639656111,3.337706465216885,1.5,0.4057724957555178,0.8441814595660749,1.1631629240324892,cost_subsidy_end,1
147,1690,1958,1159,4807,379,21,65,65,9,124,4,0.6313663990146616,0.9718076285240463,201,471,0.41402335086631753,3837.6438346854634,9063.327227648646,12854.678639656111,3.3496278428635606,1.5,0.36928386540120794,0.8300589390962672,1.1442513687217328,cost_subsidy_end,1
148,1702,1967,1169,4838,345,35,107,107,8,73,8,0.6258244458683051,0.9632352941176471,204,480,0.41832742664606315,3825.142097914107,9063.327227648646,12854.678639656111,3.36057545330562,1.5,0.3669803250641574,0.8404938271604938,1.1538278082518483,cost_subsidy_end,1
149,1706,1985,1176,4867,317,23,84,84,8,53,5,0.6220104074320365,0.957326892109501,207,478,0.4213476435100949,3812.8187715164136,9063.327227648646,12854.678639656111,3.3714370941747167,1.5,0.35714285714285715,0.8598790322580645,1.1836089494163424,cost_subsidy_end,1
150,1694,1958,1160,4812,370,30,79,79,8,129,5,0.6282066398779479,0.9668284789644013,206,477,0.41597275860483873,3799.1445561725977,9063.327227648646,12854.678639656111,3.3835718671906503,1.5,0.35086206896551725,0.8529707955689829,1.1713729308666017,cost_subsidy_end,1
151,1708,1969,1169,4846,336,40,107,107,7,71,5,0.624909513485275,0.9617224880382775,209,484,0.41842268547843287,3786.6885314496585,9063.327227648646,12854.678639656111,3.3947018702208793,1.5,0.3532934131736527,0.8617558022199798,1.1816630090221898,cost_subsidy_end,1
152,1732,1985,1177,4894,288,38,103,111,8,52,5,0.6291723654124362,0.9682539682539683,210,489,0.41466996922683574,3776.3006726011463,9063.327227648646,12854.678639656111,3.404040025976455,1.5,0.3288020390824129,0.8703517587939699,1.1910440496471162,cost_subsidy_end,1
153,1733,1987,1173,4893,286,27,83,84,8,79,6,0.6358273393196177,0.9784688995215312,209,488,0.40909212375269094,3765.87250497531,9063.327227648646,12854.678639656111,3.41346623463037,1.5,0.3290707587382779,0.8669334667333667,1.183885797241713,cost_subsidy_end,1
154,1728,1988,1185,4901,279,24,84,100,8,74,5,0.6323826230129033,0.9731437598736178,211,492,0.41190921540060677,3754.9223619807935,9063.327227648646,12854.678639656111,3.423420619774152,1.5,0.3232067510548523,0.863568215892054,1.1846748851824993,cost_subsidy_end,1
155,1719,1985,1172,4876,303,31,95,95,8,115,4,0.6344501106930297,0.976303317535545,211,486,0.41002789048224353,3742.8408198464763,9063.327227648646,12854.678639656111,3.4344711032042725,1.5,0.3242320819112628,0.8577844311377245,1.1786318588349045,cost_subsidy_end,1
0,2151,1438,861,4450,257,28,55,55,27,62,0,2.777487807693424e-05,0.03934601475276024,151,700,1.0036961015197294,5833.333333333333,9166.666666666666,12500.0,2.142857142857143,2.0,0.3902439024390244,0.9986072423398329,1.001124859392576,cost_subsidy_end,0
1,2128,1424,848,4400,325,40,86,86,21,133,0,3.474026554494767e-05,0.04405276596222309,150,687,1.003704601594703,5833.333333333333,9166.666666666666,12500.0,2.142857142857143,2.0,0.4811320754716981,0.9856415006947661,0.98898628905372,cost_subsidy_end,0
2,2114,1415,834,4363,372,30,55,55,16,87,1,4.331514889570693e-05,0.04915257811486574,148,683,1.003525838935645,5829.85538373425,9166.666666666666,12500.0,2.1441355191890303,2.0,0.47002398081534774,0.999054820415879,0.9995418098510882,cost_subsidy_end,0
3,2124,1420,844,4388,358,27,67,67,14,41,2,5.262671689012283e-05,0.05342672981657602,150,682,1.0032745601769855,5826.154757890495,9166.666666666666,12500.0,2.145497419729705,2.0,0.4443127962085308,1.0095057034220531,1.0098964326812427,cost_subsidy_end,0
4,2143,1441,853,4437,319,45,100,100,14,49,2,6.592331376421852e-05,0.05985786931584114,152,687,1.0030907081091243,5823.460811279111,9166.666666666666,12500.0,2.1464899318613946,2.0,0.4783118405627198,1.0170859041290934,1.0214088397790055,cost_subsidy_end,0
5,2147,1436,854,4437,329,38,78,78,15,76,3,8.611725595040642e-05,0.06991839290472661,151,684,1.0028644594809546,5819.803303770421,9166.666666666666,12500.0,2.147838912683139,2.0,0.48711943793911006,1.0117813383600378,1.016029310739638,cost_subsidy_end,0
6,2135,1427,844,4406,366,24,48,48,14,75,4,0.000107863882124571,0.07828721805789085,152,677,1.002482873636401,5813.347188919561,9166.666666666666,12500.0,2.1502242329213415,2.0,0.4712254570074476,0.9990641085634067,1.001136105430584,cost_subsidy_end,0
7,2121,1420,837,4378,402,34,63,63,13,87,1,0.00013676521986529354,0.08871649741885122,151,675,1.0018992633403345,5803.885297469813,9166.666666666666,12500.0,2.153729675782762,2.0,0.4767025089605735,0.9962423673085956,0.9977210574293528,cost_subsidy_end,0
8,2135,1428,844,4407,382,39,82,82,12,53,3,0.00016957971895360119,0.09829312771498107,151,675,1.0013348126833883,5794.951036720355,9166.666666666666,12500.0,2.1570501494822567,2.0,0.4818325434439178,1.0215311004784688,1.0258379888268156,cost_subsidy_end,0
9,2139,1429,844,4412,385,33,66,66,12,59,2,0.00020932326957391725,0.1083928596775254,150,678,1.000727379457768,5785.229544057012,9166.666666666666,12500.0,2.1606748539201637,2.0,0.4805687203791469,1.0190566936636494,1.0170585523282618,cost_subsidy_end,0
10,2101,1408,834,4343,462,27,64,64,11,131,1,0.00024698841052750534,0.11423900134710095,149,668,0.9997695484147326,5769.929605584739,9166.666666666666,12500.0,2.1664042465788835,2.0,0.4774362328319162,1.0019074868860276,1.0011526048870447,cost_subsidy_end,0
11,2102,1415,835,4352,459,31,65,65,10,54,2,0.0002923457693869484,0.12075857968573096,149,668,0.998782689671512,5753.965579863981,9166.666666666666,12500.0,2.172414802713417,2.0,0.474251497005988,1.0169327527818093,1.021116846550915,cost_subsidy_end,0
12,2123,1427,849,4399,418,47,96,96,10,49,4,0.00034436009423065116,0.12701491527090528,149,671,0.9978906442270825,5739.912398439545,9166.666666666666,12500.0,2.1777335841219903,2.0,0.48881036513545345,1.0211640211640212,1.020886516593177,cost_subsidy_end,0
13,2130,1423,842,4395,423,34,63,63,10,64,6,0.0003983079472381914,0.13116814916909925,150,670,0.9970455705393959,5726.204302981846,9166.666666666666,12500.0,2.1829469118820626,2.0,0.4857482185273159,1.0147689375893283,1.0168903285515964,cost_subsidy_end,0
14,2091,1404,829,4324,498,23,51,51,10,121,5,0.0004710890584896189,0.1384959353006112,149,653,0.9958689900649252,5707.455488566035,9166.666666666666,12500.0,2.1901178248418636,2.0,0.48492159227985526,0.982151244715829,0.9818346957311535,cost_subsidy_end,0
15,2093,1402,828,4323,500,33,66,66,9,64,5,0.0005516542000837992,0.14477508875752912,149,649,0.9946653601212795,5688.4042673918075,9166.666666666666,12500.0,2.1974528202320225,2.0,0.4927536231884058,0.9771241830065359,0.9778330694413029,cost_subsidy_end,0
16,2100,1407,833,4340,484,38,71,71,9,53,7,0.0006466261447640941,0.15147942882338067,149,646,0.9934818384800518,5669.93085027588,9166.666666666666,12500.0,2.2046124247514927,2.0,0.48139255702280914,0.9731232622798888,0.9744050291872475,cost_subsidy_end,0
17,2100,1408,836,4344,479,35,70,70,9,63,7,0.0007422422937172099,0.1552078207794588,150,645,0.9922922477533004,5651.3201903491,9166.666666666666,12500.0,2.211872549947986,2.0,0.47607655502392343,0.9762900976290098,0.9788192879675529,cost_subsidy_end,0
18,2096,1410,826,4332,487,27,60,60,9,67,8,0.0008711373476763765,0.1626038247765709,149,647,0.9910483371214974,5632.114890840434,9166.666666666666,12500.0,2.2194149519799176,2.0,0.4854721549636804,0.9789817842129845,0.9812004530011325,cost_subsidy_end,0
19,2108,1403,831,4342,477,36,72,72,9,60,7,0.0010132027860716706,0.1688268495518328,149,644,0.989806138415214,5613.956806143666,9166.666666666666,12500.0,2.226593547410367,2.0,0.48495788206979545,0.9882794186591655,0.9856980703745744,cost_subsidy_end,0
20,2095,1401,828,4324,490,22,54,54,9,68,10,0.0011845745225741958,0.1762182725130556,149,638,0.9885100266754505,5594.473207776262,9166.666666666666,12500.0,2.2343479959158845,2.0,0.46618357487922707,0.9900756143667296,0.9908340971585701,cost_subsidy_end,0
21,2120,1411,838,4369,444,44,91,91,9,43,7,0.0013763633804438587,0.18282126180741304,150,648,0.9873194982387066,5577.70113596877,9166.666666666666,12500.0,2.2410666500920224,2.0,0.4737470167064439,1.0052157420578474,1.0022941041523286,cost_subsidy_end,0
22,2125,1417,831,4373,434,33,59,59,9,53,13,0.0016148849987543841,0.1915679591500246,150,644,0.9861593974265535,5561.935801104163,9166.666666666666,12500.0,2.247418964727799,2.0,0.48495788206979545,1.006155303030303,1.0020623281393217,cost_subsidy_end,0
23,2116,1410,825,4351,453,27,50,50,10,67,8,0.0018903833612561793,0.20032003354376524,150,642,0.9848901459298273,5545.0038503787555,9166.666666666666,12500.0,2.254281572617155,2.0,0.48363636363636364,0.995764705882353,0.9920200638394893,cost_subsidy_end,0
24,2079,1388,815,4282,518,26,63,63,9,130,11,0.0022065477142930476,0.20893515681139674,149,632,0.9833770764299397,5524.148687583507,9166.666666666666,12500.0,2.26279209828221,2.0,0.4638036809815951,0.977892756349953,0.9765108323831243,cost_subsidy_end,0
25,2089,1392,823,4304,492,34,77,77,8,54,11,0.0025436492572018087,0.2152963506486973,150,636,0.9819154320938173,5504.780455935991,9166.666666666666,12500.0,2.2707535931829628,2.0,0.45929526123936815,0.9761682242990655,0.9772933696639419,cost_subsidy_end,0
26,2085,1391,819,4295,498,30,70,70,9,77,10,0.002931069691483725,0.2218572667519541,151,633,0.9803745341353156,5484.842409650467,9166.666666666666,12500.0,2.2790080491659173,2.0,0.4700854700854701,0.9715750232991612,0.9708408679927667,cost_subsidy_end,0
27,2095,1400,829,4324,467,37,83,83,9,53,10,0.003400098603524988,0.2302637180114183,152,637,0.9788613065960124,5466.091383363816,9166.666666666666,12500.0,2.286826019419298,2.0,0.4692400482509047,0.9826454033771107,0.982503976369007,cost_subsidy_end,0
28,2049,1365,810,4224,565,39,85,85,9,183,9,0.004027642316556874,0.24418766152397206,150,615,0.9766806179880083,5442.293887950878,9162.361574382921,12500.0,2.296825613860128,2.0,0.48148148148148145,0.9601686972820993,0.960218231416231,cost_subsidy_end,0
29,2078,1383,821,4282,501,52,96,96,8,38,14,0.0047029249977547935,0.25542785831365883,150,621,0.9748695694566766,5422.369858493115,9162.361574382921,12500.0,2.3052651010924894,2.0,0.49573690621193667,0.984367598294647,0.9821100917431193,cost_subsidy_end,0
30,2080,1386,816,4282,500,42,80,80,8,77,6,0.0053736843223345645,0.2616536559089138,149,620,0.9730522475785355,5402.459145891029,9162.361574382921,12500.0,2.313761134039704,2.0,0.5171568627450981,0.9848484848484849,0.9798627002288329,cost_subsidy_end,0
31,2075,1383,818,4276,504,29,57,57,8,61,8,0.006220903189901079,0.2717879609841696,150,613,0.9710861459471931,5382.071843815042,9162.361574382921,12500.0,2.3225256672046704,2.0,0.5073349633251834,0.9669151910531221,0.9650191830286617,cost_subsidy_end,0
32,2093,1394,826,4313,464,35,77,80,8,38,9,0.0072130939442656816,0.283028815509208,150,616,0.9690749180043745,5363.546485504326,9162.361574382921,12500.0,2.330547527421056,2.0,0.5181598062953995,0.97122969837587,0.9694313328837941,cost_subsidy_end,0
33,2098,1405,829,4332,447,28,64,70,9,42,4,0.008170374896329742,0.2882289615904569,149,615,0.9671601478067461,5345.165890324293,9162.361574382921,12500.0,2.3385616567349645,2.0,0.4969843184559711,0.9730983302411874,0.9752363800090049,cost_subsidy_end,0
34,2103,1403,829,4335,443,41,75,82,9,69,7,0.00945209727226761,0.30013035594496273,148,612,0.9648665008701639,5327.113226279631,9162.361574382921,12500.0,2.346486637140581,2.0,0.5066344993968637,0.973160573808422,0.9726273277989679,cost_subsidy_end,0
35,2108,1404,832,4344,430,36,75,78,9,64,11,0.010844711889303157,0.31033539416110684,148,613,0.9625542525014892,5309.846031684104,9162.361574382921,12500.0,2.3541172240045953,2.0,0.515625,0.9800092980009298,0.9788192879675529,cost_subsidy_end,0
36,2140,1428,843,4411,362,50,115,128,9,45,7,0.01239515117240588,0.32010171042593805,149,621,0.9603084545323635,5295.894502710705,9162.361574382921,12500.0,2.3603189213081706,2.0,0.5373665480427047,0.990282276723739,0.9872426141450313,cost_subsidy_end,0
37,2131,1426,841,4398,370,30,68,69,10,79,13,0.01426994134623304,0.33305629576726237,148,618,0.9577594677176882,5281.29210528724,9162.361574382921,12500.0,2.366845035419632,2.0,0.5338882282996433,0.986574074074074,0.9860986547085202,cost_subsidy_end,0
38,2153,1435,851,4439,331,39,87,98,10,44,6,0.016344545068940602,0.3453086305578389,148,614,0.9550734614692357,5268.713728060789,9162.361574382921,12500.0,2.3724955739056197,2.0,0.5381903642773208,0.9935394554683895,0.989964317573595,cost_subsidy_end,0
39,2149,1436,853,4438,325,27,71,76,10,69,14,0.01859625204355642,0.35622123201725503,149,610,0.9523087947589468,5256.110725336281,9162.361574382921,12500.0,2.3781842988477497,2.0,0.5252051582649473,0.9875919117647058,0.9875389408099688,cost_subsidy_end,0
40,2172,1446,860,4478,284,51,85,108,10,41,7,0.021292882048731768,0.3704643475378431,149,607,0.9492121890637901,5246.745602968987,9162.361574382921,12500.0,2.3824292134397744,2.0,0.5348837209302325,0.9908759124087592,0.9909271962823634,cost_subsidy_end,0
41,2186,1456,864,4506,259,60,85,116,11,52,3,0.024170218228730923,0.38264890267686785,150,608,0.9461448523985488,5239.943073905016,9162.361574382921,12500.0,2.3855220989422885,2.0,0.5416666666666666,0.9963536918869644,0.9947019867549669,cost_subsidy_end,0
42,2206,1466,871,4543,223,57,76,103,12,38,10,0.02740584580713702,0.3955380957190982,151,610,0.9429341047405547,5236.849587545205,9162.361574382921,12500.0,2.386931262973208,2.0,0.5545350172215844,0.9941415051825147,0.989760348583878,cost_subsidy_end,0
43,2215,1473,874,4562,206,52,75,102,14,52,8,0.030749039017397378,0.4053588839923448,153,613,0.9397733444905007,5235.8143459807525,9162.361574382921,12500.0,2.3874032144771453,2.0,0.5789473684210527,0.9986474301172227,0.9975945768642029,cost_subsidy_end,0
44,2248,1496,892,4636,143,88,104,168,16,30,5,0.034795997626292145,0.4198091523034044,154,618,0.9363652290521272,5235.8143459807525,9168.535144213789,12503.026905829594,2.3879813300537447,2.0,0.6266816143497758,1.009429726088909,1.0084837937785511,cost_subsidy_end,0
45,2270,1520,899,4689,108,77,99,141,21,44,1,0.039568261613624214,0.4377657976136571,154,617,0.9319847630387141,5235.8143459807525,9168.535144213789,12503.026905829594,2.3879813300537447,2.0,0.6763070077864294,1.0066518847006651,1.0101249461439035,cost_subsidy_end,0
46,2288,1528,903,4719,106,66,94,120,29,63,0,0.04415342162462265,0.4488368663976239,156,619,0.9276598073412217,5235.8143459807525,9168.535144213789,12503.026905829594,2.3879813300537447,2.0,0.7009966777408638,1.0132860938883967,1.0135309278350515,cost_subsidy_end,0
47,2307,1538,898,4743,107,51,81,94,31,51,0,0.04998898725111758,0.46781874220842073,156,613,0.9221135354795073,5235.8143459807525,9168.535144213789,12503.026905829594,2.3879813300537447,2.0,0.7216035634743875,1.0198938992042441,1.01650235747964,cost_subsidy_end,0
48,2320,1557,916,4793,83,76,100,153,31,48,3,0.05632457002950852,0.4862028157540435,156,616,0.9163723911888096,5235.8143459807525,9168.535144213789,12503.026905829594,2.3879813300537447,2.0,0.7358078602620087,1.0229276895943562,1.0239265114291818,cost_subsidy_end,0
49,2333,1568,922,4823,81,65,101,133,32,67,0,0.062386014789314305,0.4976727612864585,158,619,0.9107287824878141,5235.8143459807525,9168.535144213789,12503.026905829594,2.3879813300537447,2.0,0.7689804772234273,1.0300220750551876,1.0318784766795037,cost_subsidy_end,0
50,2337,1570,933,4840,95,59,93,129,32,75,0,0.06931923675166525,0.5119764245487125,159,615,0.9043458962302361,5235.8143459807525,9168.535144213789,12504.82262459206,2.388324298433409,2.0,0.7813504823151125,1.0313327449249778,1.0344090617653345,cost_subsidy_end,0
51,2334,1575,936,4845,119,41,75,92,33,66,0,0.0779251736162992,0.533824426640829,158,605,0.8963754598416163,5235.8143459807525,9168.535144213789,12504.82262459206,2.388324298433409,2.0,0.7938034188034188,1.0532490974729243,1.058784965034965,cost_subsidy_end,0
52,2353,1593,941,4887,101,62,82,113,27,38,1,0.08679890751668663,0.5524969006926422,158,604,0.8880824398674195,5235.8143459807525,9168.535144213789,12504.82262459206,2.388324298433409,2.0,0.8012752391073327,1.0676043557168784,1.0738299274884642,cost_subsidy_end,0
53,2382,1617,957,4956,59,95,119,184,31,46,0,0.09600014485890562,0.5687796307203264,158,597,0.8795122664891273,5235.8143459807525,9168.535144213789,12504.82262459206,2.388324298433409,2.0,0.8244514106583072,1.078804347826087,1.0866038149528612,cost_subsidy_end,0
54,2404,1634,970,5008,38,76,98,149,35,42,0,0.1060225858212912,0.585716898260204,158,596,0.8701468444918463,5235.8143459807525,9168.535144213789,12504.82262459206,2.388324298433409,2.0,0.8329896907216495,1.080935251798561,1.0891692040017398,cost_subsidy_end,0
55,2406,1652,980,5038,40,68,87,140,36,53,0,0.11608753218012939,0.5990475411340552,159,599,0.8616932344174734,5235.8143459807525,9168.535144213789,12505.333025515512,2.388421781057835,2.0,0.8408163265306122,1.0813483146067415,1.0990401396160558,cost_subsidy_end,0
56,2383,1648,978,5009,101,33,89,89,35,115,0,0.1276639591279192,0.6164789712045191,157,583,0.8519247933368641,5235.8143459807525,9168.535144213789,12505.333025515512,2.388421781057835,2.0,0.7862985685071575,1.0792572463768115,1.0975021910604732,cost_subsidy_end,0
57,2395,1671,992,5058,87,73,104,155,36,54,0,0.13840604066441212,0.6266081716628906,158,584,0.8430874094010672,5235.8143459807525,9168.535144213789,12505.333025515512,2.388421781057835,2.0,0.7711693548387096,1.0866606170598911,1.1101843722563651,cost_subsidy_end,0
58,2354,1664,989,5007,171,37,104,104,35,153,0,0.15108684726900165,0.6425595496129696,157,574,0.8326975673955834,5235.8143459807525,9168.535144213789,12505.333025515512,2.388421781057835,2.0,0.7441860465116279,1.0513622152746762,1.0840008659883091,cost_subsidy_end,0
59,2356,1679,997,5032,163,51,85,115,21,56,0,0.16215648489526222,0.649181373193173,159,573,0.8238246580886759,5235.8143459807525,9168.535144213789,12505.333025515512,2.388421781057835,2.0,0.7382146439317954,1.0999066293183941,1.1394927536231885,cost_subsidy_end,0
60,2375,1706,1027,5108,108,105,130,222,22,53,0,0.1763580072494831,0.6660695650556498,159,576,0.8126018921641384,5235.8143459807525,9168.535144213789,12516.852056715257,2.39062182682695,2.0,0.744888023369036,1.1150234741784038,1.1617011598817375,cost_subsidy_end,0
61,2343,1701,1016,5060,187,48,124,124,34,169,0,0.1907901058598007,0.6813483176420134,158,569,0.8010339694550948,5235.8143459807525,9168.535144213789,12516.852056715257,2.39062182682695,2.0,0.7362204724409449,1.090274546300605,1.1432444645277904,cost_subsidy_end,0
62,2321,1721,1030,5072,196,53,96,128,21,84,0,0.20523577575048396,0.694698938971006,157,564,0.7898384994729104,5235.8143459807525,9168.535144213789,12516.852056715257,2.39062182682695,2.0,0.7203883495145631,1.0855940130963517,1.1485507246376812,cost_subsidy_end,0
63,2333,1747,1043,5123,164,86,112,168,20,60,0,0.21919852410028698,0.7050025632463334,158,567,0.7790549996131358,5235.8143459807525,9168.535144213789,12516.852056715257,2.39062182682695,2.0,0.7545541706615532,1.0912067352666044,1.1611514052583862,cost_subsidy_end,0
64,2318,1762,1051,5131,175,56,87,124,23,75,0,0.23450804584409393,0.7185012602698714,158,561,0.7673531071601334,5235.8143459807525,9168.535144213789,12516.852056715257,2.39062182682695,2.0,0.7431018078020932,1.0756380510440835,1.1512227956024232,cost_subsidy_end,0
65,2311,1779,1061,5151,173,73,104,161,22,80,0,0.24901425037667713,0.7286747164027403,157,557,0.7565030843669744,5235.8143459807525,9168.535144213789,12516.852056715257,2.39062182682695,2.0,0.7153628652214892,1.0674364896073902,1.1505472414563325,cost_subsidy_end,0
66,2264,1774,1058,5096,248,27,87,87,23,139,0,0.26331353824010617,0.7378157064802533,157,547,0.7459310658798739,5232.139428668687,9168.535144213789,12516.852056715257,2.392300936808207,2.0,0.6710775047258979,1.0437989857076995,1.1400447427293066,cost_subsidy_end,0
67,2265,1824,1090,5179,179,105,135,243,17,49,0,0.2801907155204601,0.7537169242427874,156,548,0.7318839565701764,5232.139428668687,9170.304510645128,12516.852056715257,2.392300936808207,2.0,0.6853211009174311,1.0409007352941178,1.1547380156075808,cost_subsidy_end,0
68,2279,1856,1108,5243,136,95,118,196,23,52,0,0.2938298811236094,0.7607141392713552,157,552,0.7203689291582038,5232.139428668687,9171.727488931263,12516.852056715257,2.392300936808207,2.0,0.73014440433213,1.035909090909091,1.1576506955177743,cost_subsidy_end,0
69,2234,1858,1093,5185,224,38,119,121,33,174,0,0.30674476116461774,0.7661794052279871,156,547,0.7094207285628241,5230.393956152828,9171.727488931263,12516.852056715257,2.393099288819522,2.0,0.7081427264409881,1.016378525932666,1.142322097378277,cost_subsidy_end,0
70,2235,1896,1124,5255,173,85,113,194,23,41,2,0.3229730169974211,0.7801190154804056,156,549,0.6957696355027928,5230.393956152828,9171.727488931263,12516.852056715257,2.393099288819522,2.0,0.7313167259786477,1.0103978300180831,1.1508979413053,cost_subsidy_end,0
71,2248,1937,1155,5340,115,109,127,236,29,40,0,0.3393667787151021,0.7944543329875211,156,549,0.6819054294396271,5230.393956152828,9171.727488931263,12516.852056715257,2.393099288819522,2.0,0.7619047619047619,1.0107913669064748,1.1649214659685865,cost_subsidy_end,0
72,2259,1985,1183,5427,68,121,131,251,44,41,1,0.3531309202619929,0.8028787969177953,157,557,0.6705929264932879,5230.393956152828,9171.727488931263,12534.140760232309,2.3964047192826925,2.0,0.757396449704142,1.0143691064211944,1.1795261899587046,cost_subsidy_end,0
73,2269,2011,1198,5478,74,77,114,171,58,62,0,0.36763524854549734,0.8133913809998268,156,559,0.6583261799216666,5230.393956152828,9171.727488931263,12540.460143386883,2.3976129233314794,2.0,0.7721202003338898,1.0262324739936681,1.200525969756739,cost_subsidy_end,0
74,2247,2033,1209,5489,121,63,115,171,61,101,0,0.3847527384852009,0.8299072863807768,154,560,0.6440853300948804,5230.393956152828,9171.727488931263,12556.869579240347,2.4007502464453836,2.0,0.7733664185277088,1.0098876404494381,1.1942993907745867,cost_subsidy_end,0
75,2239,2056,1215,5510,144,59,81,139,47,57,0,0.39171014839085283,0.8251261805376588,157,561,0.6389137043467221,5230.393956152828,9175.688818702747,12593.765072571941,2.407804302725063,2.0,0.7473251028806585,1.0022381378692928,1.1949685534591195,cost_subsidy_end,0
76,2233,2097,1242,5572,119,104,138,247,41,72,0,0.40181768948542385,0.8279076483857278,159,569,0.6310951665362269,5230.393956152828,9179.215573680274,12629.416987221832,2.4146205989636953,2.0,0.7697262479871175,1.002694207453974,1.211831230969987,cost_subsidy_end,0
77,2248,2145,1267,5660,73,115,126,248,49,31,0,0.41838346474714205,0.8444320791828884,159,573,0.6176234088881912,5230.393956152828,9179.215573680274,12673.93393770718,2.42313180306391,2.0,0.7876874506708761,1.0017825311942958,1.2227262907755454,cost_subsidy_end,0
78,2264,2183,1296,5743,52,117,143,260,67,55,0,0.43089888954438466,0.8530941797450581,158,569,0.6075788935277764,5230.393956152828,9179.215573680274,12717.040959927406,2.431373442715072,2.0,0.8395061728395061,1.0107142857142857,1.2411929976226497,cost_subsidy_end,0
79,2255,2209,1306,5770,89,69,107,179,68,76,0,0.4354668562896875,0.8467588239627875,162,571,0.6051228141901325,5230.393956152828,9202.410857216844,12769.506056935132,2.441404254437391,2.0,0.8055130168453293,1.0139388489208634,1.2576285963382738,cost_subsidy_end,0
80,2267,2247,1325,5839,83,114,166,265,68,92,0,0.4516375560709006,0.8635560659766588,161,574,0.5919398161138417,5230.393956152828,9208.57856115586,12811.428586254126,2.4494194306689403,2.0,0.8083018867924529,1.0202520252025202,1.274334351811436,cost_subsidy_end,0
81,2282,2274,1347,5903,80,96,121,223,66,52,0,0.4617532345088027,0.8691281410621509,163,578,0.5848742448881307,5230.393956152828,9230.656472464312,12890.427640327938,2.464523274611877,2.0,0.838158871566444,1.028391167192429,1.2897094166484597,cost_subsidy_end,0
82,2282,2294,1367,5943,100,85,135,225,65,90,0,0.47297206216623056,0.8772595570168916,163,574,0.5767149003927519,5230.393956152828,9248.409592061746,12968.373708268648,2.479425797938828,2.0,0.8258961228968544,1.0260791366906474,1.2964659685863875,cost_subsidy_end,0
83,2263,2305,1365,5933,165,49,112,127,58,119,0,0.48630588954264625,0.8896866482724892,162,577,0.5651235150006477,5230.393956152828,9248.409592061746,12968.373708268648,2.479425797938828,2.0,0.7831501831501831,1.0125279642058165,1.2886620330147698,cost_subsidy_end,0
84,2271,2335,1395,6001,132,95,134,250,36,65,0,0.49657967925866353,0.8968937463081995,162,576,0.5580442923856658,5230.393956152828,9281.40284769424,13044.696538480035,2.4940179741403172,2.0,0.7476702508960573,1.02113309352518,1.3082624809243515,cost_subsidy_end,0
85,2249,2338,1386,5973,200,57,156,162,46,178,0,0.5037367880471842,0.8989707484697476,163,574,0.5518032544860464,5230.351171744189,9281.40284769424,13044.696538480035,2.494038375272221,2.0,0.7380952380952381,1.013063063063063,1.3067162546488733,cost_subsidy_end,0
86,2261,2353,1402,6016,181,80,124,202,31,74,0,0.512600546048036,0.9045944703511383,163,571,0.545134619641973,5230.351171744189,9302.285017977154,13093.041933069151,2.5032816159269387,2.0,0.7417974322396577,1.0198466396030672,1.3146853146853146,cost_subsidy_end,0
87,2280,2379,1425,6084,143,99,136,247,34,64,0,0.5188543822464339,0.9060998496396103,165,576,0.5418728935096346,5230.351171744189,9342.332938596794,13195.489243633167,2.522868696641034,2.0,0.7578947368421053,1.0192221725525257,1.3174534430489389,cost_subsidy_end,0
88,2271,2392,1434,6097,170,59,118,173,46,99,0,0.5280140331876989,0.9131363620980968,166,575,0.5347866865441857,5230.351171744189,9347.082218217753,13261.117018588253,2.535416185863101,2.0,0.7217573221757322,1.0206741573033709,1.3265883376849434,cost_subsidy_end,0
89,2285,2424,1449,6158,142,94,147,237,37,82,0,0.5357630303002797,0.9181400595491599,166,582,0.529536392698809,5230.351171744189,9378.516795050637,13335.265790213238,2.549592819360591,2.0,0.6997929606625258,1.0237455197132617,1.3366616019101367,cost_subsidy_end,0
90,2280,2437,1460,6177,157,71,141,198,43,113,0,0.5471683097667241,0.929765150819155,165,582,0.5194538429829065,5230.351171744189,9378.516795050637,13335.996489708594,2.5497325230767207,2.0,0.663013698630137,1.0415714938328005,1.3644797879390325,cost_subsidy_end,0
91,2285,2464,1470,6219,143,82,125,213,36,75,0,0.5549334345476711,0.9355438854615281,166,582,0.514091111209765,5230.351171744189,9420.659221168657,13390.973454829435,2.5602436653147107,2.0,0.6673469387755102,1.0622966062296606,1.3953331837558896,cost_subsidy_end,0
92,2272,2465,1473,6210,192,48,98,147,42,105,0,0.5522391993833601,0.9241912068930609,170,584,0.5178841421962532,5230.351171744189,9451.500892533699,13446.0100830002,2.5707662146356984,2.0,0.6211812627291242,1.0562529056252905,1.3942523574315222,cost_subsidy_end,0
93,2287,2494,1494,6275,159,83,125,211,35,57,0,0.5577147169965292,0.9270106889834516,172,583,0.514619685258147,5230.351171744189,9481.863933893354,13527.118143822154,2.5862734068219755,2.0,0.6037483266398929,1.0490825688073395,1.395685053380783,cost_subsidy_end,0
94,2291,2499,1494,6284,183,49,95,140,39,80,0,0.5661768964609752,0.9351397216097515,173,584,0.5083075935913611,5230.351171744189,9512.225628650864,13590.606866997845,2.5984119269883985,2.0,0.5796519410977242,1.0596669750231267,1.4105499438832771,cost_subsidy_end,0
95,2284,2514,1502,6300,200,59,101,173,36,82,0,0.5774461656981925,0.9481757388516695,173,582,0.5003582777623028,5230.351171744189,9576.442610898064,13672.005734757842,2.613974719062425,2.0,0.5832223701731025,1.0608453320947515,1.4150943396226414,cost_subsidy_end,0
96,2282,2526,1502,6310,215,50,119,161,33,101,0,0.5841488434454821,0.9539885674434613,173,586,0.49515544748088103,5228.850798571525,9602.783514801675,13708.379459735268,2.6216811279985794,2.0,0.5532623169107856,1.0618892508143323,1.4214913268754223,cost_subsidy_end,0
97,2283,2547,1518,6348,201,86,144,231,30,100,0,0.5873097455411771,0.9543486659078263,174,587,0.4935506458136357,5228.610827158064,9643.901676172867,13744.176571842243,2.628647842836812,2.0,0.5665349143610013,1.070323488045007,1.4391294491045115,cost_subsidy_end,0
98,2278,2547,1517,6342,233,47,116,154,32,116,0,0.5869608895644927,0.9493714354359719,175,581,0.49461208914065585,5225.834758335661,9673.836771049908,13761.988734756047,2.633452715435458,2.0,0.5451549110085695,1.0775780510879849,1.4549208534067446,cost_subsidy_end,0
99,2285,2572,1526,6383,218,85,161,220,29,117,0,0.5924279620872062,0.9541266919902797,174,584,0.49014455808528606,5224.26700790816,9692.101215591207,13779.55646349478,2.6376057048072337,2.0,0.5327653997378768,1.0722665415297983,1.450352192683481,cost_subsidy_end,0
100,2307,2613,1550,6470,151,117,151,285,30,54,0,0.5973036677611191,0.9581983489884304,175,591,0.48741810188513934,5224.26700790816,9746.90071936432,13840.897714848401,2.6493473043963753,2.0,0.5619354838709677,1.07803738317757,1.466122818944029,cost_subsidy_end,0
101,2286,2600,1549,6435,225,51,159,166,42,192,1,0.5915668934437408,0.9455627763018948,178,591,0.4929795874591918,5222.899792772837,9746.90071936432,13857.89280035753,2.653294788372797,2.0,0.5345384118786314,1.065237651444548,1.4509582863585118,cost_subsidy_end,0
102,2291,2601,1546,6438,247,42,125,128,31,116,0,0.6013268185894645,0.9579670857725271,177,596,0.4838439786899673,5219.215469629181,9746.90071936432,13857.89280035753,2.6551677892965238,2.0,0.5168175937904269,1.1529944640161047,1.5687134502923976,cost_subsidy_end,0
103,2314,2633,1563,6510,197,96,149,223,28,72,1,0.6103813602870276,0.9694226313387053,177,602,0.475479592081252,5219.215469629181,9746.90071936432,13857.89280035753,2.6551677892965238,2.0,0.5201535508637236,1.1628140703517589,1.5812484819042993,cost_subsidy_end,0
104,2300,2621,1553,6474,260,36,119,119,33,150,1,0.6175851519428754,0.9781163921173036,174,598,0.468753267073002,5215.248701616859,9746.90071936432,13857.89280035753,2.6571873352964417,2.0,0.5157759175788796,1.15,1.564902102973169,cost_subsidy_end,0
105,2308,2636,1568,6512,245,53,118,154,27,77,1,0.6124382715931608,0.9674749179644554,176,606,0.4735081793144038,5211.085490941616,9746.90071936432,13857.89280035753,2.6593102002349767,2.0,0.4917091836734694,1.1597989949748744,1.5817342725285402,cost_subsidy_end,0
106,2290,2624,1550,6464,315,48,141,141,27,186,2,0.6116481797457269,0.9639557270194905,175,601,0.4740926292652869,5202.822140481193,9746.90071936432,13857.89280035753,2.6635338334044714,2.0,0.4967741935483871,1.1478696741854637,1.5696940262263235,cost_subsidy_end,0
107,2297,2631,1559,6487,307,38,113,119,23,83,1,0.6152040290553993,0.9674749179644556,176,600,0.4706773129544559,5193.4054127594445,9746.90071936432,13857.89280035753,2.6683633760442995,2.0,0.4804361770365619,1.1577620967741935,1.5806530214424952,cost_subsidy_end,0
108,2322,2652,1571,6545,262,86,127,191,22,61,1,0.6202447900573164,0.9734848484848485,176,601,0.4659005197463202,5188.212007346685,9746.90071936432,13857.89280035753,2.6710344104547543,2.0,0.4996817313812858,1.162162162162162,1.5858977465471287,cost_subsidy_end,0
109,2326,2657,1574,6557,264,61,115,165,26,92,1,0.6178498581447835,0.967984934086629,177,605,0.46834674936087345,5183.244826834616,9749.417231932433,13883.00252733759,2.678438505444065,2.0,0.48284625158831,1.1783181357649444,1.60200342047398,cost_subsidy_end,0
110,2341,2678,1588,6607,235,85,155,216,26,101,1,0.623501239931578,0.9752380952380953,175,609,0.4633092337200642,5180.609893203252,9751.761751983728,13898.948746865213,2.6828788566188058,2.0,0.5025188916876574,1.1752008032128514,1.601308773630635,cost_subsidy_end,0
111,2335,2685,1599,6619,246,63,153,190,29,136,1,0.6256543396329236,0.9771428571428571,175,608,0.4613537658892105,5176.734475725003,9751.761751983728,13898.948746865213,2.6848873188379363,2.0,0.48530331457160725,1.20671834625323,1.6526841448189762,cost_subsidy_end,0
112,2327,2684,1593,6604,279,49,142,145,27,150,2,0.6264240060471293,0.9770114942528736,174,602,0.46054906961493147,5169.996567002853,9751.761751983728,13898.948746865213,2.688386455723065,2.0,0.4444444444444444,1.208203530633437,1.654308617234469,cost_subsidy_end,0
113,2329,2681,1593,6603,302,41,105,116,25,104,1,0.6265880423538122,0.9760536398467433,174,602,0.4602611790898999,5161.877640688552,9751.761751983728,13898.948746865213,2.6926149192895648,2.0,0.4381669805398619,1.198045267489712,1.648689138576779,cost_subsidy_end,0
114,2338,2695,1603,6636,283,62,121,157,23,83,4,0.6303756009047647,0.9808429118773946,174,610,0.4566789819223352,5154.921527504308,9751.761751983728,13898.948746865213,2.696248366285843,2.0,0.4479101684341859,1.1952965235173825,1.6369018253576715,cost_subsidy_end,0
115,2324,2677,1593,6594,342,32,95,98,24,131,1,0.6304091754256224,0.9798850574712644,174,602,0.45649028187706125,5144.603876919535,9751.761751983728,13898.948746865213,2.701655769693112,2.0,0.4105461393596987,1.1767088607594938,1.6122249388753056,cost_subsidy_end,0
116,2326,2674,1587,6587,363,43,115,115,22,118,4,0.6297668802199221,0.977969348659004,174,598,0.45686529656285185,5132.968056041086,9751.761751983728,13898.948746865213,2.7077800982040556,2.0,0.41650913673597983,1.1765300961052099,1.6085470085470086,cost_subsidy_end,0
117,2343,2705,1614,6662,298,82,144,202,21,64,6,0.6297715648154746,0.9771428571428571,175,608,0.45683158766958776,5124.540737036545,9751.761751983728,13898.948746865213,2.712233048790787,2.0,0.4275092936802974,1.1726726726726726,1.6099565007249879,cost_subsidy_end,0
118,2329,2687,1595,6611,368,38,95,95,23,142,0,0.6332646039241097,0.9818007662835248,174,604,0.4533821984191336,5112.818157737934,9751.761751983728,13898.948746865213,2.718451608890102,2.0,0.4263322884012539,1.158130283441074,1.5853717026378897,cost_subsidy_end,0
119,2341,2699,1598,6638,350,37,98,98,21,65,6,0.6325490267722789,0.98,175,603,0.45383894358467486,5101.0161168691575,9751.761751983728,13898.948746865213,2.7247411943869624,2.0,0.42490613266583227,1.1543392504930967,1.5880382775119617,cost_subsidy_end,0
120,2314,2665,1583,6562,441,40,119,119,21,192,3,0.6281350571528049,0.9725378787878788,176,603,0.4576885723046162,5085.200508130091,9751.761751983728,13898.948746865213,2.7332154798309176,2.0,0.3998736576121289,1.143845773603559,1.5717365269461079,cost_subsidy_end,0
121,2338,2693,1600,6631,382,46,132,136,18,59,4,0.632172953816992,0.9782196969696969,176,603,0.4537533494106895,5070.5582819528645,9751.761751983728,13898.948746865213,2.741108172710363,2.0,0.38625,1.16318407960199,1.594373647511421,cost_subsidy_end,0
122,2313,2670,1580,6563,456,24,72,72,19,132,5,0.6318953724662834,0.9772727272727273,176,600,0.45373637677192435,5052.508955224445,9751.761751983728,13898.948746865213,2.750900368517563,2.0,0.35253164556962024,1.1553446553446554,1.5837355212355213,cost_subsidy_end,0
123,2297,2660,1569,6526,498,28,89,89,17,120,6,0.6352623111930722,0.9820075757575757,176,597,0.45035330402467266,5032.184425414065,9751.761751983728,13898.948746865213,2.7620110019559867,2.0,0.3326959847036329,1.1433549029367844,1.5698821265335579,cost_subsidy_end,0
124,2304,2663,1570,6537,496,44,120,120,16,106,4,0.6308370983960747,0.9747410284270198,178,597,0.4540899776077904,5011.660144831809,9751.761751983728,13898.948746865213,2.773322281479576,2.0,0.3292993630573248,1.1809328549461815,1.6232927737770053,cost_subsidy_end,0
125,2313,2672,1582,6567,473,35,113,115,16,79,5,0.6210712337075458,0.9592705296337518,182,605,0.4627841870894536,4991.199347488066,9751.761751983728,13898.948746865213,2.7846911692397485,2.0,0.3230088495575221,1.1972049689440993,1.6471030850263355,cost_subsidy_end,0
126,2322,2664,1578,6564,478,52,140,146,16,135,6,0.6268150306598341,0.9677932029098133,181,604,0.45711317796706064,4970.877649603061,9751.761751983728,13898.948746865213,2.796075406920362,2.0,0.31749049429657794,1.1975244971634864,1.637316038912447,cost_subsidy_end,0
127,2283,2629,1550,6462,581,31,97,97,16,194,10,0.6242047837013838,0.9634476095926453,180,601,0.45915130088022765,4946.695001577966,9751.761751983728,13898.948746865213,2.8097444338960726,2.0,0.3225806451612903,1.1719712525667352,1.6066633515663848,cost_subsidy_end,0
128,2289,2636,1559,6484,563,40,124,124,16,96,6,0.6242228646047997,0.9631891513444355,181,596,0.45879769933547554,4922.432217476869,9751.761751983728,13898.948746865213,2.823593730253438,2.0,0.31879409878127,1.1732444900051255,1.6069392812887238,cost_subsidy_end,0
129,2281,2632,1553,6466,586,41,113,113,16,128,8,0.6299610692219425,0.9717809429259787,180,598,0.4531868860950532,4897.820056389484,9751.761751983728,13898.948746865213,2.8377826434707916,2.0,0.2936252414681262,1.1584560690705943,1.5918266863613983,cost_subsidy_end,0
130,2303,2646,1575,6524,530,51,140,151,15,81,12,0.6357488098452974,0.9804687321788241,179,602,0.44756812485720826,4874.231342198018,9751.761751983728,13898.948746865213,2.8515160178255985,2.0,0.29777777777777775,1.169629253428136,1.604920049200492,cost_subsidy_end,0
131,2300,2642,1567,6509,545,33,98,103,15,107,9,0.6409809507232216,0.9883178074532368,178,601,0.44240359393308976,4850.065452902581,9751.761751983728,13898.948746865213,2.8657239540029753,2.0,0.2967453733248245,1.1794871794871795,1.6187515543397164,cost_subsidy_end,0
132,2278,2621,1557,6456,597,45,140,140,15,189,12,0.6329989995071623,0.9758132386965149,179,595,0.44936833568523266,4825.815125638068,9751.761751983728,13898.948746865213,2.880124576887412,2.0,0.3018625561978163,1.1772609819121447,1.6103766525318035,cost_subsidy_end,0
133,2278,2627,1558,6463,588,42,123,123,15,114,15,0.6375833280291869,0.9826998299251473,178,596,0.4448582383761447,4801.686050009877,9751.761751983728,13898.948746865213,2.894597564710967,2.0,0.2991014120667522,1.1833766233766234,1.621831869510665,cost_subsidy_end,0
134,2269,2627,1555,6451,599,33,93,93,15,100,11,0.6373858781811133,0.9822316651311396,178,598,0.4447325831106332,4777.677619759828,9751.761751983728,13898.948746865213,2.9091432811165494,2.0,0.3054662379421222,1.1898269533298373,1.632338056680162,cost_subsidy_end,0
135,2265,2616,1555,6436,614,31,95,95,16,106,12,0.6402170536422865,0.986445148277207,178,597,0.4418153912716155,4753.78923166103,9751.761751983728,13898.948746865213,2.9237620915744214,2.0,0.307395498392283,1.1729673744174003,1.6138415245737212,cost_subsidy_end,0
136,2281,2634,1569,6484,561,39,119,138,15,65,14,0.6394335856492323,0.9851024208566107,179,599,0.4422022572177027,4730.020285502725,9751.761751983728,13898.948746865213,2.938454363391378,2.0,0.301465901848311,1.172750642673522,1.6165544751932186,cost_subsidy_end,0
137,2304,2648,1583,6535,507,54,124,149,14,70,14,0.635435949912873,0.9788213627992635,181,608,0.44544975109042334,4706.768288492964,9751.761751983728,13898.948746865213,2.9529706785960026,2.0,0.3108022741629817,1.1767109295199183,1.6151754819574888,cost_subsidy_end,0
138,2321,2676,1597,6594,450,82,129,186,14,69,11,0.6396930172337868,0.9852670349907919,181,610,0.4413466798570489,4687.51966296068,9751.761751983728,13898.948746865213,2.9650966281145177,2.0,0.32686286787726987,1.1853932584269662,1.6337958374628345,cost_subsidy_end,0
139,2319,2669,1584,6572,479,37,103,103,15,123,6,0.6385632035976947,0.9834254143646409,181,614,0.4419938178809131,4667.544552172297,9751.761751983728,13898.948746865213,2.977785983938081,2.0,0.3333333333333333,1.1837672281776417,1.6271354295617728,cost_subsidy_end,0
140,2337,2695,1600,6632,417,68,140,174,13,76,11,0.6380875255863401,0.9826007326007327,182,615,0.4422196116599235,4650.877655612361,9751.761751983728,13898.948746865213,2.988457185084822,2.0,0.3475,1.1978472578165043,1.6472925981122701,cost_subsidy_end,0
141,2339,2689,1606,6634,408,62,105,147,14,100,18,0.630617290294439,0.9710144927536232,184,619,0.4487703599425089,4636.321499665287,9751.761751983728,13898.948746865213,2.997839720103239,2.0,0.3592777085927771,1.1958077709611452,1.6404549950544016,cost_subsidy_end,0
142,2362,2717,1610,6689,350,81,144,185,16,79,9,0.6353725681955157,0.9782608695652174,184,618,0.44423693978423134,4625.322439203207,9751.761751983728,13898.948746865213,3.0049686112822767,2.0,0.3770186335403727,1.1983764586504313,1.6406671572234486,cost_subsidy_end,0
143,2352,2705,1616,6673,366,37,115,124,18,126,13,0.6359316713076713,0.9790528233151183,183,615,0.4436372738814953,4613.124686221946,9751.761751983728,13898.948746865213,3.0129141725514827,2.0,0.3780940594059406,1.1951219512195121,1.6367427029678685,cost_subsidy_end,0
144,2361,2718,1617,6696,346,51,98,117,17,72,11,0.6395219489750784,0.9845173041894354,183,618,0.44021041847024367,4602.244192507308,9751.761751983728,13898.948746865213,3.0200372178193895,2.0,0.3815708101422387,1.1846462619167084,1.6299902629016554,cost_subsidy_end,0
145,2352,2710,1613,6675,374,30,88,89,16,108,8,0.6431089424541339,0.9899817850637523,183,616,0.43681948442469665,4590.107300742997,9751.761751983728,13898.948746865213,3.028022622611764,2.0,0.375077495350279,1.1695673794132273,1.608433734939759,cost_subsidy_end,0
146,2336,2691,1599,6626,424,29,84,84,15,131,12,0.6425512602048766,0.9890710382513661,183,619,0.43710478557268684,4576.429964439862,9751.761751983728,13898.948746865213,3.0370723150717756,2.0,0.3758599124452783,1.186389029964449,1.6264113892979872,cost_subsidy_end,0
147,2348,2706,1608,6662,393,37,114,114,13,75,5,0.642032242387243,0.9882246376811593,184,620,0.43739138522249,4563.223358982436,9751.761751983728,13898.948746865213,3.0458620263472205,2.0,0.3774875621890547,1.187658067779464,1.6280547409579669,cost_subsidy_end,0
148,2342,2714,1605,6661,392,33,103,105,12,97,7,0.643793654015221,0.9908925318761383,183,619,0.43565163154064745,4549.192450795066,9751.761751983728,13898.948746865213,3.055256267392267,2.0,0.3744548286604361,1.1692461308037942,1.6058341369334619,cost_subsidy_end,0
149,2336,2707,1599,6642,406,38,93,103,12,107,12,0.6351029820980529,0.9774774774774775,185,619,0.44325987068698963,4535.133741428392,9751.761751983728,13898.948746865213,3.064727423559417,2.0,0.36585365853658536,1.167416291854073,1.6074540174249758,cost_subsidy_end,0
150,2344,2726,1618,6688,360,61,135,172,12,85,8,0.637989155499842,0.9818840579710144,184,621,0.44060762553567384,4523.084776636077,9751.761751983728,13898.948746865213,3.0728914962328395,2.0,0.34857849196538937,1.170829170829171,1.617803580067731,cost_subsidy_end,0
151,2336,2704,1605,6645,399,46,128,128,12,163,8,0.6303587163324251,0.970108695652174,184,621,0.4471932171752025,4510.110137586997,9751.761751983728,13898.948746865213,3.0817315592876944,2.0,0.35700934579439253,1.174459527400704,1.6215226939970717,cost_subsidy_end,0
152,2321,2677,1589,6587,451,34,96,96,12,146,10,0.6350058635599043,0.9772313296903461,183,612,0.4427372449354385,4495.780968478279,9751.761751983728,13898.948746865213,3.09155380217949,2.0,0.3392070484581498,1.1593406593406594,1.597235693501455,cost_subsidy_end,0
153,2303,2657,1579,6539,498,45,134,134,11,175,5,0.6390481751034978,0.9834254143646409,181,608,0.43889026933885633,4479.582252514535,9751.761751983728,13898.948746865213,3.1027332379181747,2.0,0.3305889803673211,1.1417947446703025,1.572252945419572,cost_subsidy_end,0
154,2248,2592,1540,6380,650,31,87,87,10,238,9,0.6425740174942745,0.9888268156424581,179,591,0.43541366907854195,4458.838011108153,9751.761751983728,13898.948746865213,3.117168354678782,2.0,0.3064935064935065,1.1178518150174044,1.5403186866248189,cost_subsidy_end,0
155,2268,2619,1554,6441,584,47,140,140,9,70,5,0.647401741588917,0.9962335216572503,177,597,0.43082531029190574,4439.557346632336,9751.761751983728,13898.948746865213,3.130705982975618,2.0,0.31016731016731014,1.1216617210682494,1.5431241015812172,cost_subsidy_end,0
0,2159,1447,859,4465,239,28,64,64,27,53,0,1.674047961596599e-05,0.023714637238500647,152,699,1.0037142561496808,5833.333333333333,9166.666666666666,12500.0,2.142857142857143,2.0,0.3911525029103609,0.9963082602676512,1.0,cost_subsidy_end,1
1,2164,1442,857,4463,260,36,73,73,22,72,0,2.144576628339578e-05,0.02719453372458073,154,699,1.0037344769918883,5833.333333333333,9166.666666666666,12500.0,2.142857142857143,2.0,0.44807467911318555,0.9995381062355658,0.9991045444369823,cost_subsidy_end,1
2,2159,1445,853,4457,283,30,70,70,20,73,0,2.921034053006581e-05,0.033146914676961674,154,694,1.00373010332743,5833.333333333333,9166.666666666666,12500.0,2.142857142857143,2.0,0.44079718640093785,0.9958487084870848,0.995088189327975,cost_subsidy_end,1
3,2161,1451,857,4469,283,28,69,69,17,54,2,3.932987265435196e-05,0.039927751609729945,154,698,1.003689387461618,5833.095136821211,9166.666666666666,12500.0,2.1429446471898226,2.0,0.42707117852975496,0.9981524249422633,1.0002238137869293,cost_subsidy_end,1
4,2177,1461,862,4500,263,44,99,99,16,65,2,5.145931166241274e-05,0.04672466501894386,153,701,1.0036848648768097,5833.095136821211,9166.666666666666,12500.0,2.1429446471898226,2.0,0.46218097447795825,1.0158656089594027,1.0158013544018059,cost_subsidy_end,1
5,2200,1462,868,4530,240,52,101,101,16,68,6,6.602941801737081e-05,0.05360912561900062,151,696,1.003697910396393,5833.095136821211,9166.666666666666,12500.0,2.1429446471898226,2.0,0.5023041474654378,1.0242085661080074,1.0218813444619896,cost_subsidy_end,1
6,2176,1450,860,4486,294,30,60,60,17,99,2,8.425359275164914e-05,0.06115095487005977,150,693,1.0034866609027193,5829.979927634057,9166.666666666666,12500.0,2.144089714743288,2.0,0.4943521594684386,1.024,1.0234998859228839,cost_subsidy_end,1
7,2189,1466,866,4521,272,41,96,96,14,60,0,0.00010264094182417965,0.06658085191090368,149,701,1.003277422076245,5826.899024240642,9166.666666666666,12500.0,2.1452233766190916,2.0,0.5005773672055427,1.0423809523809524,1.0429065743944637,cost_subsidy_end,1
8,2196,1463,867,4526,278,32,69,69,14,61,0,0.00012030918349776156,0.0697345532343179,150,702,1.003050692868908,5823.129952009349,9166.666666666666,12500.0,2.1466118913741066,2.0,0.4936562860438293,1.0472103004291846,1.0440599769319492,cost_subsidy_end,1
9,2166,1452,853,4471,343,33,69,69,14,121,1,0.00014501545271416687,0.07509265285754038,150,687,1.0025092195907048,5814.364155729906,9166.666666666666,12500.0,2.14984814593726,2.0,0.4980070339976553,1.0353728489483747,1.0328020328020329,cost_subsidy_end,1
10,2129,1427,849,4405,419,24,53,53,12,118,1,0.0001787051787975101,0.08265610972507227,149,678,1.00159158238076,5800.048216172649,9166.666666666666,12500.0,2.1551544977066643,2.0,0.4857051076132348,1.0099620493358634,1.0093950504124656,cost_subsidy_end,1
11,2134,1428,845,4407,423,38,69,69,10,64,1,0.0002149084680272515,0.08877173566023847,150,673,1.000713721196006,5785.43228374852,9166.666666666666,12500.0,2.1605991370969693,2.0,0.49230769230769234,1.0113744075829383,1.008466819221968,cost_subsidy_end,1
12,2150,1433,851,4434,402,48,91,91,10,63,3,0.00026351975331648713,0.09719749674968077,149,683,0.9998750033212225,5772.018355828541,9166.666666666666,12500.0,2.165620278628808,2.0,0.5123384253819037,1.0151085930122756,1.0120976945902762,cost_subsidy_end,1
13,2153,1430,855,4438,407,33,70,70,10,66,1,0.0003155319593118989,0.10390890614565393,149,685,0.9989905063268362,5758.067364094008,9166.666666666666,12500.0,2.1708672736180796,2.0,0.5064327485380117,1.0141309467734339,1.012779552715655,cost_subsidy_end,1
14,2152,1436,857,4445,408,32,75,75,10,67,1,0.00037714858787615076,0.11087828401848412,149,685,0.998043455265256,5743.122868159929,9166.666666666666,12500.0,2.176516206766258,2.0,0.5075845974329055,1.0,1.0006753714543,cost_subsidy_end,1
15,2132,1423,843,4398,454,26,50,50,10,92,6,0.0004477965281875135,0.1175188770498125,149,671,0.9969465962698058,5725.502606375941,9166.666666666666,12500.0,2.1832144458514358,2.0,0.5136417556346382,1.0018796992481203,1.0018223234624146,cost_subsidy_end,1
16,2116,1404,845,4365,487,29,62,62,9,94,8,0.0005362086257603408,0.12561288623734682,148,663,0.9956859360430372,5705.993486383844,9166.666666666666,12500.0,2.19067898164073,2.0,0.49467455621301776,0.989247311827957,0.9888989578613503,cost_subsidy_end,1
17,2104,1398,834,4336,517,40,81,81,9,104,2,0.00063196852440091,0.1321488391374877,149,664,0.9943320657448895,5684.493504503796,9166.666666666666,12500.0,2.1989646025800385,2.0,0.486810551558753,0.9882573978393612,0.9874743794124345,cost_subsidy_end,1
18,2084,1385,825,4294,558,36,80,80,8,118,5,0.0007617267719701012,0.142181582373234,148,654,0.9927276070526523,5660.506491816788,9165.113611294948,12500.0,2.2082829545502416,2.0,0.4993939393939394,0.9825553983969826,0.9792474344355758,cost_subsidy_end,1
19,2106,1405,836,4347,506,48,95,95,8,39,4,0.0008994045155966681,0.14986499536740994,150,664,0.9913176410797818,5638.734615766598,9165.113611294948,12500.0,2.2168094176747486,2.0,0.5011961722488039,0.9887323943661972,0.9904306220095693,cost_subsidy_end,1
20,2091,1397,839,4327,526,34,75,75,8,93,6,0.0010469694969651654,0.15574803662680362,147,659,0.9897923178212519,5615.164705072693,9165.113611294948,12500.0,2.2261145766049575,2.0,0.5017878426698451,1.0028776978417266,1.0048769159312587,cost_subsidy_end,1
21,2095,1395,833,4323,522,35,73,73,8,73,12,0.0012609433627760068,0.1674901119325408,146,657,0.9882394533607497,5592.519573693982,9165.113611294948,12500.0,2.2351285203895093,2.0,0.5078031212484994,1.0096385542168675,1.0109915809167447,cost_subsidy_end,1
22,2090,1398,834,4322,520,38,80,80,8,79,9,0.001474429879891594,0.1749062770528642,148,656,0.9867017200860626,5569.499463063988,9165.113611294948,12500.0,2.2443668561058248,2.0,0.5239808153477218,1.0082006753497348,1.0081642174014462,cost_subsidy_end,1
23,2068,1379,819,4266,572,36,63,63,8,117,10,0.0017578864805170404,0.1862796118292664,147,645,0.9847919691198241,5544.303789199393,9161.741140634538,12500.0,2.2545662134081983,2.0,0.5311355311355311,1.0092728160078086,1.0087491132655475,cost_subsidy_end,1
24,2042,1366,814,4222,616,30,64,64,8,108,8,0.002095293063918907,0.1984005974763109,147,637,0.9825797902995593,5516.582270253396,9154.428725137777,12500.0,2.2658956918675357,2.0,0.5122850122850123,0.9980449657869013,0.9988171279867518,cost_subsidy_end,1
25,2041,1362,806,4209,623,33,67,67,8,76,10,0.002534677700829255,0.2145369914952365,146,630,0.9801818832247353,5488.999358902129,9146.183676749573,12500.0,2.277282102379433,2.0,0.5173697270471465,0.9931873479318735,0.9912859161563825,cost_subsidy_end,1
26,2069,1382,822,4273,553,44,102,102,8,35,11,0.002923180245414525,0.2212601021924811,146,637,0.9783248068162628,5464.552369789589,9144.280494725384,12500.0,2.2874700714930305,2.0,0.5218978102189781,0.9980704293294742,0.9983644859813084,cost_subsidy_end,1
27,2068,1377,822,4267,557,36,72,72,8,78,10,0.0033306997310414903,0.22556384184097913,144,630,0.976361072259587,5440.286945922452,9140.862751717415,12500.0,2.29767292134634,2.0,0.5340632603406326,0.9918465227817745,0.9923255813953489,cost_subsidy_end,1
28,2071,1386,824,4281,532,31,71,72,8,55,17,0.00395942594100555,0.24005184311848884,144,630,0.974451185932305,5417.1876630431925,9140.729308465567,12500.0,2.3074703660862146,2.0,0.5351941747572816,0.9852521408182683,0.9857241538107299,cost_subsidy_end,1
29,2075,1382,817,4274,527,41,74,74,8,80,19,0.004664721844469885,0.2533529475657623,143,625,0.9724075615340066,5395.448758605015,9139.939743807692,12500.0,2.3167674384941903,2.0,0.5410036719706243,0.9857482185273159,0.9827546562428144,cost_subsidy_end,1
30,2073,1383,824,4280,516,34,73,75,8,66,12,0.00544926333494131,0.2653337241400059,143,627,0.9704716322678004,5373.945697318188,9139.939743807692,12500.0,2.32603764608898,2.0,0.5339805825242718,0.9913916786226685,0.9891379708805177,cost_subsidy_end,1
31,2096,1398,830,4324,464,40,82,92,8,34,12,0.006305949065249331,0.27550357017232396,144,625,0.9685627783442299,5355.31136613398,9139.939743807692,12500.0,2.334131322232305,2.0,0.5204819277108433,0.9872821479039096,0.98992673992674,cost_subsidy_end,1
32,2082,1392,821,4295,481,29,62,62,9,87,17,0.007354640643236585,0.28858285304962045,144,618,0.9664378822442717,5335.6803060874845,9139.939743807692,12500.0,2.342719069157636,2.0,0.5200974421437271,1.004341534008683,1.0025676937441643,cost_subsidy_end,1
33,2094,1397,829,4320,448,34,75,79,8,49,15,0.008567069334206616,0.30222327976419505,144,614,0.9642877283773553,5318.071690656465,9139.939743807692,12500.0,2.350476023473274,2.0,0.5138721351025332,1.0038350910834133,1.004417577307603,cost_subsidy_end,1
34,2100,1394,828,4322,440,34,70,73,9,65,12,0.009891830653743921,0.31409311283391134,145,616,0.962018186005909,5301.4508165362995,9139.939743807692,12500.0,2.3578451319419895,2.0,0.5096618357487923,1.0009532888465205,0.9986136783733827,cost_subsidy_end,1
35,2116,1414,835,4365,392,41,99,110,9,53,11,0.011649641075827754,0.333369479245311,144,615,0.9596075744027295,5286.800873576995,9139.939743807692,12500.0,2.3643788179112235,2.0,0.511377245508982,1.0105062082139447,1.009481961147086,cost_subsidy_end,1
36,2124,1417,834,4375,380,41,79,83,10,65,8,0.01365733476371046,0.35269728919932125,143,608,0.9568935206864281,5272.868242773375,9139.939743807692,12500.0,2.370626274823314,2.0,0.5251798561151079,1.0143266475644699,1.0122628412771866,cost_subsidy_end,1
37,2134,1420,843,4397,352,37,74,89,10,48,12,0.0156787109506177,0.3659365700894638,144,612,0.9543031723930364,5260.236631151332,9139.939743807692,12500.0,2.376318952264333,2.0,0.5243179122182681,1.009460737937559,1.0073310423825887,cost_subsidy_end,1
38,2149,1430,851,4430,323,36,78,85,11,44,6,0.018044457694555746,0.38122241698280374,144,612,0.9514684632207248,5248.776523450023,9139.939743807692,12500.0,2.3815073749384448,2.0,0.5099882491186839,1.0302013422818792,1.0271272895896129,cost_subsidy_end,1
39,2166,1442,855,4463,292,35,77,85,11,41,6,0.02051646005964156,0.3930038516342154,145,617,0.948580200879696,5238.689131205932,9139.939743807692,12500.0,2.386093102096809,2.0,0.5064327485380117,1.029957203994294,1.0273941068139962,cost_subsidy_end,1
40,2168,1443,855,4466,287,33,66,74,11,61,11,0.023543891988785325,0.4096285586969806,145,614,0.945230482201933,5229.305639091635,9139.939743807692,12500.0,2.3903747194572724,2.0,0.5087719298245614,1.024090694378838,1.0215004574565416,cost_subsidy_end,1
41,2152,1435,847,4434,314,31,69,69,11,96,11,0.026208113259337702,0.4149116770487346,147,603,0.9421265271759892,5218.232818994505,9139.939743807692,12500.0,2.395446970955315,2.0,0.5017709563164109,1.0218423551756886,1.0176727105806749,cost_subsidy_end,1
42,2169,1446,860,4475,276,57,100,128,10,55,3,0.030199073872263473,0.43585168857677753,146,610,0.9379971206893157,5209.653147856526,9139.939743807692,12500.0,2.3993919835417516,2.0,0.5209302325581395,1.05908203125,1.0556735079028072,cost_subsidy_end,1
43,2177,1456,859,4492,258,55,82,110,11,60,7,0.03417874170415631,0.45057201903515237,147,602,0.9339530928157803,5203.371549616518,9139.939743807692,12500.0,2.4022885701716294,2.0,0.5389988358556461,1.0516908212560387,1.0473303800419678,cost_subsidy_end,1
44,2192,1469,870,4531,223,62,92,126,13,50,6,0.03852121356768213,0.4647533945492533,146,598,0.9298146378749563,5200.16118787369,9139.939743807692,12500.0,2.403771642530789,2.0,0.5701149425287356,1.05283381364073,1.05152007426317,cost_subsidy_end,1
45,2207,1478,878,4563,201,58,90,120,14,56,2,0.04366836631277355,0.4831275479338833,146,591,0.9250042758102114,5199.258502086094,9139.939743807692,12500.0,2.4041889809834682,2.0,0.592255125284738,1.0646406174626146,1.0673684210526315,cost_subsidy_end,1
46,2207,1480,878,4565,208,38,68,79,16,64,5,0.04891838764225373,0.4972746167950253,147,588,0.9200733100835127,5197.960843040383,9139.939743807692,12500.0,2.4047891812683453,2.0,0.5968109339407744,1.0625902744342801,1.0621219171707772,cost_subsidy_end,1
47,2243,1502,888,4633,152,87,113,163,16,41,0,0.054902425921497654,0.5138008439691247,148,588,0.9144637319759555,5197.960843040383,9139.939743807692,12500.0,2.4047891812683453,2.0,0.6418918918918919,1.0778471888515138,1.0797017012351433,cost_subsidy_end,1
48,2251,1504,898,4653,153,48,78,103,22,58,1,0.06183964357152847,0.5338098242729885,147,581,0.9080504540056429,5197.960843040383,9139.939743807692,12500.0,2.4047891812683453,2.0,0.6425389755011136,1.0811719500480308,1.0813386009760633,cost_subsidy_end,1
49,2267,1514,910,4691,135,59,86,119,21,47,0,0.0693945943363073,0.5535823933991549,147,577,0.901063925637966,5197.960843040383,9139.939743807692,12500.0,2.4047891812683453,2.0,0.6582417582417582,1.0883341334613539,1.0899163568773234,cost_subsidy_end,1
50,2285,1539,907,4731,115,68,96,123,23,53,0,0.07737720901004988,0.5714908107318721,147,576,0.8936377087884754,5197.960843040383,9139.939743807692,12500.0,2.4047891812683453,2.0,0.6957001102535832,1.1006743737957612,1.1015133876600698,cost_subsidy_end,1
51,2301,1556,923,4780,90,80,103,157,28,52,2,0.08535793782955681,0.5847423894808731,148,576,0.8863103359491384,5197.960843040383,9139.939743807692,12500.0,2.4047891812683453,2.0,0.7323943661971831,1.1110574601641718,1.1142191142191142,cost_subsidy_end,1
52,2313,1569,928,4810,93,71,107,135,36,75,1,0.09427827312506823,0.600104945955004,147,569,0.8780162008198203,5197.960843040383,9139.939743807692,12500.0,2.4047891812683453,2.0,0.7693965517241379,1.1184719535783365,1.1238317757009346,cost_subsidy_end,1
53,2336,1594,943,4873,63,91,114,179,36,48,0,0.10334300098271916,0.6122844296003014,148,568,0.8696776705712917,5197.960843040383,9139.939743807692,12501.511134676563,2.405079898094076,2.0,0.8207847295864263,1.1295938104448742,1.1396164639850328,cost_subsidy_end,1
54,2353,1605,962,4920,51,78,104,161,36,56,0,0.11221196795646701,0.6199098551502847,150,571,0.8617509532073889,5197.960843040383,9139.939743807692,12515.494113866698,2.4077699874603433,2.0,0.8264033264033264,1.1328839672604718,1.146318732525629,cost_subsidy_end,1
55,2284,1571,934,4789,214,42,97,97,36,224,0,0.12322670913872338,0.6358879004943576,149,550,0.8524057699142459,5197.960843040383,9139.939743807692,12515.494113866698,2.4077699874603433,2.0,0.8372591006423983,1.100722891566265,1.1170982038721717,cost_subsidy_end,1
56,2301,1588,952,4841,182,45,111,111,21,58,0,0.13558994973011904,0.6547529411299298,149,547,0.8419960436828179,5197.960843040383,9139.939743807692,12515.494113866698,2.4077699874603433,2.0,0.8035714285714286,1.0951927653498335,1.1154377880184332,cost_subsidy_end,1
57,2290,1606,957,4853,188,37,90,100,21,75,0,0.14873867161208146,0.6733872786693903,149,544,0.8311382572013128,5197.960843040383,9139.939743807692,12515.494113866698,2.4077699874603433,2.0,0.7774294670846394,1.0915157292659676,1.1213031423290203,cost_subsidy_end,1
58,2243,1591,949,4783,273,45,114,114,18,181,0,0.16085159439948413,0.6840881911304941,149,528,0.8210856225648128,5192.502463317432,9139.939743807692,12515.494113866698,2.410301045070798,2.0,0.7913593256059009,1.0716674629718108,1.1051293900184842,cost_subsidy_end,1
59,2242,1605,948,4795,266,47,117,119,13,97,0,0.17648623146429945,0.706549443062265,148,520,0.8078689476036849,5185.73647525917,9139.939743807692,12515.494113866698,2.4134458381326067,2.0,0.75,1.0825688073394495,1.1221624151649894,cost_subsidy_end,1
60,2248,1634,970,4852,220,85,98,176,13,39,0,0.19154875839866067,0.7234420494049872,148,521,0.7957713874514283,5183.46206631461,9139.939743807692,12515.494113866698,2.4145048143016683,2.0,0.7711340206185567,1.0812890812890812,1.129685681024447,cost_subsidy_end,1
61,2200,1616,960,4776,309,41,103,103,15,177,0,0.20259623524162898,0.7235102859260696,148,514,0.7870190749629287,5174.749171979129,9139.939743807692,12515.494113866698,2.4185701949839697,2.0,0.7604166666666666,1.0501193317422435,1.1063238359972203,cost_subsidy_end,1
62,2203,1645,972,4820,273,50,102,134,12,54,0,0.21500059428855134,0.7277517001323301,149,514,0.7775855916758246,5167.013183317988,9139.939743807692,12529.09119389164,2.4248227649858847,2.0,0.7325102880658436,1.0530592734225621,1.1180700533518906,cost_subsidy_end,1
63,2209,1671,990,4870,231,91,125,199,12,71,0,0.22822667972958235,0.7340395874971355,150,516,0.7677498271859907,5163.222628564652,9139.939743807692,12541.999954515648,2.4291030731716203,2.0,0.7303030303030303,1.082312591866732,1.1559458817944457,cost_subsidy_end,1
64,2181,1681,1001,4863,248,49,98,142,14,101,0,0.24610031886476275,0.7540184330166023,148,508,0.7538455279628941,5157.517363214686,9139.939743807692,12541.999954515648,2.4317901562425774,2.0,0.7002997002997003,1.08291956305859,1.1703971119133574,cost_subsidy_end,1
65,2004,1569,930,4503,611,25,92,92,13,443,1,0.26351844794971324,0.7711174361956605,147,473,0.7396718897633049,5131.981208011158,9139.939743807692,12541.999954515648,2.443890467669144,2.0,0.6827956989247311,0.9809104258443465,1.0678207256343373,cost_subsidy_end,1
66,2003,1604,955,4562,555,32,121,121,8,60,3,0.27729696978065804,0.77699787497059,148,474,0.7290357880096743,5106.321301971102,9139.939743807692,12541.999954515648,2.4561713242905974,2.0,0.6167539267015707,0.9862136878385032,1.089562932887509,cost_subsidy_end,1
67,2014,1639,979,4632,492,41,118,118,8,48,1,0.29397057012918637,0.7907849249183613,149,483,0.7142139100772306,5081.054066763876,9139.939743807692,12541.999954515648,2.468385455009269,2.0,0.6006128702757916,0.9965363681345868,1.108929853962174,cost_subsidy_end,1
68,2025,1677,1002,4704,421,51,125,152,9,51,6,0.30947409118677927,0.8012163909391429,149,487,0.700505664249986,5057.737327856273,9139.939743807692,12541.999954515648,2.4797649900556595,2.0,0.592814371257485,1.0125,1.1403636363636365,cost_subsidy_end,1
69,1982,1682,998,4662,469,46,124,130,9,165,2,0.3308797587686634,0.8264631996088235,147,480,0.6818336100666978,5032.448641216992,9139.939743807692,12541.999954515648,2.492226120658954,2.0,0.6042084168336673,0.9924887330996495,1.128267182962246,cost_subsidy_end,1
70,1989,1717,1018,4724,412,90,117,191,10,52,2,0.3481166186796272,0.8408516487273209,147,479,0.6667431938056931,5009.401242108777,9139.939743807692,12541.999954515648,2.503692427168385,2.0,0.6365422396856582,0.9925149700598802,1.1405118300338002,cost_subsidy_end,1
71,1993,1750,1037,4780,362,84,103,181,10,45,2,0.36548245509458815,0.8555908777522643,147,477,0.6517286532122233,4990.937716511536,9139.939743807692,12541.999954515648,2.5129546123212294,2.0,0.660559305689489,0.9905566600397614,1.1495911495911495,cost_subsidy_end,1
72,2009,1802,1069,4880,268,122,130,254,12,28,4,0.38004180758438943,0.8640634159858909,148,487,0.6394672713744024,4981.530116740228,9139.939743807692,12541.999954515648,2.5177003170910823,2.0,0.6753975678203928,0.993570722057369,1.167464114832536,cost_subsidy_end,1
73,2009,1824,1086,4919,235,75,92,165,15,49,5,0.39658287967127825,0.8774378883769848,148,486,0.6255073185005549,4975.5709446737255,9139.939743807692,12541.999954515648,2.5207157317175173,2.0,0.6961325966850829,0.9906311637080868,1.1728659990462567,cost_subsidy_end,1
74,2000,1846,1097,4943,222,67,115,164,18,87,3,0.4091559876072135,0.8825448175324948,147,491,0.6149627634433186,4970.617766037533,9139.939743807692,12541.999954515648,2.5232276036613963,2.0,0.7046490428441203,0.986679822397632,1.179995225590833,cost_subsidy_end,1
75,2009,1894,1128,5031,147,110,131,255,20,39,3,0.42187958945003123,0.8886772418833475,148,498,0.6045429185134653,4970.617766037533,9140.962799365077,12541.999954515648,2.5232276036613963,2.0,0.7021276595744681,0.9886811023622047,1.1967174119885824,cost_subsidy_end,1
76,2018,1936,1154,5108,95,110,125,245,31,43,1,0.42853552893443053,0.8829572497522128,151,505,0.6000176151035286,4970.617766037533,9151.010303929668,12582.125659742745,2.5313001827885344,2.0,0.7391681109185442,0.9916461916461916,1.2141668647492274,cost_subsidy_end,1
77,2018,1964,1163,5145,101,73,120,177,51,78,3,0.4442619824052234,0.8966632314952577,150,505,0.5868263964716961,4970.617766037533,9151.010303929668,12582.125659742745,2.5313001827885344,2.0,0.7747205503009458,0.9848706686188384,1.2114433717918531,cost_subsidy_end,1
78,2019,2003,1180,5202,90,95,123,217,51,61,0,0.4508882938497819,0.8926692282849515,153,506,0.5819928781909683,4970.617766037533,9151.010303929668,12620.938318557546,2.5391086003015433,2.0,0.8169491525423729,0.9820038910505836,1.2205537306428906,cost_subsidy_end,1
79,2025,2035,1202,5262,86,93,121,223,59,58,0,0.4632478520748468,0.9007785569913507,154,513,0.5730375874552054,4970.617766037533,9173.179581963266,12679.696031395024,2.550929608394129,2.0,0.8452579034941764,0.9854014598540146,1.2410377358490565,cost_subsidy_end,1
80,2042,2061,1224,5327,78,101,127,230,62,57,0,0.4792038787560148,0.916264404447216,154,517,0.5608932411511288,4970.617766037533,9185.989097167967,12757.928927170427,2.5666686773504948,2.0,0.8709150326797386,0.9898206495395055,1.2501760150199484,cost_subsidy_end,1
81,2045,2095,1237,5377,81,87,129,213,62,70,0,0.4812100249008906,0.9057503946831786,158,525,0.560411344525405,4970.617766037533,9198.31016130307,12814.921906355183,2.578134652379629,2.0,0.8949070331447049,0.9946498054474708,1.2687588485134498,cost_subsidy_end,1
82,2036,2109,1245,5390,123,57,99,158,60,81,0,0.49701779070252194,0.921859115534751,158,522,0.5478801875566304,4970.617766037533,9210.443731179195,12861.34383229708,2.5874739192729876,2.0,0.8626506024096385,0.991236611489776,1.2715263033734372,cost_subsidy_end,1
83,1979,2072,1231,5282,268,29,111,111,42,214,0,0.5071009745322921,0.9277308296464372,157,512,0.5392847924276853,4965.737605373699,9210.443731179195,12861.34383229708,2.590016802011268,2.0,0.8277822908204712,0.9597478176527643,1.2442873969375736,cost_subsidy_end,1
84,1990,2104,1248,5342,225,47,139,161,22,74,0,0.5140964690948955,0.9285315678214877,157,512,0.5336049537883544,4960.4802932928515,9210.443731179195,12887.148964473421,2.597963947543215,2.0,0.7564102564102564,0.9674282936315022,1.2581252943947245,cost_subsidy_end,1
85,1993,2126,1264,5383,205,69,103,165,23,60,0,0.527512785725613,0.9414014919368894,157,514,0.522107883083446,4957.189856410403,9210.443731179195,12887.148964473421,2.599688399629958,2.0,0.7420886075949367,0.9920358387257342,1.2939903846153846,cost_subsidy_end,1
86,1999,2151,1284,5434,177,78,99,176,24,47,0,0.5391756018057864,0.9514919008612521,157,516,0.5125174720517285,4956.857250840993,9226.278329467386,12887.148964473421,2.5998628389564686,2.0,0.7390965732087228,1.0070528967254408,1.3224628863470431,cost_subsidy_end,1
87,1966,2136,1270,5372,265,35,118,118,27,179,0,0.5503379251188348,0.9610810436680642,155,508,0.5028468148890578,4950.021602939017,9226.278329467386,12887.148964473421,2.603453075199072,2.0,0.6881889763779527,1.0035732516590097,1.3270750988142292,cost_subsidy_end,1
88,1972,2155,1285,5412,243,48,116,131,21,73,0,0.5517137965919878,0.9541222343994963,156,514,0.5016128899907012,4942.669200648421,9226.278329467386,12887.148964473421,2.6073258074367542,2.0,0.6319066147859922,1.0,1.3297297297297297,cost_subsidy_end,1
89,1977,2181,1290,5448,224,66,101,150,20,62,0,0.557699997981784,0.9557335620387509,157,515,0.49641287931937095,4937.490524050743,9226.278329467386,12887.148964473421,2.610060495650478,2.0,0.624031007751938,0.9959697732997481,1.3313782991202345,cost_subsidy_end,1
90,1978,2192,1298,5468,219,53,90,129,20,65,0,0.5668239165685202,0.9631645599156087,157,512,0.48868224564419716,4932.732905676931,9226.278329467386,12901.088530841775,2.6154038293851887,2.0,0.5878274268104776,0.9944695827048768,1.3300900024324982,cost_subsidy_end,1
91,1980,2209,1309,5498,204,77,107,177,19,73,0,0.5672395588566317,0.9562903725791441,159,518,0.48841804280553053,4930.765265558867,9226.278329467386,12904.853401597147,2.6172110629027223,2.0,0.5706646294881589,0.9831181727904668,1.3209995194617972,cost_subsidy_end,1
92,1984,2206,1318,5508,211,35,100,109,21,87,1,0.5720460148000556,0.9573385906084942,159,517,0.484221481420042,4927.1960306382025,9226.278329467386,12904.853401597147,2.6191069568477525,2.0,0.5166919575113809,0.9900199600798403,1.3326881200096783,cost_subsidy_end,1
93,1989,2231,1328,5548,189,67,107,157,20,65,0,0.5808049998782544,0.9653904168096838,158,520,0.4767137668383073,4925.733269316607,9226.278329467386,12904.853401597147,2.6198847351284935,2.0,0.4977409638554217,1.0025201612903225,1.350864377891405,cost_subsidy_end,1
94,1975,2237,1330,5542,212,35,72,99,22,74,1,0.5887786485141808,0.9724704503184671,158,518,0.46987625248839276,4922.27621798539,9226.278329467386,12904.853401597147,2.621724752959699,2.0,0.48045112781954885,0.9904714142427282,1.3454722019907746,cost_subsidy_end,1
95,2001,2266,1349,5616,157,83,108,180,22,31,0,0.5917088999450493,0.9715953741110136,159,520,0.4673849330554444,4922.27621798539,9226.278329467386,12907.742405101435,2.622311677255766,2.0,0.513713862120089,0.9940387481371088,1.3503245972589564,cost_subsidy_end,1
96,2007,2267,1356,5630,172,49,88,115,30,73,0,0.5944007594697475,0.9707312363561531,160,525,0.4650624015282174,4922.27621798539,9226.278329467386,12907.742405101435,2.622311677255766,2.0,0.5125368731563422,0.9950421417947447,1.3485029940119762,cost_subsidy_end,1
97,1968,2240,1331,5539,288,28,85,85,30,171,0,0.597391640790818,0.9707312363561531,160,513,0.46242409872315443,4916.211830361048,9226.278329467386,12907.742405101435,2.6255464269027415,2.0,0.49135987978963186,0.974739970282318,1.3263888888888888,cost_subsidy_end,1
98,1946,2212,1321,5479,364,30,90,90,23,146,3,0.5920864727979995,0.9576617362010731,161,512,0.4668484320519997,4905.732186747907,9226.278329467386,12907.742405101435,2.631155129089547,2.0,0.4587433762301287,0.9633663366336633,1.3126497364638237,cost_subsidy_end,1
99,1973,2242,1331,5546,315,47,135,135,20,67,1,0.5986626951263785,0.9641679553856634,160,518,0.4609802537452149,4896.407567499783,9226.278329467386,12907.742405101435,2.6361658475445133,2.0,0.46431254695717505,0.9777006937561943,1.3293384467881113,cost_subsidy_end,1
100,1965,2238,1331,5534,340,27,92,92,21,101,5,0.6019988906048901,0.9657304553856632,160,518,0.4579516711978991,4884.697916379637,9226.278329467386,12907.742405101435,2.6424852930656133,2.0,0.4485349361382419,0.9703703703703703,1.3213944603629417,cost_subsidy_end,1
101,1993,2274,1353,5620,272,60,151,170,20,63,0,0.6020081825314106,0.9622521725600827,162,528,0.4578097517922604,4874.906954551661,9226.278329467386,12907.742405101435,2.647792568235498,2.0,0.43680709534368073,0.9726695949243533,1.3304924242424243,cost_subsidy_end,1
102,2004,2295,1363,5662,246,74,110,171,22,63,1,0.6098287584151298,0.9715114318193421,162,521,0.451019084705044,4867.950236798013,9226.278329467386,12910.337211718455,2.652109529412625,2.0,0.44900953778429936,0.9728155339805825,1.3303571428571428,cost_subsidy_end,1
103,2024,2316,1376,5716,209,81,118,173,24,60,3,0.6167994871607614,0.9796160576898555,161,524,0.44495527968074494,4864.6409898390075,9226.278329467386,12910.337211718455,2.6539136677680535,2.0,0.4476744186046512,0.983957219251337,1.3389552588428204,cost_subsidy_end,1
104,2041,2335,1390,5766,181,72,104,165,28,51,3,0.6154619352396279,0.9747536929738245,163,529,0.44615697653233516,4864.286322044069,9227.582257453992,12912.380574442614,2.6545272460475924,2.0,0.4697841726618705,0.9951243295953194,1.3589441432948386,cost_subsidy_end,1
105,2024,2328,1380,5732,240,37,114,114,32,143,2,0.6113534994144376,0.9657612924069111,164,528,0.4496499171177302,4859.119637815681,9227.582257453992,12912.380574442614,2.6573497952084,2.0,0.4514492753623188,0.9844357976653697,1.3452241257920676,cost_subsidy_end,1
106,2001,2308,1369,5678,313,42,120,120,26,169,2,0.6140126752166754,0.9676821649068392,164,524,0.4472414991631402,4849.200714337082,9227.582257453992,12912.380574442614,2.6627853403275394,2.0,0.4601899196493791,0.9727758872143899,1.3347437705688763,cost_subsidy_end,1
107,2002,2304,1366,5672,333,31,81,81,22,81,2,0.616423826898667,0.9693931820892221,165,526,0.4449570587066424,4837.5508053038575,9227.582257453992,12912.380574442614,2.669197925587793,2.0,0.42313323572474376,0.9671497584541063,1.3277153558052435,cost_subsidy_end,1
108,1992,2291,1363,5646,375,33,109,109,20,133,2,0.6222845902844476,0.9766863499676174,163,522,0.4397109971809989,4823.243027554722,9227.582257453992,12912.380574442614,2.677115894985061,2.0,0.41232575201760824,0.9665211062590975,1.3213199157500586,cost_subsidy_end,1
109,1984,2281,1352,5617,409,45,133,133,19,155,7,0.620466945490948,0.9720851229737524,163,525,0.4409990856807394,4807.077076289539,9227.582257453992,12912.380574442614,2.6861188971010534,2.0,0.4282544378698225,0.9696969696969697,1.3257021477460467,cost_subsidy_end,1
110,1990,2287,1364,5641,397,37,111,114,18,83,2,0.6275654734740767,0.9815950920245399,163,523,0.4346820726939749,4790.180467198157,9227.582257453992,12912.380574442614,2.695593759538509,2.0,0.42961876832844575,0.9827160493827161,1.3453374672072502,cost_subsidy_end,1
111,1999,2303,1370,5672,374,36,105,120,17,67,2,0.6291597517775082,0.9826175869120654,163,526,0.4330687959713051,4772.962644152717,9227.582257453992,12912.380574442614,2.7053177527507724,2.0,0.4197080291970803,0.9832759468765372,1.344394406257407,cost_subsidy_end,1
112,2015,2315,1389,5719,334,59,113,163,17,60,4,0.6294347957462081,0.9817073170731707,164,530,0.43265728234750345,4758.121554687885,9227.582257453992,12914.444324253647,2.714189659894216,2.0,0.43700503959683223,0.9795819154107924,1.3450141110065852,cost_subsidy_end,1
113,2020,2326,1392,5738,329,50,93,122,18,70,0,0.6258471931367037,0.9748995983935743,166,537,0.43553000570491995,4743.8330108621,9227.582257453992,12914.444324253647,2.7223648671197,2.0,0.42887931034482757,0.9786821705426356,1.3488481429243064,cost_subsidy_end,1
114,2023,2339,1390,5752,326,61,128,150,18,109,2,0.6303532154075736,0.9808080808080809,165,537,0.4314680981741943,4730.151521453961,9227.582257453992,12914.444324253647,2.7302390347707055,2.0,0.4201438848920863,0.9815623483745755,1.3502347417840375,cost_subsidy_end,1
115,2032,2349,1400,5781,305,56,105,146,17,72,5,0.6310773828687473,0.9809236947791163,166,537,0.4307092993229306,4718.293744352234,9227.582257453992,12916.2892448714,2.737491547729963,2.0,0.3992857142857143,0.9755160825732118,1.3444186046511628,cost_subsidy_end,1
116,2065,2376,1422,5863,234,101,134,216,18,50,5,0.6349020408140946,0.9859437751004018,166,546,0.42742613455965167,4713.154724110452,9232.429068336696,12917.706221750585,2.7407770331980004,2.0,0.41350210970464135,0.9990324141267537,1.3743553680262541,cost_subsidy_end,1
117,2082,2396,1428,5906,205,74,123,166,21,77,4,0.6386792405455322,0.9909638554216867,166,544,0.4241348113538225,4710.977518778579,9232.429068336696,12917.706221750585,2.7420436990537316,2.0,0.4376750700280112,1.0765253360910032,1.4809428284854564,cost_subsidy_end,1
118,2081,2385,1427,5893,233,43,109,118,23,117,3,0.6379222942196578,0.9890219560878243,167,545,0.42470072405255005,4707.023078448146,9232.429068336696,12917.706221750585,2.7443473308844304,2.0,0.4386825508058865,1.0844189682126106,1.4847568657092467,cost_subsidy_end,1
119,2083,2401,1434,5918,224,52,93,134,21,65,2,0.6409490016277827,0.9930139720558883,167,547,0.4221335055970802,4703.739013629603,9232.429068336696,12918.895299310745,2.7465161782736716,2.0,0.4511854951185495,1.0837669094693028,1.4914314516129032,cost_subsidy_end,1
120,2094,2405,1432,5931,226,36,89,99,23,72,4,0.6350438443027432,0.9832347140039449,169,548,0.4270729571398453,4700.470210143714,9232.429068336696,12918.895299310745,2.7484261620106634,2.0,0.45391061452513964,1.0974842767295598,1.5041846309916307,cost_subsidy_end,1
121,2102,2423,1439,5964,209,57,107,141,23,69,2,0.6379632042689608,0.9871794871794871,169,555,0.42456900931714925,4698.109800860699,9232.429068336696,12918.895299310745,2.7498070174826457,2.0,0.4600416956219597,1.0913811007268952,1.4973637961335677,cost_subsidy_end,1
122,2113,2436,1447,5996,193,65,119,159,23,82,2,0.640176024264937,0.990079365079365,168,555,0.4226664111104173,4697.241893325934,9232.429068336696,12918.895299310745,2.7503150982423388,2.0,0.4768486523842433,1.088053553038105,1.4933997509339976,cost_subsidy_end,1
123,2132,2461,1460,6053,154,87,125,192,23,65,2,0.6385586624427769,0.9871031746031746,168,560,0.42406407117989847,4697.241893325934,9232.429068336696,12919.60318398468,2.7504658004395024,2.0,0.5075342465753425,1.0967078189300412,1.5019851116625311,cost_subsidy_end,1
124,2142,2468,1461,6071,161,46,95,109,29,74,1,0.6376105760721251,0.985207100591716,169,560,0.424837313284468,4697.241893325934,9232.429068336696,12919.60318398468,2.7504658004395024,2.0,0.49828884325804246,1.0911869587366276,1.4982724580454096,cost_subsidy_end,1
125,2144,2472,1470,6086,168,61,124,159,27,105,1,0.6365866332656593,0.9832347140039449,169,553,0.4257529284399363,4697.241893325934,9232.429068336696,12919.60318398468,2.7504658004395024,2.0,0.5027210884353741,1.0850202429149798,1.4883834678405479,cost_subsidy_end,1
126,2142,2479,1474,6095,182,50,104,137,26,92,0,0.6400097659712882,0.9881656804733728,169,560,0.4228704498013119,4697.241893325934,9232.429068336696,12919.60318398468,2.7504658004395024,2.0,0.49389416553595655,1.0889679715302492,1.5004923682914821,cost_subsidy_end,1
127,2154,2486,1483,6123,176,55,97,124,25,67,1,0.6421361145082735,0.9911242603550295,169,559,0.42103907897348086,4697.241893325934,9232.429068336696,12919.60318398468,2.7504658004395024,2.0,0.49022252191503707,1.0961832061068701,1.5111056268509377,cost_subsidy_end,1
128,2156,2490,1477,6123,197,36,102,103,26,99,2,0.6404096338795454,0.9881656804733728,169,568,0.4224827648965439,4697.009634135983,9232.429068336696,12919.60318398468,2.750601806325919,2.0,0.4482058226134055,1.0972010178117049,1.507756710169909,cost_subsidy_end,1
129,2149,2477,1470,6096,243,36,101,101,25,123,1,0.6392506608091731,0.986111111111111,168,558,0.4234077910964651,4693.898112985944,9232.429068336696,12919.60318398468,2.75242514281293,2.0,0.42448979591836733,1.100922131147541,1.5115298785023557,cost_subsidy_end,1
130,2132,2466,1461,6059,291,30,88,88,21,118,3,0.6381817694981141,0.9842209072978304,169,559,0.4242616943931577,4687.513782554211,9232.429068336696,12919.60318398468,2.7561739086652524,2.0,0.4182067077344285,1.0961439588688946,1.5079641612742658,cost_subsidy_end,1
131,2134,2459,1463,6056,311,33,87,87,18,89,0,0.6408822876257357,0.9881656804733728,169,554,0.4218223029593602,4679.767500426432,9232.429068336696,12919.60318398468,2.7607361226401554,2.0,0.40464798359535203,1.091002044989775,1.499381034909631,cost_subsidy_end,1
132,2129,2459,1459,6047,330,24,78,84,16,81,0,0.6391491383371698,0.9852941176470589,170,559,0.4231758841504916,4670.179966843807,9232.429068336696,12919.60318398468,2.766403709430492,2.0,0.3975325565455792,1.085670576236614,1.4879429133858268,cost_subsidy_end,1
133,2150,2481,1468,6099,284,45,125,136,15,66,2,0.6380575866193292,0.983430799220273,171,559,0.4239532014347797,4661.6147723606555,9232.429068336696,12919.60318398468,2.771486666076904,2.0,0.3869209809264305,1.0919248349415946,1.4963199214916585,cost_subsidy_end,1
134,2125,2453,1455,6033,361,35,100,102,16,162,1,0.6374645761516631,0.9823529411764705,170,560,0.4243053967023558,4649.507522882441,9232.429068336696,12919.60318398468,2.778703576755422,2.0,0.3697594501718213,1.0651629072681705,1.4629000969932104,cost_subsidy_end,1
135,2120,2457,1467,6044,357,33,97,103,14,82,3,0.6260128805635773,0.9645593869731801,174,564,0.4339814965592764,4636.056283956948,9232.429068336696,12919.60318398468,2.7867658183298825,2.0,0.32992501704158145,1.06,1.4591984548527281,cost_subsidy_end,1
136,2112,2444,1448,6004,403,41,115,115,13,150,2,0.6167095967110607,0.9500941619585687,177,564,0.4416092720021185,4621.003178128068,9232.429068336696,12919.60318398468,2.795843821344938,2.0,0.3308011049723757,1.055472263868066,1.4519951632406287,cost_subsidy_end,1
137,2115,2444,1457,6016,402,39,110,110,13,96,0,0.6200079543422505,0.9550561797752809,178,564,0.4385850928132477,4605.24375206589,9232.429068336696,12919.60318398468,2.805411370068959,2.0,0.31365820178448867,1.0575,1.4563059791817963,cost_subsidy_end,1
138,2098,2426,1439,5963,459,29,94,94,13,144,6,0.6166142371518912,0.9497206703910615,179,561,0.441173304593389,4587.414615612109,9232.429068336696,12919.60318398468,2.816314692815441,2.0,0.30298818624044477,1.0422255340288127,1.435483870967742,cost_subsidy_end,1
139,2081,2404,1436,5921,504,36,104,104,12,144,7,0.6213583013924417,0.9569288389513108,178,558,0.43687749638299045,4567.704361231603,9232.429068336696,12919.60318398468,2.8284674668614347,2.0,0.2903899721448468,1.0399800099950025,1.430884485258579,cost_subsidy_end,1
140,2098,2428,1447,5973,454,47,136,136,11,80,5,0.6239913749146325,0.9608938547486033,179,563,0.43436783334637996,4549.174201915707,9232.429068336696,12919.60318398468,2.839988668392627,2.0,0.2957843814789219,1.0511022044088176,1.448,cost_subsidy_end,1
141,2117,2433,1450,6000,426,44,109,118,11,78,8,0.6255211828936923,0.9631675874769796,181,558,0.4327110107648126,4532.216537378694,9232.429068336696,12919.60318398468,2.850614721832557,2.0,0.3006896551724138,1.052710094480358,1.4475271411338964,cost_subsidy_end,1
142,2138,2461,1476,6075,354,62,125,174,13,46,6,0.6292696815005974,0.9688644688644688,182,572,0.4294876882160177,4518.154298908786,9232.429068336696,12928.776452370055,2.86151724731769,2.0,0.3170731707317073,1.062624254473161,1.4582333173307729,cost_subsidy_end,1
143,2138,2469,1477,6084,348,58,105,136,14,93,8,0.6316932102834689,0.9725274725274725,182,572,0.4272692446348043,4505.309388705752,9232.429068336696,12928.776452370055,2.8696756064701976,2.0,0.33378469871360866,1.0547607301430686,1.4530690231669454,cost_subsidy_end,1
144,2149,2475,1480,6104,334,48,107,123,15,83,5,0.6307508037150332,0.9710144927536232,184,572,0.42785391320234073,4493.501367489976,9232.429068336696,12929.12587876066,2.8772943015666064,2.0,0.3493243243243243,1.0539480137322217,1.4481613285883748,cost_subsidy_end,1
145,2185,2508,1508,6201,243,118,159,266,15,56,3,0.6258787140346247,0.9634581105169342,187,585,0.4322116758617944,4488.989359115206,9239.732552894744,12946.136081508315,2.883975667088692,2.0,0.3912466843501326,1.0763546798029557,1.4792461832061068,cost_subsidy_end,1
146,2185,2513,1508,6206,247,45,103,124,21,93,7,0.6288068482218847,0.9679144385026738,187,585,0.42966986073380753,4484.1496674624095,9239.732552894744,12946.136081508315,2.887088309172018,2.0,0.3978779840848806,1.0774161735700196,1.4825609173435261,cost_subsidy_end,1
147,2211,2527,1527,6265,205,84,124,195,21,64,3,0.6328903391922399,0.9741532976827094,187,589,0.42652120472799593,4483.232032857718,9261.473530243185,12946.136081508315,2.887679242703872,2.0,0.4263261296660118,1.0859528487229861,1.4913115924779814,cost_subsidy_end,1
148,2203,2517,1512,6232,258,38,92,99,28,119,2,0.6375505111274614,0.9812834224598931,187,590,0.4224587792531817,4479.55791571184,9261.473530243185,12946.136081508315,2.8900477067391734,2.0,0.42857142857142855,1.0879012345679013,1.4862866682566183,cost_subsidy_end,1
149,2226,2542,1529,6297,209,73,141,179,24,72,4,0.6416294599199532,0.9875222816399288,187,589,0.4189809685826009,4478.25176124771,9261.473530243185,12946.136081508315,2.890890635836276,2.0,0.4460431654676259,1.121975806451613,1.5313715953307394,cost_subsidy_end,1
150,2241,2556,1531,6328,194,67,110,154,27,72,4,0.6451273020193364,0.9928698752228166,187,592,0.4159614387327034,4478.25176124771,9261.473530243185,12946.136081508315,2.890890635836276,2.0,0.47028086218158066,1.1283987915407856,1.5404089581304772,cost_subsidy_end,1
151,2227,2546,1521,6294,250,34,106,106,29,135,2,0.6445413602618345,0.9919354838709677,186,592,0.4164292440492083,4475.204289963703,9261.473530243185,12946.136081508315,2.892859240089198,2.0,0.4720578566732413,1.1236125126135217,1.5347476225310899,cost_subsidy_end,1
152,2231,2573,1533,6337,228,49,104,138,24,58,0,0.6463074139680894,0.9946236559139785,186,589,0.4149994561100806,4472.357921720716,9261.473530243185,12946.136081508315,2.894700358983647,2.0,0.46966731898238745,1.121105527638191,1.5422243854952544,cost_subsidy_end,1
153,2240,2590,1546,6376,204,80,140,201,22,95,1,0.6439959022052514,0.9910394265232974,186,593,0.41700279515359756,4471.582029839043,9261.473530243185,12946.136081508315,2.895202636364097,2.0,0.4890038809831824,1.12056028014007,1.542705056859424,cost_subsidy_end,1
154,2245,2615,1562,6422,174,77,120,193,23,69,2,0.64517642730127,0.9928315412186381,186,598,0.41611571995258334,4471.582029839043,9261.473530243185,12946.136081508315,2.895202636364097,2.0,0.49359795134443024,1.1219390304847576,1.5523326081701716,cost_subsidy_end,1
155,2241,2599,1541,6381,241,36,81,90,27,121,0,0.6463555713253579,0.9946236559139785,186,595,0.4149912061315399,4471.48661651711,9261.473530243185,12946.136081508315,2.8952644146774174,2.0,0.48604802076573655,1.1182634730538923,1.542422044960116,cost_subsidy_end,1
0,2151,1438,861,4450,257,28,55,55,27,62,0,2.777487807693424e-05,0.03934601475276024,151,700,1.0036961015197294,5833.333333333333,9166.666666666666,12500.0,2.142857142857143,2.0,0.3902439024390244,0.9986072423398329,1.001124859392576,regime_tighten,0
1,2128,1424,848,4400,325,40,86,86,21,133,0,3.474026554494767e-05,0.04405276596222309,150,687,1.003704601594703,5833.333333333333,9166.666666666666,12500.0,2.142857142857143,2.0,0.4811320754716981,0.9856415006947661,0.98898628905372,regime_tighten,0
2,2114,1415,834,4363,372,30,55,55,16,87,1,4.331514889570693e-05,0.04915257811486574,148,683,1.003525838935645,5829.85538373425,9166.666666666666,12500.0,2.1441355191890303,2.0,0.47002398081534774,0.999054820415879,0.9995418098510882,regime_tighten,0
3,2124,1420,844,4388,358,27,67,67,14,41,2,5.262671689012283e-05,0.05342672981657602,150,682,1.0032745601769855,5826.154757890495,9166.666666666666,12500.0,2.145497419729705,2.0,0.4443127962085308,1.0095057034220531,1.0098964326812427,regime_tighten,0
4,2143,1441,853,4437,319,45,100,100,14,49,2,6.592331376421852e-05,0.05985786931584114,152,687,1.0030907081091243,5823.460811279111,9166.666666666666,12500.0,2.1464899318613946,2.0,0.4783118405627198,1.0170859041290934,1.0214088397790055,regime_tighten,0
5,2147,1436,854,4437,329,38,78,78,15,76,3,8.611725595040642e-05,0.06991839290472661,151,684,1.0028644594809546,5819.803303770421,9166.666666666666,12500.0,2.147838912683139,2.0,0.48711943793911006,1.0117813383600378,1.016029310739638,regime_tighten,0
6,2135,1427,844,4406,366,24,48,48,14,75,4,0.000107863882124571,0.07828721805789085,152,677,1.002482873636401,5813.347188919561,9166.666666666666,12500.0,2.1502242329213415,2.0,0.4712254570074476,0.9990641085634067,1.001136105430584,regime_tighten,0
7,2121,1420,837,4378,402,34,63,63,13,87,1,0.00013676521986529354,0.08871649741885122,151,675,1.0018992633403345,5803.885297469813,9166.666666666666,12500.0,2.153729675782762,2.0,0.4767025089605735,0.9962423673085956,0.9977210574293528,regime_tighten,0
8,2135,1428,844,4407,382,39,82,82,12,53,3,0.00016957971895360119,0.09829312771498107,151,675,1.0013348126833883,5794.951036720355,9166.666666666666,12500.0,2.1570501494822567,2.0,0.4818325434439178,1.0215311004784688,1.0258379888268156,regime_tighten,0
9,2139,1429,844,4412,385,33,66,66,12,59,2,0.00020932326957391725,0.1083928596775254,150,678,1.000727379457768,5785.229544057012,9166.666666666666,12500.0,2.1606748539201637,2.0,0.4805687203791469,1.0190566936636494,1.0170585523282618,regime_tighten,0
10,2101,1408,834,4343,462,27,64,64,11,131,1,0.00024698841052750534,0.11423900134710095,149,668,0.9997695484147326,5769.929605584739,9166.666666666666,12500.0,2.1664042465788835,2.0,0.4774362328319162,1.0019074868860276,1.0011526048870447,regime_tighten,0
11,2102,1415,835,4352,459,31,65,65,10,54,2,0.0002923457693869484,0.12075857968573096,149,668,0.998782689671512,5753.965579863981,9166.666666666666,12500.0,2.172414802713417,2.0,0.474251497005988,1.0169327527818093,1.021116846550915,regime_tighten,0
12,2123,1427,849,4399,418,47,96,96,10,49,4,0.00034436009423065116,0.12701491527090528,149,671,0.9978906442270825,5739.912398439545,9166.666666666666,12500.0,2.1777335841219903,2.0,0.48881036513545345,1.0211640211640212,1.020886516593177,regime_tighten,0
13,2130,1423,842,4395,423,34,63,63,10,64,6,0.0003983079472381914,0.13116814916909925,150,670,0.9970455705393959,5726.204302981846,9166.666666666666,12500.0,2.1829469118820626,2.0,0.4857482185273159,1.0147689375893283,1.0168903285515964,regime_tighten,0
14,2091,1404,829,4324,498,23,51,51,10,121,5,0.0004710890584896189,0.1384959353006112,149,653,0.9958689900649252,5707.455488566035,9166.666666666666,12500.0,2.1901178248418636,2.0,0.48492159227985526,0.982151244715829,0.9818346957311535,regime_tighten,0
15,2093,1402,828,4323,500,33,66,66,9,64,5,0.0005516542000837992,0.14477508875752912,149,649,0.9946653601212795,5688.4042673918075,9166.666666666666,12500.0,2.1974528202320225,2.0,0.4927536231884058,0.9771241830065359,0.9778330694413029,regime_tighten,0
16,2100,1407,833,4340,484,38,71,71,9,53,7,0.0006466261447640941,0.15147942882338067,149,646,0.9934818384800518,5669.93085027588,9166.666666666666,12500.0,2.2046124247514927,2.0,0.48139255702280914,0.9731232622798888,0.9744050291872475,regime_tighten,0
17,2100,1408,836,4344,479,35,70,70,9,63,7,0.0007422422937172099,0.1552078207794588,150,645,0.9922922477533004,5651.3201903491,9166.666666666666,12500.0,2.211872549947986,2.0,0.47607655502392343,0.9762900976290098,0.9788192879675529,regime_tighten,0
18,2096,1410,826,4332,487,27,60,60,9,67,8,0.0008711373476763765,0.1626038247765709,149,647,0.9910483371214974,5632.114890840434,9166.666666666666,12500.0,2.2194149519799176,2.0,0.4854721549636804,0.9789817842129845,0.9812004530011325,regime_tighten,0
19,2108,1403,831,4342,477,36,72,72,9,60,7,0.0010132027860716706,0.1688268495518328,149,644,0.989806138415214,5613.956806143666,9166.666666666666,12500.0,2.226593547410367,2.0,0.48495788206979545,0.9882794186591655,0.9856980703745744,regime_tighten,0
20,2095,1401,828,4324,490,22,54,54,9,68,10,0.0011845745225741958,0.1762182725130556,149,638,0.9885100266754505,5594.473207776262,9166.666666666666,12500.0,2.2343479959158845,2.0,0.46618357487922707,0.9900756143667296,0.9908340971585701,regime_tighten,0
21,2120,1411,838,4369,444,44,91,91,9,43,7,0.0013763633804438587,0.18282126180741304,150,648,0.9873194982387066,5577.70113596877,9166.666666666666,12500.0,2.2410666500920224,2.0,0.4737470167064439,1.0052157420578474,1.0022941041523286,regime_tighten,0
22,2125,1417,831,4373,434,33,59,59,9,53,13,0.0016148849987543841,0.1915679591500246,150,644,0.9861593974265535,5561.935801104163,9166.666666666666,12500.0,2.247418964727799,2.0,0.48495788206979545,1.006155303030303,1.0020623281393217,regime_tighten,0
23,2116,1410,825,4351,453,27,50,50,10,67,8,0.0018903833612561793,0.20032003354376524,150,642,0.9848901459298273,5545.0038503787555,9166.666666666666,12500.0,2.254281572617155,2.0,0.48363636363636364,0.995764705882353,0.9920200638394893,regime_tighten,0
24,2079,1388,815,4282,518,26,63,63,9,130,11,0.0022065477142930476,0.20893515681139674,149,632,0.9833770764299397,5524.148687583507,9166.666666666666,12500.0,2.26279209828221,2.0,0.4638036809815951,0.977892756349953,0.9765108323831243,regime_tighten,0
25,2089,1392,823,4304,492,34,77,77,8,54,11,0.0025436492572018087,0.2152963506486973,150,636,0.9819154320938173,5504.780455935991,9166.666666666666,12500.0,2.2707535931829628,2.0,0.45929526123936815,0.9761682242990655,0.9772933696639419,regime_tighten,0
26,2085,1391,819,4295,498,30,70,70,9,77,10,0.002931069691483725,0.2218572667519541,151,633,0.9803745341353156,5484.842409650467,9166.666666666666,12500.0,2.2790080491659173,2.0,0.4700854700854701,0.9715750232991612,0.9708408679927667,regime_tighten,0
27,2095,1400,829,4324,467,37,83,83,9,53,10,0.003400098603524988,0.2302637180114183,152,637,0.9788613065960124,5466.091383363816,9166.666666666666,12500.0,2.286826019419298,2.0,0.4692400482509047,0.9826454033771107,0.982503976369007,regime_tighten,0
28,2049,1365,810,4224,565,39,85,85,9,183,9,0.004027642316556874,0.24418766152397206,150,615,0.9766806179880083,5442.293887950878,9162.361574382921,12500.0,2.296825613860128,2.0,0.48148148148148145,0.9601686972820993,0.960218231416231,regime_tighten,0
29,2078,1383,821,4282,501,52,96,96,8,38,14,0.0047029249977547935,0.25542785831365883,150,621,0.9748695694566766,5422.369858493115,9162.361574382921,12500.0,2.3052651010924894,2.0,0.49573690621193667,0.984367598294647,0.9821100917431193,regime_tighten,0
30,2080,1386,816,4282,500,42,80,80,8,77,6,0.0053736843223345645,0.2616536559089138,149,620,0.9730522475785355,5402.459145891029,9162.361574382921,12500.0,2.313761134039704,2.0,0.5171568627450981,0.9848484848484849,0.9798627002288329,regime_tighten,0
31,2075,1383,818,4276,504,29,57,57,8,61,8,0.006220903189901079,0.2717879609841696,150,613,0.9710861459471931,5382.071843815042,9162.361574382921,12500.0,2.3225256672046704,2.0,0.5073349633251834,0.9669151910531221,0.9650191830286617,regime_tighten,0
32,2093,1394,826,4313,464,35,77,80,8,38,9,0.0072130939442656816,0.283028815509208,150,616,0.9690749180043745,5363.546485504326,9162.361574382921,12500.0,2.330547527421056,2.0,0.5181598062953995,0.97122969837587,0.9694313328837941,regime_tighten,0
33,2098,1405,829,4332,447,28,64,70,9,42,4,0.008170374896329742,0.2882289615904569,149,615,0.9671601478067461,5345.165890324293,9162.361574382921,12500.0,2.3385616567349645,2.0,0.4969843184559711,0.9730983302411874,0.9752363800090049,regime_tighten,0
34,2103,1403,829,4335,443,41,75,82,9,69,7,0.00945209727226761,0.30013035594496273,148,612,0.9648665008701639,5327.113226279631,9162.361574382921,12500.0,2.346486637140581,2.0,0.5066344993968637,0.973160573808422,0.9726273277989679,regime_tighten,0
35,2108,1404,832,4344,430,36,75,78,9,64,11,0.010844711889303157,0.31033539416110684,148,613,0.9625542525014892,5309.846031684104,9162.361574382921,12500.0,2.3541172240045953,2.0,0.515625,0.9800092980009298,0.9788192879675529,regime_tighten,0
36,2140,1428,843,4411,362,50,115,128,9,45,7,0.01239515117240588,0.32010171042593805,149,621,0.9603084545323635,5295.894502710705,9162.361574382921,12500.0,2.3603189213081706,2.0,0.5373665480427047,0.990282276723739,0.9872426141450313,regime_tighten,0
37,2131,1426,841,4398,370,30,68,69,10,79,13,0.01426994134623304,0.33305629576726237,148,618,0.9577594677176882,5281.29210528724,9162.361574382921,12500.0,2.366845035419632,2.0,0.5338882282996433,0.986574074074074,0.9860986547085202,regime_tighten,0
38,2153,1435,851,4439,331,39,87,98,10,44,6,0.016344545068940602,0.3453086305578389,148,614,0.9550734614692357,5268.713728060789,9162.361574382921,12500.0,2.3724955739056197,2.0,0.5381903642773208,0.9935394554683895,0.989964317573595,regime_tighten,0
39,2149,1436,853,4438,325,27,71,76,10,69,14,0.01859625204355642,0.35622123201725503,149,610,0.9523087947589468,5256.110725336281,9162.361574382921,12500.0,2.3781842988477497,2.0,0.5252051582649473,0.9875919117647058,0.9875389408099688,regime_tighten,0
40,2172,1446,860,4478,284,51,85,108,10,41,7,0.021292882048731768,0.3704643475378431,149,607,0.9492121890637901,5246.745602968987,9162.361574382921,12500.0,2.3824292134397744,2.0,0.5348837209302325,0.9908759124087592,0.9909271962823634,regime_tighten,0
41,2186,1456,864,4506,259,60,85,116,11,52,3,0.024170218228730923,0.38264890267686785,150,608,0.9461448523985488,5239.943073905016,9162.361574382921,12500.0,2.3855220989422885,2.0,0.5416666666666666,0.9963536918869644,0.9947019867549669,regime_tighten,0
42,2206,1466,871,4543,223,57,76,103,12,38,10,0.02740584580713702,0.3955380957190982,151,610,0.9429341047405547,5236.849587545205,9162.361574382921,12500.0,2.386931262973208,2.0,0.5545350172215844,0.9941415051825147,0.989760348583878,regime_tighten,0
43,2215,1473,874,4562,206,52,75,102,14,52,8,0.030749039017397378,0.4053588839923448,153,613,0.9397733444905007,5235.8143459807525,9162.361574382921,12500.0,2.3874032144771453,2.0,0.5789473684210527,0.9986474301172227,0.9975945768642029,regime_tighten,0
44,2248,1496,892,4636,143,88,104,168,16,30,5,0.034795997626292145,0.4198091523034044,154,618,0.9363652290521272,5235.8143459807525,9168.535144213789,12503.026905829594,2.3879813300537447,2.0,0.6266816143497758,1.009429726088909,1.0084837937785511,regime_tighten,0
45,2270,1520,899,4689,108,77,99,141,21,44,1,0.039568261613624214,0.4377657976136571,154,617,0.9319847630387141,5235.8143459807525,9168.535144213789,12503.026905829594,2.3879813300537447,2.0,0.6763070077864294,1.0066518847006651,1.0101249461439035,regime_tighten,0
46,2288,1528,903,4719,106,66,94,120,29,63,0,0.04415342162462265,0.4488368663976239,156,619,0.9276598073412217,5235.8143459807525,9168.535144213789,12503.026905829594,2.3879813300537447,2.0,0.7009966777408638,1.0132860938883967,1.0135309278350515,regime_tighten,0
47,2307,1538,898,4743,107,51,81,94,31,51,0,0.04998898725111758,0.46781874220842073,156,613,0.9221135354795073,5235.8143459807525,9168.535144213789,12503.026905829594,2.3879813300537447,2.0,0.7216035634743875,1.0198938992042441,1.01650235747964,regime_tighten,0
48,2320,1557,916,4793,83,76,100,153,31,48,3,0.05632457002950852,0.4862028157540435,156,616,0.9163723911888096,5235.8143459807525,9168.535144213789,12503.026905829594,2.3879813300537447,2.0,0.7358078602620087,1.0229276895943562,1.0239265114291818,regime_tighten,0
49,2333,1568,922,4823,81,65,101,133,32,67,0,0.062386014789314305,0.4976727612864585,158,619,0.9107287824878141,5235.8143459807525,9168.535144213789,12503.026905829594,2.3879813300537447,2.0,0.7689804772234273,1.0300220750551876,1.0318784766795037,regime_tighten,0
50,2337,1570,933,4840,95,59,93,129,32,75,0,0.06931923675166525,0.5119764245487125,159,615,0.9043458962302361,5235.8143459807525,9168.535144213789,12504.82262459206,2.388324298433409,2.0,0.7813504823151125,1.0313327449249778,1.0344090617653345,regime_tighten,0
51,2334,1575,936,4845,119,41,75,92,33,66,0,0.0779251736162992,0.533824426640829,158,605,0.8963754598416163,5235.8143459807525,9168.535144213789,12504.82262459206,2.388324298433409,2.0,0.7938034188034188,1.0532490974729243,1.058784965034965,regime_tighten,0
52,2353,1593,941,4887,101,62,82,113,27,38,1,0.08679890751668663,0.5524969006926422,158,604,0.8880824398674195,5235.8143459807525,9168.535144213789,12504.82262459206,2.388324298433409,2.0,0.8012752391073327,1.0676043557168784,1.0738299274884642,regime_tighten,0
53,2382,1617,957,4956,59,95,119,184,31,46,0,0.09600014485890562,0.5687796307203264,158,597,0.8795122664891273,5235.8143459807525,9168.535144213789,12504.82262459206,2.388324298433409,2.0,0.8244514106583072,1.078804347826087,1.0866038149528612,regime_tighten,0
54,2404,1634,970,5008,38,76,98,149,35,42,0,0.1060225858212912,0.585716898260204,158,596,0.8701468444918463,5235.8143459807525,9168.535144213789,12504.82262459206,2.388324298433409,2.0,0.8329896907216495,1.080935251798561,1.0891692040017398,regime_tighten,0
55,2411,1654,982,5047,31,74,91,150,36,48,0,0.11608753218012939,0.5990475411340552,159,601,0.8608489306622018,5235.8143459807525,9168.535144213789,12505.281049861393,2.388411854110337,2.0,0.845213849287169,1.0835955056179776,1.1010034904013961,regime_tighten,0
56,2381,1649,981,5011,99,40,110,112,35,143,0,0.12554529060622746,0.6062480916399335,158,588,0.8521053976707637,5235.8143459807525,9168.535144213789,12505.281049861393,2.388411854110337,2.0,0.7971457696228338,1.0783514492753623,1.097940403155127,regime_tighten,0
57,2387,1664,998,5049,97,69,107,155,37,68,0,0.1367168674923776,0.6189607474040251,157,584,0.8417360833647282,5235.8143459807525,9168.535144213789,12505.281049861393,2.388411854110337,2.0,0.7755511022044088,1.0830308529945554,1.1082089552238805,regime_tighten,0
58,2382,1683,996,5061,118,56,89,112,35,75,0,0.14957640161963434,0.6361357523485769,155,582,0.8297529555540106,5235.8143459807525,9168.535144213789,12505.281049861393,2.388411854110337,2.0,0.7670682730923695,1.0638677981241627,1.0956917081619397,regime_tighten,0
59,2402,1711,1008,5121,84,89,112,175,30,48,0,0.16162286563501502,0.6470450683494084,156,588,0.8184803302787478,5235.8143459807525,9168.535144213789,12505.281049861393,2.388411854110337,2.0,0.7956349206349206,1.1213818860877685,1.1596467391304348,regime_tighten,0
60,2403,1735,1033,5171,70,80,101,181,37,50,0,0.1744770394794517,0.6589655191208589,157,586,0.8071614357166123,5235.8143459807525,9171.33590711087,12528.693647683687,2.392883479014354,2.0,0.7802516940948693,1.128169014084507,1.1760291107573346,regime_tighten,0
61,2388,1730,1033,5151,126,41,84,94,39,101,0,0.18833438961855475,0.6725784806421398,158,577,0.7941186924200608,5235.8143459807525,9171.33590711087,12528.693647683687,2.392883479014354,2.0,0.7570183930300097,1.1112145183806421,1.1638047898779937,regime_tighten,0
62,2333,1720,1029,5082,226,23,66,66,31,135,0,0.20240217734607033,0.6851075419652067,159,564,0.7810474875079942,5235.517395501894,9171.33590711087,12528.693647683687,2.393019199677904,2.0,0.7249757045675413,1.0912067352666044,1.1508152173913044,regime_tighten,0
63,2302,1723,1032,5057,269,29,82,82,19,106,0,0.2143255867909799,0.6893298605778228,162,560,0.7697146399298957,5230.261410876542,9171.33590711087,12528.693647683687,2.395423988106934,2.0,0.7112403100775194,1.076707202993452,1.1461922030825022,regime_tighten,0
64,2279,1731,1028,5038,299,24,74,74,15,89,0,0.229712774724013,0.7038091914723494,163,553,0.7549040084134344,5221.301056310221,9171.33590711087,12528.693647683687,2.399534811834321,2.0,0.6770428015564203,1.05754060324826,1.1303567422032756,regime_tighten,0
65,2216,1708,1013,4937,411,16,47,47,13,146,0,0.24842592817167589,0.7269531461904564,162,539,0.7367015872048713,5204.833565430381,9171.33590711087,12528.693647683687,2.4071266622043668,2.0,0.6090819348469891,1.0235565819861432,1.1027473754746482,regime_tighten,0
66,2147,1683,1003,4833,523,20,61,61,11,163,1,0.26866907832463066,0.7528221570313967,160,524,0.7168446019459107,5180.6419160465275,9171.33590711087,12528.693647683687,2.41836703843153,2.0,0.559322033898305,0.9898570769940065,1.0812080536912752,regime_tighten,0
67,2067,1650,980,4697,666,10,29,29,10,162,0,0.28510834090434156,0.7669454049653998,159,511,0.7005067060099314,5154.738706466295,9171.33590711087,12528.693647683687,2.4305196366146027,2.0,0.5071428571428571,0.9499080882352942,1.0472686733556298,regime_tighten,0
68,2012,1625,963,4600,772,14,38,38,10,134,0,0.30219904734273373,0.7823815852521872,159,498,0.6835130960208335,5128.965012933963,9171.33590711087,12528.693647683687,2.4427333031302543,2.0,0.48909657320872274,0.9145454545454546,1.0156767498344006,regime_tighten,0
69,1935,1595,948,4478,900,11,33,33,11,150,0,0.3147342541840874,0.7861353613997873,161,488,0.6709943586470511,5103.3201878692935,9171.261859416118,12528.693647683687,2.455008344854527,2.0,0.4356540084388186,0.8803457688808007,0.9865609165014321,regime_tighten,0
70,1861,1559,926,4346,1042,8,36,36,12,166,0,0.3280556182204564,0.7923956876899155,161,474,0.6573389838298577,5077.803586929947,9161.667471288678,12523.879666873247,2.4663970262869532,2.0,0.3941684665226782,0.8413200723327305,0.9518177836180465,regime_tighten,0
71,1787,1519,899,4205,1187,12,34,34,12,172,5,0.3418552967429072,0.800279929521727,162,459,0.6426943115965317,5052.4145689952975,9141.516029688046,12504.054315859086,2.474867045272097,2.0,0.3203559510567297,0.8035071942446043,0.9173211169284468,regime_tighten,0
72,1716,1484,881,4081,1315,10,29,29,13,153,9,0.35554108538074747,0.8083585506292043,163,450,0.6278686500173926,5027.152496150321,9112.183045149877,12473.140142046557,2.4811541228554743,2.0,0.2474460839954597,0.7705433318365514,0.8869810910671593,regime_tighten,0
73,1678,1484,879,4041,1350,16,64,64,13,101,15,0.36618791159836467,0.8101891543285324,164,451,0.6160031850671178,5002.0167336695695,9082.944183291045,12442.68046185825,2.487532754159756,2.0,0.21956769055745165,0.7589326096788783,0.8856015779092702,regime_tighten,0
74,1661,1486,881,4028,1353,22,69,69,14,81,23,0.3816792976077086,0.8232779093202429,162,445,0.5996121702548431,4977.006650001222,9054.322956637354,12414.067234367587,2.494283835116945,2.0,0.21793416572077184,0.7465168539325843,0.876414273281114,regime_tighten,0
75,1649,1496,888,4033,1337,24,74,74,14,67,23,0.3947023901431591,0.8314292518736157,161,443,0.5857875667050179,4952.121616751216,9028.402737977176,12390.917343580635,2.5021431827656846,2.0,0.21058558558558557,0.7381378692927484,0.8746475818694427,regime_tighten,0
76,1639,1518,901,4058,1296,28,89,89,15,61,28,0.41058844976622083,0.8459789770221765,161,442,0.5697802157915466,4927.36100866746,9008.512119596566,12377.476348496073,2.51198893824169,2.0,0.21198668146503885,0.7359676695105523,0.882557633753806,regime_tighten,0
77,1638,1536,908,4082,1253,23,76,76,15,48,30,0.42163973262235127,0.8510042725985657,163,449,0.5583814500748526,4902.724203624122,8993.574217282778,12370.612362613123,2.5232119631507506,2.0,0.21806167400881057,0.7299465240641712,0.8818319291423634,regime_tighten,0
78,1637,1555,921,4113,1189,23,76,76,16,40,44,0.4352531208576257,0.8617146925398746,164,446,0.5449471052962886,4878.2105826060015,8984.060783284149,12370.612362613123,2.535891420252011,2.0,0.2182410423452769,0.7308035714285714,0.8889129025286363,regime_tighten,0
79,1614,1563,929,4106,1163,20,70,70,16,74,46,0.4481690924860563,0.871458133285607,165,441,0.5323768264212614,4853.819529692972,8977.81100186969,12370.612362613123,2.5486345932181016,2.0,0.2271259418729817,0.7257194244604317,0.8949433304272014,regime_tighten,0
80,1592,1562,936,4090,1151,23,75,75,16,89,42,0.45372616011206185,0.8675495927879788,167,439,0.5265742765233494,4829.550432044507,8972.013483963721,12370.612362613123,2.5614418022292473,2.0,0.23504273504273504,0.7164716471647165,0.8926233085988651,regime_tighten,0
81,1569,1564,930,4063,1120,17,60,60,15,86,72,0.46240565080856216,0.8703561419150562,167,433,0.5178787611095892,4805.402679884284,8967.214500007183,12370.612362613123,2.5743133690746207,2.0,0.24301075268817204,0.7070752591257323,0.8876993663972034,regime_tighten,0
82,1565,1574,935,4074,1076,26,71,71,15,57,45,0.4716471573909823,0.8748021489177736,169,439,0.5087283789411412,4781.375666484862,8966.221047671906,12370.612362613123,2.587249617160423,2.0,0.2609625668449198,0.7036870503597122,0.8887434554973822,regime_tighten,0
83,1564,1591,947,4102,1004,25,82,82,15,49,54,0.4807667644078136,0.8795529324743815,171,443,0.4997938100080566,4757.468788152438,8966.221047671906,12370.612362613123,2.6002508715180133,2.0,0.2713833157338965,0.6997762863534676,0.8909643788010426,regime_tighten,0
84,1560,1594,948,4102,965,29,85,85,16,83,53,0.4892469626427197,0.8836498139626221,172,438,0.49134818884183196,4733.681444211676,8966.221047671906,12370.612362613123,2.6133174588120736,2.0,0.2911392405063291,0.7014388489208633,0.894266405057772,regime_tighten,0
85,1578,1617,969,4164,864,34,102,102,16,39,54,0.5011504572129785,0.8943551718015639,173,442,0.4798136679083769,4710.013036990617,8966.221047671906,12370.612362613123,2.6264497073488178,2.0,0.30340557275541796,0.7108108108108108,0.9109604025377379,regime_tighten,0
86,1533,1602,952,4087,912,24,72,72,15,143,38,0.5063281912147234,0.8935255443774169,174,432,0.4746159492769379,4686.462971805664,8966.221047671906,12370.612362613123,2.639647947084239,2.0,0.31092436974789917,0.6914749661705006,0.8931381118881119,regime_tighten,0
87,1517,1603,954,4074,901,16,63,63,15,73,36,0.5236477708308794,0.9144707699290866,172,426,0.4582329258970473,4663.030656946636,8966.221047671906,12370.612362613123,2.652912509632401,2.0,0.3018867924528302,0.6781403665623603,0.8822000866175834,regime_tighten,0
88,1523,1618,964,4105,839,28,80,82,14,48,44,0.5304313727615184,0.9173168583077659,174,428,0.4514581961260832,4639.715503661902,8966.221047671906,12370.612362613123,2.66624372827377,2.0,0.2987551867219917,0.6844943820224719,0.8931679721496953,regime_tighten,0
89,1520,1627,967,4114,807,21,64,71,14,51,33,0.5395081615024698,0.9245581115432869,175,432,0.442605267274677,4616.516926143593,8966.221047671906,12370.612362613123,2.679641937963588,2.0,0.2957600827300931,0.6810035842293907,0.8929889298892989,regime_tighten,0
90,1516,1625,976,4117,770,25,68,85,12,62,43,0.5446056272878502,0.9254105622603117,177,427,0.43742656112193895,4593.434341512875,8966.221047671906,12371.220753385054,2.6932399232489126,2.0,0.29508196721311475,0.6925536774783005,0.9094322951181798,regime_tighten,0
91,1503,1612,965,4080,777,31,82,82,11,113,35,0.5524605782758618,0.9313749790293502,177,423,0.42962039478381486,4570.467169805311,8966.221047671906,12371.220753385054,2.706773792209962,2.0,0.30984455958549223,0.698744769874477,0.9154139555754992,regime_tighten,0
92,1475,1604,961,4040,790,21,73,73,10,110,34,0.56320433213597,0.942541731962076,174,414,0.4194134282076447,4547.614833956284,8966.221047671906,12371.220753385054,2.720375670562776,2.0,0.3090530697190427,0.6857275685727569,0.9070498428378985,regime_tighten,0
93,1392,1520,905,3817,981,17,59,59,9,276,35,0.5656995907672585,0.9402828209714905,173,402,0.41649415710896187,4524.876759786503,8961.81847206766,12371.220753385054,2.7340459000630917,2.0,0.3281767955801105,0.6385321100917432,0.8489768683274022,regime_tighten,0
94,1381,1518,912,3811,955,28,83,83,8,89,40,0.5694985574996652,0.9406260231498152,174,392,0.41253549464783407,4502.25237598757,8957.125464671262,12371.220753385054,2.7477848241840115,2.0,0.32785087719298245,0.6387604070305273,0.8554433221099887,regime_tighten,0
95,1356,1503,903,3762,982,25,71,71,7,118,27,0.5695604310525125,0.935227237816919,175,384,0.41189434737617203,4479.741114107633,8948.651637343173,12371.220753385054,2.7615927881246347,2.0,0.33111849390919157,0.6298188574082675,0.8450134770889488,regime_tighten,0
96,1360,1516,898,3774,937,28,77,77,6,61,35,0.5736865189464074,0.9369022750147536,176,387,0.40748044660249966,4457.342408537094,8943.916957832593,12371.220753385054,2.7754701388187284,2.0,0.33184855233853006,0.6328524895300139,0.8501914845685965,regime_tighten,0
97,1357,1516,902,3775,908,25,58,58,4,55,30,0.5839151736262439,0.9488326580381468,176,386,0.3975995377962839,4435.055696494409,8939.184783413391,12371.220753385054,2.7894172249434455,2.0,0.3203991130820399,0.6361931551804969,0.8558150079347087,regime_tighten,0
98,1353,1514,900,3767,884,21,63,63,4,65,30,0.586404333844931,0.9484712424047592,178,388,0.39473972676585484,4412.880418011937,8934.162528336996,12371.220753385054,2.803434396928086,2.0,0.31777777777777777,0.6400189214758751,0.8641890341821519,regime_tighten,0
99,1341,1509,892,3742,878,29,78,78,4,100,32,0.5928513439283334,0.9548085637812401,178,388,0.3882889530472788,4390.816015921877,8927.802434244193,12371.220753385054,2.817522006962901,2.0,0.3352017937219731,0.6292820272172689,0.8502613042490343,regime_tighten,0
100,1344,1516,908,3768,826,29,85,85,4,56,27,0.5917519028386075,0.9492921723318188,180,386,0.3888563120435538,4368.8619358422675,8923.810676425035,12371.220753385054,2.8316804090079404,2.0,0.3303964757709251,0.6280373831775701,0.8538409245411285,regime_tighten,0
101,1328,1506,900,3734,832,35,96,96,4,127,29,0.5936104528038305,0.948829209368856,180,384,0.38662087059600897,4347.017626163056,8917.139269885689,12371.220753385054,2.8459099588019505,2.0,0.3488888888888889,0.6188257222739981,0.8419391206313416,regime_tighten,0
102,1323,1499,900,3722,818,23,63,63,4,74,29,0.6019890296866527,0.9590220469273076,178,380,0.3784056903872396,4325.28253803224,8909.080579642989,12371.220753385054,2.8602110138713073,2.0,0.3466666666666667,0.6658278812279819,0.9069200779727096,regime_tighten,0
103,1342,1522,919,3783,735,31,99,99,4,36,24,0.6092364436800081,0.967604246731878,178,385,0.3713911914044414,4303.656125342079,8907.43929207082,12371.220753385054,2.8745839335390024,2.0,0.3394994559303591,0.6743718592964824,0.918872965751761,regime_tighten,0
104,1322,1503,894,3719,765,22,52,52,4,111,33,0.6086815931332621,0.9640151515151515,176,382,0.3712515006361008,4282.137844715368,8901.676603524593,12371.220753385054,2.8890290789336706,2.0,0.35011185682326623,0.661,0.8989605994682137,regime_tighten,0
105,1331,1510,898,3739,715,29,78,78,4,54,30,0.6047358105775277,0.9553072625698324,179,388,0.374266284220977,4260.727155491792,8898.042827326535,12371.220753385054,2.903546812998664,2.0,0.3619153674832962,0.6688442211055277,0.9081855720184601,regime_tighten,0
106,1325,1513,903,3741,693,19,73,73,4,68,21,0.6071894860778463,0.9569288389513108,178,386,0.37167887084967843,4239.4235197143325,8895.21651662172,12371.220753385054,2.9181375005011696,2.0,0.34994462901439644,0.6641604010025063,0.9084507042253521,regime_tighten,0
107,1325,1511,899,3735,669,22,60,60,5,63,32,0.6138565143449086,0.9653558052434458,178,388,0.3651040077418725,4218.226402115761,8892.099159776017,12371.220753385054,2.932801508041377,2.0,0.3481646273637375,0.6678427419354839,0.9100877192982456,regime_tighten,0
108,1308,1495,892,3695,679,19,69,69,5,104,30,0.6185404088056475,0.9708097928436911,177,381,0.36037237102314584,4197.135270105182,8884.927418373876,12371.220753385054,2.9475392040616852,2.0,0.34080717488789236,0.6546546546546547,0.8953234795250787,regime_tighten,0
109,1305,1488,888,3681,674,21,56,56,5,68,22,0.6162952612471843,0.9655493482309125,179,382,0.36177644919311214,4176.149593754656,8876.123116431168,12371.220753385054,2.962350958855965,2.0,0.33783783783783783,0.6610942249240122,0.8993403371610066,regime_tighten,0
110,1300,1485,883,3668,663,23,63,63,6,74,28,0.6150613766848914,0.9620370370370371,180,381,0.3623010184998059,4155.268845785883,8867.00506385366,12371.220753385054,2.9772371445788592,2.0,0.3420158550396376,0.6526104417670683,0.8889966068831798,regime_tighten,0
111,1307,1497,886,3690,623,32,90,90,6,67,23,0.6143477799966809,0.9594843462246778,181,382,0.3624266201102987,4134.492501556953,8861.36242426757,12371.220753385054,2.992198135255135,2.0,0.3442437923250564,0.6754521963824289,0.9213483146067416,regime_tighten,0
112,1321,1513,901,3735,557,30,87,87,6,41,26,0.6165032638699124,0.9615384615384616,182,388,0.36011531497797106,4113.820039049168,8860.7598301015,12371.220753385054,3.0072343067890808,2.0,0.33962264150943394,0.685877466251298,0.9356212424849699,regime_tighten,0
113,1345,1532,908,3785,487,35,92,94,6,37,21,0.6146308165167707,0.957427536231884,184,391,0.36124585520651376,4093.2509388539224,8860.7598301015,12371.220753385054,3.0223460369739503,2.0,0.3370044052863436,0.6918724279835391,0.9450686641697877,regime_tighten,0
114,1323,1511,896,3730,519,24,68,68,6,120,26,0.6124161058212432,0.9528985507246376,184,383,0.3628699200483397,4072.784684159653,8860.360988114015,12371.220753385054,3.0375337055014575,2.0,0.34263392857142855,0.6763803680981595,0.9200789343857918,regime_tighten,0
115,1320,1504,887,3711,518,23,66,66,6,80,21,0.6199129631719291,0.963570127504554,183,381,0.355607229803458,4052.420760738855,8858.075834185207,12371.220753385054,3.052797693971314,2.0,0.3370913190529876,0.6683544303797468,0.9073349633251834,regime_tighten,0
116,1317,1502,891,3710,507,25,74,74,6,71,14,0.6181485352130548,0.959927140255009,183,383,0.3568115136442824,4032.1586569351607,8855.25245721616,12371.220753385054,3.068138385900818,2.0,0.3389450056116723,0.6661608497723824,0.905982905982906,regime_tighten,0
117,1310,1498,884,3692,513,22,66,66,6,81,15,0.6238459139394557,0.9679487179487181,182,382,0.35125313005696734,4011.9978636504848,8851.598250785246,12371.220753385054,3.0835561667344904,2.0,0.333710407239819,0.6556556556556556,0.8922184630256162,regime_tighten,0
118,1315,1501,891,3707,485,24,80,84,6,60,14,0.6149492562921267,0.9534050179211468,186,386,0.3588170638953968,3991.9378743322322,8849.987886756715,12371.220753385054,3.0990514238537594,2.0,0.3367003367003367,0.6539035305818001,0.8889688249400479,regime_tighten,0
119,1312,1489,891,3692,487,21,58,63,6,69,15,0.6216169421029291,0.9630630630630632,185,382,0.3523846199149993,3971.978184960571,8846.86244652203,12371.220753385054,3.114624546586693,2.0,0.33557800224466894,0.6469428007889546,0.8832535885167464,regime_tighten,0
120,1310,1489,895,3694,476,24,66,70,6,63,14,0.6202699380656368,0.9603603603603603,185,384,0.3532509035828256,3952.118294035768,8845.229179608825,12371.220753385054,3.130275926217782,2.0,0.3396648044692737,0.6475531389026199,0.8847904191616767,regime_tighten,0
121,1314,1497,895,3706,452,21,58,60,6,44,16,0.6217957969863288,0.9621621621621622,185,384,0.3515037023076911,3932.357702565589,8845.229179608825,12371.220753385054,3.146005955997771,2.0,0.3396648044692737,0.6537313432835821,0.8910795864390478,regime_tighten,0
122,1312,1491,893,3696,444,27,81,84,6,88,21,0.6205184115216541,0.9596774193548387,186,389,0.3522388911717781,3912.695914052761,8845.229179608825,12371.220753385054,3.1618150311535387,2.0,0.3449048152295633,0.6553446553446554,0.8918918918918919,regime_tighten,0
123,1320,1495,899,3714,420,31,88,98,6,65,7,0.6225558792990497,0.9623655913978495,186,384,0.3500273069865327,3893.132434482497,8845.229179608825,12371.220753385054,3.177703548898029,2.0,0.3414905450500556,0.6570433051269288,0.893432764012509,regime_tighten,0
124,1320,1503,909,3732,398,33,92,104,6,72,8,0.6250421032872258,0.9657868633874387,185,383,0.3476122602566386,3873.6667723100845,8845.229179608825,12371.220753385054,3.1936719084402303,2.0,0.341034103410341,0.6765761148129165,0.9267444747951329,regime_tighten,0
125,1340,1526,919,3785,332,33,91,103,6,37,18,0.6229303962897768,0.9621420840998726,187,388,0.349141309038992,3856.0818592892515,8845.229179608825,12373.401534410134,3.2088015726644312,2.0,0.33514689880304677,0.6935817805383023,0.9493353398545272,regime_tighten,0
126,1335,1520,908,3763,345,25,65,65,6,85,13,0.6251753199744978,0.9652615136898904,187,387,0.34672704491379286,3838.5738105989385,8845.229179608825,12373.401534410134,3.223437178736832,2.0,0.34030837004405284,0.6884992264053635,0.9386380643552008,regime_tighten,0
127,1330,1513,903,3746,359,22,62,62,6,76,6,0.6268235854014195,0.9674896776827603,187,387,0.34489996377475773,3820.549203140474,8845.229179608825,12373.401534410134,3.238644727893899,2.0,0.34108527131782945,0.6827515400410678,0.931377424167081,regime_tighten,0
128,1323,1516,900,3739,360,26,82,82,6,86,9,0.631919637305531,0.9750654352585179,187,383,0.3401287331741503,3802.071724355902,8845.229179608825,12373.401534410134,3.254384038877193,2.0,0.3433333333333333,0.6781137878011276,0.926641883519207,regime_tighten,0
129,1325,1517,901,3743,351,23,67,67,6,59,7,0.6324635802421066,0.9756413283333839,188,387,0.3393055545932256,3784.017802207746,8845.229179608825,12373.401534410134,3.26991102610326,2.0,0.34406215316315203,0.6729304215337735,0.9214672575086165,regime_tighten,0
130,1316,1518,902,3736,356,18,65,65,6,70,6,0.6261266081808126,0.9656291167196271,189,390,0.3447453626629641,3765.0977131967074,8845.229179608825,12373.401534410134,3.2863427398022713,2.0,0.3370288248337029,0.6683595733875064,0.9190651906519065,regime_tighten,0
131,1321,1516,904,3741,349,24,67,67,6,62,8,0.6245186880919361,0.962934920034954,191,385,0.34577183417086793,3746.9435575147477,8845.229179608825,12373.401534410134,3.302265258198097,2.0,0.3396017699115044,0.6774358974358974,0.930365580701318,regime_tighten,0
132,1316,1514,896,3726,356,18,57,60,6,71,13,0.626177952121939,0.9652981062153273,192,386,0.3439479782298349,3728.966674898794,8845.229179608825,12373.401534410134,3.318185066576374,2.0,0.3359375,0.6801033591731266,0.9294088301322025,regime_tighten,0
133,1289,1475,872,3636,442,29,81,81,6,169,8,0.6276648025829826,0.9674125210502091,190,379,0.3421724108389586,3710.3218415243,8845.229179608825,12373.401534410134,3.3348593633933405,2.0,0.3543577981651376,0.6696103896103897,0.9124215809284818,regime_tighten,0
134,1308,1488,883,3679,396,31,79,79,6,34,7,0.6262998888775534,0.9651478072892695,192,382,0.34296287624945454,3691.877305594414,8845.229179608825,12373.401534410134,3.351520245718985,2.0,0.35447338618346547,0.6858940744625066,0.930921052631579,regime_tighten,0
135,1308,1495,895,3698,376,24,78,78,6,57,5,0.6259515122118351,0.9644648307402752,193,381,0.34314230779994415,3673.4294923495313,8845.229179608825,12373.401534410134,3.3683514438427635,2.0,0.3418994413407821,0.677369238736406,0.9272818455366099,regime_tighten,0
136,1313,1509,903,3725,348,30,93,100,6,64,5,0.6166083080951376,0.9499381181363634,197,387,0.35119205092022193,3655.5548974638255,8845.229179608825,12373.401534410134,3.384821697793304,2.0,0.33554817275747506,0.675064267352185,0.9286960857641486,regime_tighten,0
137,1329,1517,908,3754,316,30,83,93,6,52,7,0.6240999337242124,0.9613594379333179,197,388,0.34413987928970036,3639.6950605419133,8845.229179608825,12373.401534410134,3.399570933441842,2.0,0.3303964757709251,0.6787538304392237,0.9278299555116164,regime_tighten,0
138,1340,1529,913,3782,283,29,83,88,6,54,10,0.6179406018624538,0.9517635618882103,201,394,0.34927338724402196,3625.5434869124274,8845.229179608825,12373.401534410134,3.412840469043036,2.0,0.3329682365826944,0.6843718079673136,0.9370664023785926,regime_tighten,0
139,1352,1543,912,3807,248,25,68,73,6,36,9,0.62581133686418,0.9637867791353081,201,399,0.3419910526706248,3613.1052243704253,8845.229179608825,12373.401534410134,3.4245893119722712,2.0,0.3366228070175439,0.6901480347115876,0.9425600396137658,regime_tighten,0
140,1357,1542,921,3820,233,26,64,77,7,50,8,0.6300048983018475,0.9701541713178065,202,396,0.33810335036230427,3601.6682864947984,8845.229179608825,12373.401534410134,3.435463943419433,2.0,0.3333333333333333,0.6955407483341876,0.9488325881768505,regime_tighten,0
141,1337,1532,903,3772,272,27,84,84,7,128,12,0.6366297480096058,0.9802723796976514,200,392,0.33207233814944437,3588.4750950007606,8845.229179608825,12373.401534410134,3.4480945824726454,2.0,0.3444075304540421,0.6835378323108384,0.9327398615232443,regime_tighten,0
142,1330,1529,910,3769,269,21,71,71,6,70,8,0.6359349479561425,0.9791267459678124,201,395,0.3326232505685826,3574.726479576541,8845.229179608825,12373.401534410134,3.461356163919953,2.0,0.34505494505494505,0.6747843734145104,0.9244542555800834,regime_tighten,0
143,1330,1531,915,3776,266,19,61,63,6,53,1,0.6399715073522108,0.9852723796976514,200,392,0.3289014045296124,3560.554112648662,8845.229179608825,12373.401534410134,3.4751336850784944,2.0,0.3377049180327869,0.6758130081300813,0.9261712043168997,regime_tighten,0
144,1341,1539,921,3801,236,26,71,78,6,45,10,0.6376362231755267,0.981614308156867,201,394,0.3306830743105415,3548.154262815646,8845.229179608825,12373.401534410134,3.487278347529116,2.0,0.34419109663409336,0.6728549924736578,0.925267770204479,regime_tighten,0
145,1342,1538,920,3800,237,30,89,89,7,89,6,0.6278568999177128,0.9665032679738562,204,393,0.33902099998663304,3535.8144208674,8845.229179608825,12373.401534410134,3.499448800645683,2.0,0.3456521739130435,0.6673296867230234,0.9156626506024096,regime_tighten,0
146,1334,1523,913,3770,263,31,76,76,7,103,8,0.6262977969551922,0.9640522875816995,204,394,0.34009281252660156,3522.7159884978964,8845.229179608825,12373.401534410134,3.5124607191754373,2.0,0.348302300109529,0.6775012696800407,0.9253804614629357,regime_tighten,0
147,1334,1528,911,3773,256,28,76,76,7,69,7,0.6285546032644508,0.967479674796748,205,396,0.3378932701592939,3509.6660793001765,8845.229179608825,12373.401534410134,3.5255210196171642,2.0,0.3534577387486279,0.674759736975215,0.9220430107526881,regime_tighten,0
148,1350,1545,916,3811,215,52,98,128,7,55,5,0.6222510055781529,0.9577352472089316,209,407,0.3431755965253058,3499.790512174929,8845.229179608825,12375.670891896792,3.536117618710266,2.0,0.37554585152838427,0.6739890164752871,0.9187560270009644,regime_tighten,0
149,1367,1566,926,3859,169,65,97,139,7,47,3,0.6290114380499712,0.9681020733652311,209,408,0.33712624843670347,3494.5362693877705,8845.229179608825,12375.670891896792,3.5414343815252383,2.0,0.40928725701943847,0.6831584207896052,0.9339303000968054,regime_tighten,0
150,1368,1580,946,3894,141,63,93,157,9,56,0,0.626773374551314,0.964622641509434,212,412,0.33938431989491324,3492.3982717498307,8845.229179608825,12377.083759186777,3.5440069534181062,2.0,0.4365750528541226,0.6833166833166833,0.941944847605225,regime_tighten,0
151,1385,1597,950,3932,111,63,96,142,11,55,0,0.613516968191351,0.9441896024464831,218,418,0.3516742311087315,3492.3982717498307,8866.309293733804,12417.472137769386,3.555571607687155,2.0,0.4747368421052632,0.6963298139768728,0.9594924353343094,regime_tighten,0
152,1391,1600,950,3941,110,48,94,116,14,79,0,0.6161735202253839,0.9482496194824963,219,419,0.349374596025524,3492.3982717498307,8866.309293733804,12431.850263402592,3.5596885853381606,2.0,0.4978947368421053,0.6948051948051948,0.9556256062075654,regime_tighten,0
153,1409,1612,965,3986,74,58,100,147,14,52,2,0.6160045573195658,0.9479638009049773,221,421,0.3497454375383673,3492.3982717498307,8866.309293733804,12458.51754842357,3.5673243940134456,2.0,0.522279792746114,0.698562221120476,0.9584034623707622,regime_tighten,0
154,1420,1629,971,4020,57,58,90,133,20,53,0,0.6168087600051237,0.9491778774289986,223,427,0.34937130158847546,3492.3982717498307,8870.34784591057,12484.922933711578,3.574885211318162,2.0,0.557157569515963,0.7061163600198906,0.9705456301303718,regime_tighten,0
155,1430,1641,971,4042,58,51,89,114,26,66,2,0.62277232750673,0.9583333333333333,224,428,0.34400081369017366,3492.3982717498307,8870.34784591057,12484.922933711578,3.574885211318162,2.0,0.5901132852729145,0.7072205736894164,0.9683756588404409,regime_tighten,0
0,2159,1447,859,4465,239,28,64,64,27,53,0,1.674047961596599e-05,0.023714637238500647,152,699,1.0037142561496808,5833.333333333333,9166.666666666666,12500.0,2.142857142857143,2.0,0.3911525029103609,0.9963082602676512,1.0,regime_tighten,1
1,2164,1442,857,4463,260,36,73,73,22,72,0,2.144576628339578e-05,0.02719453372458073,154,699,1.0037344769918883,5833.333333333333,9166.666666666666,12500.0,2.142857142857143,2.0,0.44807467911318555,0.9995381062355658,0.9991045444369823,regime_tighten,1
2,2159,1445,853,4457,283,30,70,70,20,73,0,2.921034053006581e-05,0.033146914676961674,154,694,1.00373010332743,5833.333333333333,9166.666666666666,12500.0,2.142857142857143,2.0,0.44079718640093785,0.9958487084870848,0.995088189327975,regime_tighten,1
3,2161,1451,857,4469,283,28,69,69,17,54,2,3.932987265435196e-05,0.039927751609729945,154,698,1.003689387461618,5833.095136821211,9166.666666666666,12500.0,2.1429446471898226,2.0,0.42707117852975496,0.9981524249422633,1.0002238137869293,regime_tighten,1
4,2177,1461,862,4500,263,44,99,99,16,65,2,5.145931166241274e-05,0.04672466501894386,153,701,1.0036848648768097,5833.095136821211,9166.666666666666,12500.0,2.1429446471898226,2.0,0.46218097447795825,1.0158656089594027,1.0158013544018059,regime_tighten,1
5,2200,1462,868,4530,240,52,101,101,16,68,6,6.602941801737081e-05,0.05360912561900062,151,696,1.003697910396393,5833.095136821211,9166.666666666666,12500.0,2.1429446471898226,2.0,0.5023041474654378,1.0242085661080074,1.0218813444619896,regime_tighten,1
6,2176,1450,860,4486,294,30,60,60,17,99,2,8.425359275164914e-05,0.06115095487005977,150,693,1.0034866609027193,5829.979927634057,9166.666666666666,12500.0,2.144089714743288,2.0,0.4943521594684386,1.024,1.0234998859228839,regime_tighten,1
7,2189,1466,866,4521,272,41,96,96,14,60,0,0.00010264094182417965,0.06658085191090368,149,701,1.003277422076245,5826.899024240642,9166.666666666666,12500.0,2.1452233766190916,2.0,0.5005773672055427,1.0423809523809524,1.0429065743944637,regime_tighten,1
8,2196,1463,867,4526,278,32,69,69,14,61,0,0.00012030918349776156,0.0697345532343179,150,702,1.003050692868908,5823.129952009349,9166.666666666666,12500.0,2.1466118913741066,2.0,0.4936562860438293,1.0472103004291846,1.0440599769319492,regime_tighten,1
9,2166,1452,853,4471,343,33,69,69,14,121,1,0.00014501545271416687,0.07509265285754038,150,687,1.0025092195907048,5814.364155729906,9166.666666666666,12500.0,2.14984814593726,2.0,0.4980070339976553,1.0353728489483747,1.0328020328020329,regime_tighten,1
10,2129,1427,849,4405,419,24,53,53,12,118,1,0.0001787051787975101,0.08265610972507227,149,678,1.00159158238076,5800.048216172649,9166.666666666666,12500.0,2.1551544977066643,2.0,0.4857051076132348,1.0099620493358634,1.0093950504124656,regime_tighten,1
11,2134,1428,845,4407,423,38,69,69,10,64,1,0.0002149084680272515,0.08877173566023847,150,673,1.000713721196006,5785.43228374852,9166.666666666666,12500.0,2.1605991370969693,2.0,0.49230769230769234,1.0113744075829383,1.008466819221968,regime_tighten,1
12,2150,1433,851,4434,402,48,91,91,10,63,3,0.00026351975331648713,0.09719749674968077,149,683,0.9998750033212225,5772.018355828541,9166.666666666666,12500.0,2.165620278628808,2.0,0.5123384253819037,1.0151085930122756,1.0120976945902762,regime_tighten,1
13,2153,1430,855,4438,407,33,70,70,10,66,1,0.0003155319593118989,0.10390890614565393,149,685,0.9989905063268362,5758.067364094008,9166.666666666666,12500.0,2.1708672736180796,2.0,0.5064327485380117,1.0141309467734339,1.012779552715655,regime_tighten,1
14,2152,1436,857,4445,408,32,75,75,10,67,1,0.00037714858787615076,0.11087828401848412,149,685,0.998043455265256,5743.122868159929,9166.666666666666,12500.0,2.176516206766258,2.0,0.5075845974329055,1.0,1.0006753714543,regime_tighten,1
15,2132,1423,843,4398,454,26,50,50,10,92,6,0.0004477965281875135,0.1175188770498125,149,671,0.9969465962698058,5725.502606375941,9166.666666666666,12500.0,2.1832144458514358,2.0,0.5136417556346382,1.0018796992481203,1.0018223234624146,regime_tighten,1
16,2116,1404,845,4365,487,29,62,62,9,94,8,0.0005362086257603408,0.12561288623734682,148,663,0.9956859360430372,5705.993486383844,9166.666666666666,12500.0,2.19067898164073,2.0,0.49467455621301776,0.989247311827957,0.9888989578613503,regime_tighten,1
17,2104,1398,834,4336,517,40,81,81,9,104,2,0.00063196852440091,0.1321488391374877,149,664,0.9943320657448895,5684.493504503796,9166.666666666666,12500.0,2.1989646025800385,2.0,0.486810551558753,0.9882573978393612,0.9874743794124345,regime_tighten,1
18,2084,1385,825,4294,558,36,80,80,8,118,5,0.0007617267719701012,0.142181582373234,148,654,0.9927276070526523,5660.506491816788,9165.113611294948,12500.0,2.2082829545502416,2.0,0.4993939393939394,0.9825553983969826,0.9792474344355758,regime_tighten,1
19,2106,1405,836,4347,506,48,95,95,8,39,4,0.0008994045155966681,0.14986499536740994,150,664,0.9913176410797818,5638.734615766598,9165.113611294948,12500.0,2.2168094176747486,2.0,0.5011961722488039,0.9887323943661972,0.9904306220095693,regime_tighten,1
20,2091,1397,839,4327,526,34,75,75,8,93,6,0.0010469694969651654,0.15574803662680362,147,659,0.9897923178212519,5615.164705072693,9165.113611294948,12500.0,2.2261145766049575,2.0,0.5017878426698451,1.0028776978417266,1.0048769159312587,regime_tighten,1
21,2095,1395,833,4323,522,35,73,73,8,73,12,0.0012609433627760068,0.1674901119325408,146,657,0.9882394533607497,5592.519573693982,9165.113611294948,12500.0,2.2351285203895093,2.0,0.5078031212484994,1.0096385542168675,1.0109915809167447,regime_tighten,1
22,2090,1398,834,4322,520,38,80,80,8,79,9,0.001474429879891594,0.1749062770528642,148,656,0.9867017200860626,5569.499463063988,9165.113611294948,12500.0,2.2443668561058248,2.0,0.5239808153477218,1.0082006753497348,1.0081642174014462,regime_tighten,1
23,2068,1379,819,4266,572,36,63,63,8,117,10,0.0017578864805170404,0.1862796118292664,147,645,0.9847919691198241,5544.303789199393,9161.741140634538,12500.0,2.2545662134081983,2.0,0.5311355311355311,1.0092728160078086,1.0087491132655475,regime_tighten,1
24,2042,1366,814,4222,616,30,64,64,8,108,8,0.002095293063918907,0.1984005974763109,147,637,0.9825797902995593,5516.582270253396,9154.428725137777,12500.0,2.2658956918675357,2.0,0.5122850122850123,0.9980449657869013,0.9988171279867518,regime_tighten,1
25,2041,1362,806,4209,623,33,67,67,8,76,10,0.002534677700829255,0.2145369914952365,146,630,0.9801818832247353,5488.999358902129,9146.183676749573,12500.0,2.277282102379433,2.0,0.5173697270471465,0.9931873479318735,0.9912859161563825,regime_tighten,1
26,2069,1382,822,4273,553,44,102,102,8,35,11,0.002923180245414525,0.2212601021924811,146,637,0.9783248068162628,5464.552369789589,9144.280494725384,12500.0,2.2874700714930305,2.0,0.5218978102189781,0.9980704293294742,0.9983644859813084,regime_tighten,1
27,2068,1377,822,4267,557,36,72,72,8,78,10,0.0033306997310414903,0.22556384184097913,144,630,0.976361072259587,5440.286945922452,9140.862751717415,12500.0,2.29767292134634,2.0,0.5340632603406326,0.9918465227817745,0.9923255813953489,regime_tighten,1
28,2071,1386,824,4281,532,31,71,72,8,55,17,0.00395942594100555,0.24005184311848884,144,630,0.974451185932305,5417.1876630431925,9140.729308465567,12500.0,2.3074703660862146,2.0,0.5351941747572816,0.9852521408182683,0.9857241538107299,regime_tighten,1
29,2075,1382,817,4274,527,41,74,74,8,80,19,0.004664721844469885,0.2533529475657623,143,625,0.9724075615340066,5395.448758605015,9139.939743807692,12500.0,2.3167674384941903,2.0,0.5410036719706243,0.9857482185273159,0.9827546562428144,regime_tighten,1
30,2073,1383,824,4280,516,34,73,75,8,66,12,0.00544926333494131,0.2653337241400059,143,627,0.9704716322678004,5373.945697318188,9139.939743807692,12500.0,2.32603764608898,2.0,0.5339805825242718,0.9913916786226685,0.9891379708805177,regime_tighten,1
31,2096,1398,830,4324,464,40,82,92,8,34,12,0.006305949065249331,0.27550357017232396,144,625,0.9685627783442299,5355.31136613398,9139.939743807692,12500.0,2.334131322232305,2.0,0.5204819277108433,0.9872821479039096,0.98992673992674,regime_tighten,1
32,2082,1392,821,4295,481,29,62,62,9,87,17,0.007354640643236585,0.28858285304962045,144,618,0.9664378822442717,5335.6803060874845,9139.939743807692,12500.0,2.342719069157636,2.0,0.5200974421437271,1.004341534008683,1.0025676937441643,regime_tighten,1
33,2094,1397,829,4320,448,34,75,79,8,49,15,0.008567069334206616,0.30222327976419505,144,614,0.9642877283773553,5318.071690656465,9139.939743807692,12500.0,2.350476023473274,2.0,0.5138721351025332,1.0038350910834133,1.004417577307603,regime_tighten,1
34,2100,1394,828,4322,440,34,70,73,9,65,12,0.009891830653743921,0.31409311283391134,145,616,0.962018186005909,5301.4508165362995,9139.939743807692,12500.0,2.3578451319419895,2.0,0.5096618357487923,1.0009532888465205,0.9986136783733827,regime_tighten,1
35,2116,1414,835,4365,392,41,99,110,9,53,11,0.011649641075827754,0.333369479245311,144,615,0.9596075744027295,5286.800873576995,9139.939743807692,12500.0,2.3643788179112235,2.0,0.511377245508982,1.0105062082139447,1.009481961147086,regime_tighten,1
36,2124,1417,834,4375,380,41,79,83,10,65,8,0.01365733476371046,0.35269728919932125,143,608,0.9568935206864281,5272.868242773375,9139.939743807692,12500.0,2.370626274823314,2.0,0.5251798561151079,1.0143266475644699,1.0122628412771866,regime_tighten,1
37,2134,1420,843,4397,352,37,74,89,10,48,12,0.0156787109506177,0.3659365700894638,144,612,0.9543031723930364,5260.236631151332,9139.939743807692,12500.0,2.376318952264333,2.0,0.5243179122182681,1.009460737937559,1.0073310423825887,regime_tighten,1
38,2149,1430,851,4430,323,36,78,85,11,44,6,0.018044457694555746,0.38122241698280374,144,612,0.9514684632207248,5248.776523450023,9139.939743807692,12500.0,2.3815073749384448,2.0,0.5099882491186839,1.0302013422818792,1.0271272895896129,regime_tighten,1
39,2166,1442,855,4463,292,35,77,85,11,41,6,0.02051646005964156,0.3930038516342154,145,617,0.948580200879696,5238.689131205932,9139.939743807692,12500.0,2.386093102096809,2.0,0.5064327485380117,1.029957203994294,1.0273941068139962,regime_tighten,1
40,2168,1443,855,4466,287,33,66,74,11,61,11,0.023543891988785325,0.4096285586969806,145,614,0.945230482201933,5229.305639091635,9139.939743807692,12500.0,2.3903747194572724,2.0,0.5087719298245614,1.024090694378838,1.0215004574565416,regime_tighten,1
41,2152,1435,847,4434,314,31,69,69,11,96,11,0.026208113259337702,0.4149116770487346,147,603,0.9421265271759892,5218.232818994505,9139.939743807692,12500.0,2.395446970955315,2.0,0.5017709563164109,1.0218423551756886,1.0176727105806749,regime_tighten,1
42,2169,1446,860,4475,276,57,100,128,10,55,3,0.030199073872263473,0.43585168857677753,146,610,0.9379971206893157,5209.653147856526,9139.939743807692,12500.0,2.3993919835417516,2.0,0.5209302325581395,1.05908203125,1.0556735079028072,regime_tighten,1
43,2177,1456,859,4492,258,55,82,110,11,60,7,0.03417874170415631,0.45057201903515237,147,602,0.9339530928157803,5203.371549616518,9139.939743807692,12500.0,2.4022885701716294,2.0,0.5389988358556461,1.0516908212560387,1.0473303800419678,regime_tighten,1
44,2192,1469,870,4531,223,62,92,126,13,50,6,0.03852121356768213,0.4647533945492533,146,598,0.9298146378749563,5200.16118787369,9139.939743807692,12500.0,2.403771642530789,2.0,0.5701149425287356,1.05283381364073,1.05152007426317,regime_tighten,1
45,2207,1478,878,4563,201,58,90,120,14,56,2,0.04366836631277355,0.4831275479338833,146,591,0.9250042758102114,5199.258502086094,9139.939743807692,12500.0,2.4041889809834682,2.0,0.592255125284738,1.0646406174626146,1.0673684210526315,regime_tighten,1
46,2207,1480,878,4565,208,38,68,79,16,64,5,0.04891838764225373,0.4972746167950253,147,588,0.9200733100835127,5197.960843040383,9139.939743807692,12500.0,2.4047891812683453,2.0,0.5968109339407744,1.0625902744342801,1.0621219171707772,regime_tighten,1
47,2243,1502,888,4633,152,87,113,163,16,41,0,0.054902425921497654,0.5138008439691247,148,588,0.9144637319759555,5197.960843040383,9139.939743807692,12500.0,2.4047891812683453,2.0,0.6418918918918919,1.0778471888515138,1.0797017012351433,regime_tighten,1
48,2251,1504,898,4653,153,48,78,103,22,58,1,0.06183964357152847,0.5338098242729885,147,581,0.9080504540056429,5197.960843040383,9139.939743807692,12500.0,2.4047891812683453,2.0,0.6425389755011136,1.0811719500480308,1.0813386009760633,regime_tighten,1
49,2267,1514,910,4691,135,59,86,119,21,47,0,0.0693945943363073,0.5535823933991549,147,577,0.901063925637966,5197.960843040383,9139.939743807692,12500.0,2.4047891812683453,2.0,0.6582417582417582,1.0883341334613539,1.0899163568773234,regime_tighten,1
50,2285,1539,907,4731,115,68,96,123,23,53,0,0.07737720901004988,0.5714908107318721,147,576,0.8936377087884754,5197.960843040383,9139.939743807692,12500.0,2.4047891812683453,2.0,0.6957001102535832,1.1006743737957612,1.1015133876600698,regime_tighten,1
51,2301,1556,923,4780,90,80,103,157,28,52,2,0.08535793782955681,0.5847423894808731,148,576,0.8863103359491384,5197.960843040383,9139.939743807692,12500.0,2.4047891812683453,2.0,0.7323943661971831,1.1110574601641718,1.1142191142191142,regime_tighten,1
52,2313,1569,928,4810,93,71,107,135,36,75,1,0.09427827312506823,0.600104945955004,147,569,0.8780162008198203,5197.960843040383,9139.939743807692,12500.0,2.4047891812683453,2.0,0.7693965517241379,1.1184719535783365,1.1238317757009346,regime_tighten,1
53,2336,1594,943,4873,63,91,114,179,36,48,0,0.10334300098271916,0.6122844296003014,148,568,0.8696776705712917,5197.960843040383,9139.939743807692,12501.511134676563,2.405079898094076,2.0,0.8207847295864263,1.1295938104448742,1.1396164639850328,regime_tighten,1
54,2353,1605,962,4920,51,78,104,161,36,56,0,0.11221196795646701,0.6199098551502847,150,571,0.8617509532073889,5197.960843040383,9139.939743807692,12515.494113866698,2.4077699874603433,2.0,0.8264033264033264,1.1328839672604718,1.146318732525629,regime_tighten,1
55,2291,1573,937,4801,202,44,100,100,36,215,0,0.12322670913872338,0.6358879004943576,149,552,0.8515033881744598,5197.960843040383,9139.939743807692,12515.494113866698,2.4077699874603433,2.0,0.8367129135538954,1.1040963855421686,1.1198973641240961,regime_tighten,1
56,2316,1602,962,4880,144,49,119,132,22,39,0,0.13468601673191824,0.6503879215223969,150,551,0.8409407299925669,5197.960843040383,9139.939743807692,12515.494113866698,2.4077699874603433,2.0,0.8014553014553014,1.102332222751071,1.1244239631336406,regime_tighten,1
57,2320,1621,968,4909,135,65,94,132,23,62,0,0.14701242134893375,0.6655719946252041,151,548,0.829501032502337,5197.960843040383,9139.939743807692,12515.494113866698,2.4077699874603433,2.0,0.8037190082644629,1.105815061963775,1.134242144177449,regime_tighten,1
58,2338,1654,984,4976,90,105,134,209,25,64,0,0.15949969524517238,0.6783386786651894,151,549,0.8180727843565947,5197.960843040383,9143.763708924205,12515.494113866698,2.4077699874603433,2.0,0.858739837398374,1.117056856187291,1.1497227356746764,regime_tighten,1
59,2350,1672,996,5018,75,78,109,173,34,60,0,0.1740826908934827,0.6969270479462377,151,549,0.805317112105202,5197.960843040383,9169.226247099296,12515.594639923838,2.407789326978315,2.0,0.8393574297188755,1.134717527764365,1.1743505733676574,regime_tighten,1
60,2375,1707,1025,5107,17,118,125,243,35,32,0,0.18824993683874403,0.7109830481048559,152,552,0.7938068468297379,5197.960843040383,9204.603238349087,12539.404795580278,2.4123699993564687,2.0,0.8839024390243903,1.1423761423761423,1.1890570430733411,regime_tighten,1
61,2323,1698,1020,5041,117,25,63,63,36,127,0,0.20320721167507386,0.7256922007752206,151,541,0.7799385963581953,5197.960843040383,9204.603238349087,12539.404795580278,2.4123699993564687,2.0,0.8549019607843137,1.1088305489260144,1.167709057215659,regime_tighten,1
62,2277,1693,1012,4982,205,14,57,57,33,112,0,0.21932673155495644,0.742395165472741,151,533,0.7649239416923235,5197.960843040383,9204.603238349087,12539.404795580278,2.4123699993564687,2.0,0.808300395256917,1.088432122370937,1.1556483414520993,regime_tighten,1
63,2247,1697,1012,4956,246,11,52,52,18,75,0,0.23513598554956378,0.7562618097193577,150,524,0.7500262637420463,5194.620046245018,9204.603238349087,12539.404795580278,2.4139214579600505,2.0,0.7401185770750988,1.1009309162175405,1.1763588891526229,regime_tighten,1
64,2178,1673,995,4846,367,15,48,48,15,154,0,0.2511074686486076,0.7693596696769612,148,515,0.7346285987305151,5182.671586331263,9204.603238349087,12539.404795580278,2.41948666565167,2.0,0.6964824120603015,1.0814299900695135,1.1663056558363418,regime_tighten,1
65,2129,1659,987,4775,442,13,50,50,11,114,0,0.2675578244071738,0.7829376090979407,148,510,0.7185265865165444,5164.682353114305,9204.603238349087,12539.404795580278,2.427914039673517,2.0,0.6231003039513677,1.0420949583945178,1.1323215556082522,regime_tighten,1
66,2066,1641,977,4684,539,5,22,22,9,110,0,0.28167258552324903,0.7892585359376764,149,500,0.7044409321219236,5139.492190618144,9204.603238349087,12539.404795580278,2.4398139603111493,2.0,0.5547594677584442,1.017232890201871,1.1187007403869118,regime_tighten,1
67,1981,1597,955,4533,695,11,35,35,8,184,1,0.29944071407700334,0.805499688267516,148,482,0.6868997044882669,5113.794729665054,9204.603238349087,12539.404795580278,2.452074331971004,2.0,0.5329842931937173,0.9802078179119248,1.0852286329901843,regime_tighten,1
68,1902,1564,935,4401,834,6,29,29,9,159,0,0.3120739122246467,0.8079472265352982,147,464,0.6742130972809827,5088.225756016728,9202.620045145508,12539.404795580278,2.464396313538698,2.0,0.4983957219251337,0.951,1.0669090909090908,regime_tighten,1
69,1823,1521,905,4249,994,10,30,30,9,181,0,0.32726090087760673,0.8174241067289735,145,452,0.6585886141367999,5062.784627236644,9189.05318491502,12531.137332298222,2.4751472272558304,2.0,0.45414364640883975,0.9128693039559339,1.0283155856727977,regime_tighten,1
70,1742,1470,873,4085,1165,12,25,25,10,186,0,0.3405861352529236,0.8226622861250004,145,435,0.6440362058320924,5037.470704100461,9161.787305792566,12504.43782361031,2.4822849715893724,2.0,0.3642611683848797,0.8692614770459082,0.9862385321100917,regime_tighten,1
71,1684,1443,855,3982,1275,9,34,34,10,136,2,0.347716184709526,0.8140002113296985,149,426,0.6350171944320424,5012.283350579959,9127.360870822675,12467.025149478099,2.4872945676615767,2.0,0.2912280701754386,0.8369781312127237,0.9576719576719577,regime_tighten,1
72,1599,1387,825,3811,1444,11,35,35,11,206,13,0.3603551093713426,0.8193037201630271,150,411,0.6203096603367195,4987.221933827059,9081.724066468561,12410.910994026624,2.4885419495464136,2.0,0.17212121212121212,0.7908011869436202,0.9117224880382775,regime_tighten,1
73,1575,1409,832,3816,1432,16,68,68,11,62,17,0.37627436386955015,0.8325053859050948,151,414,0.6030313331973597,4962.285824157923,9038.55929130955,12359.942519672504,2.4907760168712025,2.0,0.15985576923076922,0.7766272189349113,0.9098712446351931,regime_tighten,1
74,1574,1421,838,3833,1397,26,76,76,11,54,24,0.3952906712517597,0.8526374876544301,151,411,0.5829248090013649,4937.474395037134,8998.774813117474,12315.55681515854,2.494302922874381,2.0,0.1730310262529833,0.7765170202269364,0.9150155168297923,regime_tighten,1
75,1558,1428,846,3832,1378,18,70,70,12,66,27,0.41102094649161874,0.865803822272179,152,409,0.566278428606383,4912.787023061948,8961.67136036896,12278.998529515982,2.499395652991886,2.0,0.17966903073286053,0.7667322834645669,0.9115128449096099,regime_tighten,1
76,1528,1438,849,3815,1379,13,67,67,13,81,26,0.426323542606598,0.8783996594647308,152,410,0.5503664567647008,4888.223087946639,8927.792769518664,12246.045706931669,2.505214161998441,2.0,0.17667844522968199,0.7508599508599508,0.9068219633943427,regime_tighten,1
77,1521,1454,862,3837,1322,14,62,62,13,35,43,0.44144496610004336,0.8909775886912025,153,407,0.5348946309963973,4863.781972506906,8898.684281159023,12224.621413415642,2.513398314833341,2.0,0.1751740139211137,0.7423133235724744,0.9034612667765481,regime_tighten,1
78,1426,1381,820,3627,1501,19,69,69,15,276,43,0.4538707667860556,0.8985739320679492,153,390,0.5211892627987645,4839.463062644371,8854.190859753227,12178.999630408875,2.51660142308309,2.0,0.20121951219512196,0.693579766536965,0.851008916001877,regime_tighten,1
79,1418,1393,826,3637,1459,21,72,72,15,60,45,0.46542991295838515,0.9050215419186145,154,389,0.5085418808846796,4815.265747331149,8813.541595889366,12139.4620084203,2.5210367704313246,2.0,0.211864406779661,0.6900243309002433,0.8577830188679245,regime_tighten,1
80,1401,1401,828,3630,1437,14,59,59,15,63,41,0.47297454792062893,0.9043535782602362,155,384,0.49978408142484115,4791.189418594494,8777.37023079906,12102.930169479072,2.5260805015364,2.0,0.2210144927536232,0.679108095007271,0.8519126965501056,regime_tighten,1
81,1381,1402,826,3609,1409,21,66,66,14,82,58,0.48070700602004085,0.9048035948945488,156,379,0.49097426558143054,4767.233471501521,8742.492287220082,12071.24896991779,2.5321287581318614,2.0,0.23486682808716708,0.671692607003891,0.8515809344030203,regime_tighten,1
82,1325,1343,800,3468,1497,25,79,79,15,215,63,0.4852354290965013,0.9000054160249525,157,367,0.48459953905185726,4743.397304144014,8698.779825783982,12026.923854652588,2.5355084306653812,2.0,0.25875,0.6450827653359299,0.8181174805378627,regime_tighten,1
83,1315,1358,815,3488,1419,21,72,72,16,50,72,0.4968783624659862,0.9090287705897085,157,365,0.4723771851330149,4719.680317623294,8657.69197213879,11996.734607154038,2.5418532188203957,2.0,0.2687116564417178,0.6377303588748787,0.8216725559481743,regime_tighten,1
84,1315,1370,815,3500,1343,23,70,70,16,53,75,0.5049338035060457,0.9119824865573869,158,366,0.46339104133719566,4696.0819160351775,8621.939302845532,11970.5481864524,2.5490501231628713,2.0,0.28343558282208586,0.6392805055906661,0.8243052284503062,regime_tighten,1
85,1295,1358,817,3470,1341,15,65,65,16,95,48,0.5194125161052705,0.9269457173812222,157,359,0.4488578564627489,4672.601506455002,8585.372947721042,11946.83927743656,2.5567853926624187,2.0,0.28151774785801714,0.6445993031358885,0.8341346153846154,regime_tighten,1
86,1288,1369,817,3474,1298,18,53,53,16,49,55,0.5297154970316853,0.9347975010336088,158,358,0.4381879615797188,4649.238498922727,8553.42836054558,11924.313163636987,2.5647884414619653,2.0,0.2717258261933905,0.6488664987405541,0.8454611827695303,regime_tighten,1
87,1294,1391,828,3513,1214,24,76,76,15,33,56,0.5423046052226536,0.9470520787039028,158,362,0.42584375145104597,4625.992306428113,8528.552404706423,11912.38885047335,2.575099148764325,2.0,0.2753623188405797,0.6605410923940787,0.8678359683794467,regime_tighten,1
88,1298,1400,838,3536,1144,24,70,70,14,47,61,0.5532695202976021,0.9568126702509795,158,365,0.4151336786526116,4602.8623448959725,8507.506822653017,11908.725498613117,2.5872434598915346,2.0,0.2852028639618138,0.6582150101419878,0.8687960687960687,regime_tighten,1
89,1296,1409,839,3544,1092,21,64,64,13,55,56,0.5586365816340281,0.9573385906084939,159,363,0.40949551850875604,4579.848033171493,8490.523692231282,11907.500750038862,2.5999772620824393,2.0,0.2932061978545888,0.652896725440806,0.8660801564027371,regime_tighten,1
90,1303,1429,844,3576,1024,26,83,83,12,46,43,0.56005191408506,0.951657365880438,161,370,0.4074797285701611,4556.948793005635,8479.351671062768,11907.500750038862,2.613042474454713,2.0,0.29976303317535546,0.6551030668677728,0.8698613476039893,regime_tighten,1
91,1310,1439,858,3607,953,21,69,69,10,36,48,0.557782221166805,0.9403465604070155,164,373,0.40883437821731916,4534.164049040606,8472.042618869518,11907.500750038862,2.626173341160516,2.0,0.2948717948717949,0.6504468718967229,0.8666506487265737,regime_tighten,1
92,1298,1434,855,3587,930,24,75,75,10,92,50,0.5600708724620871,0.9372977799192109,164,367,0.4061727396202866,4511.493228795403,8464.850985714458,11907.500750038862,2.6393701921211212,2.0,0.30760233918128654,0.6477045908183633,0.8678925719816114,regime_tighten,1
93,1303,1447,865,3615,869,21,72,72,9,42,40,0.5664957575089213,0.9416061769046264,165,371,0.399982518170744,4488.935762651427,8461.616622727483,11907.500750038862,2.6526333589156996,2.0,0.3040462427745665,0.6567540322580645,0.8802045288531775,regime_tighten,1
94,1266,1412,840,3518,932,21,51,51,8,147,41,0.5686926558528814,0.9392949362645523,165,368,0.397292520253948,4466.491083838169,8449.999283091222,11907.500750038862,2.665963174789648,2.0,0.30833333333333335,0.6349047141424273,0.8540907987375577,regime_tighten,1
95,1266,1420,843,3529,875,22,67,67,6,55,51,0.5759291199929607,0.9456847258051274,166,367,0.3902998036847658,4444.158628418978,8441.736823424431,11907.500750038862,2.679359974662963,2.0,0.3084223013048636,0.6289120715350224,0.8485212791536427,regime_tighten,1
96,1269,1421,846,3536,831,24,67,67,5,58,40,0.5827529037055151,0.9517088221906698,166,365,0.3836485525513892,4421.937835276883,8433.9914227603,11907.500750038862,2.692824095138657,2.0,0.30851063829787234,0.6291522062469014,0.8469461077844311,regime_tighten,1
97,1272,1435,857,3564,771,23,70,70,3,41,34,0.5925813015292296,0.9629146780720219,166,370,0.37458907961924176,4399.828146100498,8430.97621717532,11907.500750038862,2.706355874511213,2.0,0.31388564760793464,0.6300148588410104,0.853448275862069,regime_tighten,1
98,1252,1422,842,3516,783,36,99,99,2,142,33,0.5829624308020006,0.9429041859098661,170,365,0.38238882448286976,4377.829005369996,8424.475998870474,11907.500750038862,2.7199556527750883,2.0,0.34085510688836107,0.6198019801980198,0.8423574508864399,regime_tighten,1
99,1263,1423,845,3531,729,28,73,73,3,55,39,0.5927646200241486,0.9546688917922193,170,365,0.37314534862969584,4355.9398603431455,8418.977806759038,11907.500750038862,2.7336237716332548,2.0,0.34437869822485206,0.6258671952428146,0.8463566634707574,regime_tighten,1
100,1264,1430,855,3549,682,22,65,65,3,47,32,0.5913897736722922,0.9487112424162459,173,366,0.37388967517090693,4334.16016104143,8415.36124140419,11907.500750038862,2.7473605745057834,2.0,0.33801169590643276,0.6241975308641975,0.8474212034383954,regime_tighten,1
101,1269,1442,852,3563,633,24,66,66,3,50,36,0.5937293061056241,0.9490191849392643,175,368,0.3713285265198938,4312.489360236223,8415.36124140419,11907.500750038862,2.761166406538476,2.0,0.3427230046948357,0.6193265007320644,0.8435132575757576,regime_tighten,1
102,1273,1445,863,3581,592,25,62,62,3,44,26,0.6031828738627014,0.960923946844026,175,370,0.36268727918285476,4290.926913435042,8415.36124140419,11907.500750038862,2.7750416146115335,2.0,0.33719582850521435,0.6179611650485437,0.8414003759398496,regime_tighten,1
103,1280,1459,863,3602,550,27,73,73,3,50,22,0.6084494368529091,0.9663543032066546,176,376,0.35761593759398175,4269.472278867866,8415.36124140419,11907.500750038862,2.788986547348275,2.0,0.34414831981460026,0.6222654350996597,0.8437573202155071,regime_tighten,1
104,1283,1467,862,3612,513,27,80,80,3,64,24,0.6071456310544364,0.961582532009576,178,376,0.3582808801415151,4248.124917473527,8415.36124140419,11907.500750038862,2.8030015551238945,2.0,0.3480278422273782,0.6255485129205266,0.8512844685364129,regime_tighten,1
105,1280,1467,868,3615,478,30,91,91,3,86,33,0.6079599743966642,0.9604005066910869,179,376,0.3572066682676741,4226.884292886159,8415.36124140419,11907.500750038862,2.8170869900742663,2.0,0.35599078341013823,0.622568093385214,0.8483923961511383,regime_tighten,1
106,1245,1421,849,3515,566,27,73,73,4,172,15,0.6131676174477714,0.9663503563558256,179,364,0.35221810135842263,4205.749871421728,8413.011005381817,11907.500750038862,2.83124320610479,2.0,0.3710247349823322,0.6052503646086533,0.8262811471556183,regime_tighten,1
107,1217,1398,831,3446,614,25,76,76,4,143,23,0.6133047899769957,0.9644881589629019,179,356,0.3515628078331355,4184.7211220646195,8404.923239647262,11907.500750038862,2.8454705588992866,2.0,0.38267148014440433,0.5879227053140097,0.8066479400749064,regime_tighten,1
108,1223,1404,832,3459,591,27,70,70,4,54,11,0.6133261738659574,0.9626259615699782,179,359,0.3509622144925678,4163.797516454297,8398.46791200444,11907.500750038862,2.859769405928931,2.0,0.3858173076923077,0.5934012615235322,0.8095015211794991,regime_tighten,1
109,1214,1399,834,3447,588,19,62,62,4,70,15,0.6110718235784766,0.9573657921439501,181,358,0.3524593045011949,4142.978528872025,8391.153117371405,11907.500750038862,2.8741401064612373,2.0,0.3800959232613909,0.5933528836754643,0.8135473212178428,regime_tighten,1
110,1198,1382,827,3407,612,23,67,67,4,106,19,0.6161163477795863,0.9636871508379888,179,354,0.34751296410423127,4122.263636227664,8379.484593281788,11907.500750038862,2.888583021569083,2.0,0.3675937122128174,0.591604938271605,0.8125447173861198,regime_tighten,1
111,1196,1381,826,3403,599,21,64,64,4,67,20,0.6200196555108634,0.968342644320298,179,356,0.34352611063179217,4101.6523180465265,8367.561814686827,11907.500750038862,2.903098514139782,2.0,0.3595641646489104,0.588293162813576,0.8065892391561982,regime_tighten,1
112,1198,1376,815,3389,592,27,66,66,4,72,17,0.6196718839970651,0.9664804469273743,179,355,0.34303499147788846,4081.144056456294,8355.026709148138,11907.500750038862,2.9176869488842025,2.0,0.37055214723926383,0.5824015556635878,0.7970366886171214,regime_tighten,1
113,1204,1391,833,3428,545,24,83,83,4,42,10,0.6235340149311521,0.9712962962962963,180,359,0.33934361985907957,4060.7383361740126,8346.806877045934,11907.500750038862,2.9323486923459323,2.0,0.3625450180072029,0.5833333333333334,0.8058298072402444,regime_tighten,1
114,1193,1378,823,3394,572,20,61,61,5,94,11,0.616347967623873,0.9590163934426229,183,357,0.3448948266034463,4040.4346444931425,8335.083530170083,11907.500750038862,2.9470841129104848,2.0,0.36087484811664644,0.5788452207666182,0.7967136150234742,regime_tighten,1
115,1189,1375,822,3386,568,26,82,82,5,88,15,0.6169833177883187,0.9590163934426229,183,356,0.34375683482619673,4020.232471270677,8322.56741768465,11907.500750038862,2.9618935808145572,2.0,0.36009732360097324,0.57081132981277,0.7874418604651163,regime_tighten,1
116,1201,1384,824,3409,537,26,68,68,5,42,10,0.6206219453242531,0.963768115942029,184,360,0.3399773754562261,4000.131308914323,8312.73557638293,11907.500750038862,2.9767774681553343,2.0,0.3580097087378641,0.5810353168843735,0.7991092358180966,regime_tighten,1
117,1205,1396,837,3438,493,26,79,79,5,47,17,0.6239587945376424,0.9681238615664844,183,355,0.33676905987589073,3980.1306523697517,8306.389236454881,11907.500750038862,2.9917361488998333,2.0,0.34767025089605735,0.6230610134436402,0.8620862587763289,regime_tighten,1
118,1218,1404,845,3467,451,27,67,72,5,36,16,0.6309047374272794,0.9781420765027322,183,355,0.33036995639473793,3960.229999107903,8304.418228839451,11907.500750038862,3.006769998894305,2.0,0.34437869822485206,0.6347055758207399,0.873519778281683,regime_tighten,1
119,1223,1407,847,3477,431,26,65,70,5,53,13,0.6230224780770289,0.9652406417112299,187,360,0.3367108946084358,3940.4288491123634,8304.418228839451,11907.500750038862,3.021879395873673,2.0,0.3447461629279811,0.6363163371488033,0.8762600806451613,regime_tighten,1
120,1223,1414,844,3481,409,25,72,73,5,66,21,0.6269768806816413,0.9707446808510638,188,358,0.3329520813751826,3920.726704866802,8304.418228839451,11907.500750038862,3.037064719471028,2.0,0.34360189573459715,0.6409853249475891,0.8828303322343394,regime_tighten,1
121,1233,1422,849,3504,379,28,73,79,5,50,12,0.6258405951926266,0.968421052631579,190,365,0.3335175801169523,3901.123071342468,8304.418228839451,11907.500750038862,3.0523263512271637,2.0,0.35217903415783275,0.6401869158878505,0.8797388902837058,regime_tighten,1
122,1240,1423,849,3512,360,25,65,66,5,56,15,0.6311955990748478,0.9761904761904762,189,365,0.3285091834914511,3882.3821279499057,8304.418228839451,11907.500750038862,3.0670604689617775,2.0,0.3545347467608952,0.6385169927909372,0.874719800747198,regime_tighten,1
123,1251,1437,861,3549,317,27,76,88,5,39,11,0.6293104549962372,0.9728070175438596,190,367,0.3298572795350296,3865.795887024361,8304.418228839451,11907.500750038862,3.080219726552734,2.0,0.35656213704994194,0.6435185185185185,0.8806451612903226,regime_tighten,1
124,1263,1448,862,3573,286,25,73,77,5,45,8,0.6280833826754851,0.970486111111111,192,368,0.33051813139679864,3851.1544435110723,8304.418228839451,11907.500750038862,3.0919302055263387,2.0,0.3538283062645012,0.6434029546612328,0.881786771964462,regime_tighten,1
125,1268,1458,872,3598,254,25,82,97,6,54,10,0.624753060276836,0.9649572649572651,195,369,0.3332178922914681,3837.6495909316823,8304.418228839451,11910.99653007557,3.1037217567286772,2.0,0.35091743119266056,0.6417004048582996,0.879921741257031,regime_tighten,1
126,1275,1471,881,3627,222,24,72,82,6,42,8,0.6305139457576092,0.9735042735042737,195,373,0.3281342007644589,3825.3124489581505,8304.418228839451,11910.99653007557,3.1137316726427433,2.0,0.3518728717366629,0.6481952211489578,0.8929098966026587,regime_tighten,1
127,1277,1474,876,3627,220,28,83,83,6,81,6,0.6226727267608979,0.961082910321489,197,377,0.3344927262957632,3813.271700377202,8304.418228839451,11910.99653007557,3.1235635606288836,2.0,0.3561643835616438,0.6498727735368957,0.8951135241855873,regime_tighten,1
128,1291,1478,888,3657,188,43,75,104,6,41,4,0.6163738426634925,0.951077943615257,201,385,0.33962726367560564,3804.2889832682677,8304.418228839451,11910.99653007557,3.1309389435086565,2.0,0.3704954954954955,0.656997455470738,0.9005171140113273,regime_tighten,1
129,1305,1486,889,3680,164,51,96,114,7,71,6,0.6243654270766927,0.9631490787269683,199,383,0.33254256001144494,3798.3855975026786,8304.418228839451,11910.99653007557,3.135804995129163,2.0,0.3982002249718785,0.6685450819672131,0.9124721051326556,regime_tighten,1
130,1309,1503,898,3710,138,56,88,129,9,56,3,0.6252939323898834,0.9643449419568823,201,384,0.3317837489481596,3795.58540452416,8304.418228839451,11910.99653007557,3.1381184351373625,2.0,0.4265033407572383,0.6730077120822622,0.9233449477351916,regime_tighten,1
131,1294,1493,890,3677,176,25,73,74,10,104,3,0.6291975984957285,0.9701492537313433,201,381,0.32838414089158535,3790.0004343969244,8304.418228839451,11910.99653007557,3.142742787566694,2.0,0.42921348314606744,0.6615541922290389,0.9103738549145828,regime_tighten,1
132,1307,1509,897,3713,142,43,80,103,9,40,3,0.6258997780897161,0.9648692810457516,204,384,0.33107692729374516,3787.419449357689,8304.418228839451,11910.99653007557,3.1448844495149766,2.0,0.4459308807134894,0.6664966853646099,0.9136318897637795,regime_tighten,1
133,1302,1497,892,3691,170,23,62,62,11,82,3,0.6271808864311702,0.9666666666666668,205,388,0.32982535448593525,3783.2402278963286,8304.418228839451,11910.99653007557,3.148358500273899,2.0,0.4428251121076233,0.6612493651599797,0.9055446516192346,regime_tighten,1
134,1294,1493,893,3680,186,19,56,56,10,65,3,0.6304509451594877,0.9715447154471546,205,384,0.32700439675765774,3777.210932213985,8304.418228839451,11910.99653007557,3.1533840031258262,2.0,0.43561030235162373,0.6486215538847118,0.8923375363724539,regime_tighten,1
135,1297,1499,894,3690,180,29,74,77,8,62,2,0.6260218901469368,0.9645732689210951,207,386,0.3306243162826855,3770.8906230123034,8304.418228839451,11910.99653007557,3.1586693226760048,2.0,0.4373601789709172,0.6485,0.8908739739256398,regime_tighten,1
136,1311,1527,906,3744,130,61,92,138,8,36,2,0.6233455770805978,0.9603174603174602,210,394,0.3330188978657105,3768.9646164206747,8309.56294373433,11913.468127589538,3.1609392339967277,2.0,0.47130242825607066,0.6551724137931034,0.905441354292624,regime_tighten,1
137,1326,1529,914,3769,111,46,80,108,10,53,2,0.6270300799129055,0.9658730158730159,210,394,0.32976412057335575,3768.9646164206747,8309.56294373433,11915.710049381601,3.161534071576867,2.0,0.49015317286652077,0.663,0.9123698862260954,regime_tighten,1
138,1332,1530,909,3771,117,31,83,84,12,78,1,0.6306195197125884,0.9712918660287081,209,389,0.3265331717911132,3768.9646164206747,8309.56294373433,11915.710049381601,3.161534071576867,2.0,0.5005500550055005,0.6616989567809239,0.9077997111218103,regime_tighten,1
139,1330,1529,911,3770,126,22,60,66,12,57,0,0.6273750356737314,0.966194968553459,212,392,0.3292755324381964,3767.850764334722,8309.56294373433,11915.710049381601,3.1624686843151872,2.0,0.49286498353457736,0.6646676661669165,0.9110681488641856,regime_tighten,1
140,1335,1536,918,3789,114,40,73,104,11,52,2,0.6276390097812141,0.9665109034267914,214,395,0.32905494104922667,3767.850764334722,8309.56294373433,11915.710049381601,3.1624686843151872,2.0,0.485838779956427,0.6688376753507014,0.9185454545454546,regime_tighten,1
141,1345,1538,928,3811,101,42,71,107,12,48,2,0.6283949656810465,0.9675925925925926,216,396,0.32878436698614893,3767.850764334722,8325.360838433602,11930.399243666616,3.166367244848438,2.0,0.4709051724137931,0.6688214818498259,0.9194209891435464,regime_tighten,1
142,1348,1546,930,3824,97,33,65,86,14,47,0,0.6229218330207753,0.9590909090909091,220,403,0.3334438280051907,3767.850764334722,8325.360838433602,11932.195217746308,3.1668439022831465,2.0,0.44516129032258067,0.6699801192842942,0.9179068650984158,regime_tighten,1
143,1356,1558,934,3848,83,51,76,115,14,48,0,0.6265148234926219,0.964555052790347,221,405,0.33062107566719984,3767.850764334722,8340.771840139661,11933.881566535112,3.1672914648046686,2.0,0.47109207708779444,0.6689689195855945,0.919035108669692,regime_tighten,1
144,1359,1554,932,3845,98,31,83,90,16,83,1,0.6270447646846281,0.9653092006033182,221,402,0.33006811592778773,3767.850764334722,8340.771840139661,11935.622991313061,3.167753644675069,2.0,0.4592274678111588,0.6665031878371751,0.9122182680901542,regime_tighten,1
145,1364,1569,942,3875,78,48,88,126,14,54,0,0.6310004711052845,0.9713423831070891,221,405,0.32691769448947583,3767.850764334722,8340.771840139661,11949.76328351933,3.171506524789143,2.0,0.48089171974522293,0.6719211822660098,0.9243797709923665,regime_tighten,1
146,1365,1566,941,3872,94,30,58,79,17,57,0,0.6340440363128604,0.975975975975976,222,405,0.32441403697803944,3767.850764334722,8350.721113318064,11949.76328351933,3.171506524789143,2.0,0.49309245483528164,0.6730769230769231,0.924988055422838,regime_tighten,1
147,1356,1553,937,3846,133,25,75,76,16,98,0,0.6251389283895682,0.9622222222222222,225,406,0.3319943956054289,3767.850764334722,8350.721113318064,11949.76328351933,3.171506524789143,2.0,0.49092849519743864,0.6660117878192534,0.9154963104022852,regime_tighten,1
148,1357,1570,940,3867,123,32,91,93,13,68,0,0.6289239944233599,0.9680059523809524,224,407,0.3288207623795842,3767.4989623012452,8350.721113318064,11949.76328351933,3.171802674159261,2.0,0.45851063829787236,0.6701234567901234,0.9222513713331744,regime_tighten,1
149,1363,1585,946,3894,106,49,93,124,12,64,0,0.6285600880889322,0.9674074074074074,225,412,0.3291547882925937,3767.4989623012452,8350.721113318064,11949.76328351933,3.171802674159261,2.0,0.4587737843551797,0.6869959677419355,0.9469844357976653,regime_tighten,1
150,1365,1570,943,3878,130,24,61,65,13,73,1,0.6287693892687294,0.9676945668135096,227,417,0.3288165253815509,3767.4989623012452,8350.721113318064,11949.76328351933,3.171802674159261,2.0,0.4528101802757158,0.6873111782477341,0.9440116845180136,regime_tighten,1
151,1366,1578,948,3892,127,25,79,84,12,64,0,0.6344474564258037,0.9764011799410031,226,413,0.324001031744211,3766.660618028133,8350.721113318064,11949.76328351933,3.1725086211178475,2.0,0.45358649789029537,0.6892028254288597,0.9490368202877347,regime_tighten,1
152,1377,1582,949,3908,120,33,75,86,12,56,0,0.6368624527163673,0.9800884955752213,226,412,0.3217958361178525,3766.630424355844,8350.721113318064,11949.76328351933,3.172534052252535,2.0,0.4457323498419389,0.6919597989949748,0.9510829885616938,regime_tighten,1
153,1374,1594,949,3917,121,39,72,97,13,60,0,0.6337387124838588,0.9752547307132459,229,415,0.32453748850610586,3766.630424355844,8350.721113318064,11951.047662713134,3.1728750411601534,2.0,0.44257112750263433,0.6873436718359179,0.9477377207839341,regime_tighten,1
154,1376,1584,949,3909,142,29,78,79,14,85,0,0.6324116354850206,0.9731884057971015,230,416,0.3255548645521973,3765.439909029155,8350.721113318064,11951.047662713134,3.1738782058520427,2.0,0.4383561643835616,0.6876561719140429,0.9448875997099347,regime_tighten,1
155,1374,1580,949,3903,159,25,65,66,14,70,2,0.6370234105160373,0.9802631578947368,228,411,0.3215541513852486,3762.6418746303507,8350.721113318064,11951.047662713134,3.176238414634459,2.0,0.410958904109589,0.6856287425149701,0.943437273386512,regime_tighten,1
0,2158,1443,854,4455,269,24,45,45,27,64,0,2.7960043930780468e-05,0.03960832151777864,150,702,1.003736288938464,5833.333333333333,9166.666666666666,12500.0,2.142857142857143,1.0,0.3372365339578454,1.0018570102135562,1.0022497187851518,regime_easing,0
1,2168,1450,864,4482,260,38,92,92,21,62,0,3.409131232401352e-05,0.043229853876958366,149,696,1.0037056262832784,5833.333333333333,9166.666666666666,12500.0,2.142857142857143,1.0,0.4305555555555556,1.0041685965724874,1.0074173971679028,regime_easing,0
2,2155,1428,849,4432,324,33,61,61,19,106,0,4.1052992202114705e-05,0.046585558574944945,149,689,1.0037530031385122,5833.333333333333,9166.666666666666,12500.0,2.142857142857143,1.0,0.44758539458186103,1.018431001890359,1.0153493699885452,regime_easing,0
3,2157,1437,857,4451,320,32,73,73,16,53,0,5.1878097562881656e-05,0.05266673024040091,149,694,1.0036152845087776,5831.804495335029,9166.666666666666,12500.0,2.143418904045735,1.0,0.44457409568261375,1.025190114068441,1.0243958573072498,regime_easing,0
4,2147,1426,849,4422,357,29,57,57,15,84,5,6.435488955288453e-05,0.058433752017830125,150,684,1.003380383451014,5827.69516474127,9166.666666666666,12500.0,2.1449303106359303,1.0,0.4409893992932862,1.018984337921215,1.0179558011049723,regime_easing,0
5,2147,1433,856,4436,352,38,82,82,14,66,3,8.121722686463624e-05,0.06594007107964701,150,684,1.0029956602264436,5822.038584786903,9166.666666666666,12500.0,2.147014283392545,1.0,0.4532710280373832,1.0117813383600378,1.0158003205862147,regime_easing,0
6,2131,1418,847,4396,398,27,51,51,13,87,3,0.00010164764029718022,0.07377549207644052,150,677,1.0024621967712142,5813.13057416427,9166.666666666666,12500.0,2.1503043567530864,1.0,0.4472929667734863,0.99719232569022,0.998863894569416,regime_easing,0
7,2129,1423,844,4396,406,30,70,70,12,66,0,0.00012739966462538442,0.08264127406831022,150,673,1.001824937801943,5802.706530219402,9166.666666666666,12500.0,2.154167186450384,1.0,0.44609004739336494,1.0,1.0018231540565177,regime_easing,0
8,2115,1417,851,4383,428,34,88,88,11,101,2,0.00016027713184646312,0.09290108916081975,149,673,1.0009792305810135,5789.66544545641,9166.666666666666,12500.0,2.159019397193269,1.0,0.44653349001175086,1.0119617224880382,1.0202513966480447,regime_easing,0
9,2105,1412,840,4357,459,29,52,52,10,76,3,0.00019344710648439353,0.10017178267312399,149,663,1.0000824990809705,5774.624252752751,9166.666666666666,12500.0,2.1646430058269637,1.0,0.4485714285714285,1.0028585040495475,1.00437989857077,regime_easing,0
10,2069,1385,826,4280,541,27,57,57,10,132,3,0.00023985118878542847,0.11093783801532237,146,652,0.9987620044350632,5754.626766956418,9164.281153676793,12500.0,2.1721651996226967,1.0,0.45036319612590797,0.9866475917978064,0.9866297833102813,regime_easing,0
11,2082,1395,828,4305,517,32,73,73,9,46,6,0.00028606006014961845,0.11816215654812516,146,658,0.9976157677010816,5735.832099239708,9164.281153676793,12500.0,2.1792827585829944,1.0,0.4504830917874396,1.007256894049347,1.0100891600187705,regime_easing,0
12,2102,1399,834,4335,491,41,81,81,9,51,5,0.00033383524400012213,0.12313289472710146,147,660,0.9965690303350495,5718.946523875048,9164.281153676793,12500.0,2.1857172379241345,1.0,0.4676258992805755,1.011063011063011,1.0060338825713622,regime_easing,0
13,2108,1403,831,4342,484,34,74,74,9,63,5,0.0003972677121015625,0.1308255857868761,146,658,0.9955371276700258,5702.409529223189,9164.281153676793,12500.0,2.1920558206037533,1.0,0.4645006016847172,1.004287756074321,1.00462748727441,regime_easing,0
14,2083,1402,830,4315,515,21,59,59,9,85,4,0.0004686485322503843,0.1377784425929432,145,654,0.994299249886184,5682.509283723246,9164.281153676793,12500.0,2.199732437886992,1.0,0.4506024096385542,0.9783936120244247,0.9797910990009082,regime_easing,0
15,2078,1391,823,4292,535,28,52,52,9,69,6,0.0005436411368136075,0.1426721555323575,146,651,0.9929809300196698,5661.509913096588,9164.281153676793,12500.0,2.207891568128169,1.0,0.44957472660996356,0.9701213818860878,0.9708210812033476,regime_easing,0
16,2097,1402,835,4334,490,42,88,88,8,45,10,0.0006314756643027805,0.1479302588041003,147,650,0.991785863058493,5642.778060672394,9164.281153676793,12500.0,2.215220918773917,1.0,0.45868263473053894,0.9717330861909175,0.9730579254602605,regime_easing,0
17,2088,1394,827,4309,508,22,48,48,9,69,12,0.0007441162608240576,0.1555996798170375,147,647,0.9905283491575388,5623.367640258226,9164.281153676793,12500.0,2.222867292280751,1.0,0.4437726723095526,0.9707112970711297,0.9709328526363227,regime_easing,0
18,2087,1400,832,4319,492,23,59,59,9,45,11,0.0008769153816094655,0.16368233486423403,147,646,0.9892841929827106,5604.104566122115,9164.281153676793,12500.0,2.230507987942426,1.0,0.4362980769230769,0.9747781410555815,0.9782559456398641,regime_easing,0
19,2095,1409,834,4338,466,31,69,69,9,47,13,0.0010201835137985578,0.16999002664324095,147,645,0.9880640393935237,5585.529265983225,9164.281153676793,12500.0,2.237925790869456,1.0,0.4364508393285372,0.9821847163619315,0.9847900113507378,regime_easing,0
20,2094,1406,831,4331,468,32,65,65,9,68,10,0.0011904162334712394,0.1770872901925518,147,639,0.9868028115944117,5566.998879857431,9164.281153676793,12500.0,2.24537498026587,1.0,0.43561973525872444,0.9896030245746692,0.9924381301558204,regime_easing,0
21,2099,1403,832,4334,460,31,67,67,9,61,11,0.0013972129339858603,0.185590691553096,147,637,0.9855372423192554,5549.194473162553,9164.281153676793,12500.0,2.2525791915301356,1.0,0.4375,0.9952584163110479,0.9942647396191787,regime_easing,0
22,2100,1400,832,4332,456,26,55,55,9,56,14,0.0016253991315838207,0.19281521265099902,147,636,0.9842976136435797,5532.045716069763,9164.281153676793,12500.0,2.259561948971133,1.0,0.4362980769230769,0.9943181818181818,0.9926672777268561,regime_easing,0
23,2088,1402,823,4313,473,24,58,58,9,72,6,0.0018899474485137167,0.20027384076774848,146,627,0.9829660792671084,5513.208321722021,9164.281153676793,12500.0,2.267282364562581,1.0,0.4313487241798299,0.9825882352941177,0.9833561331509348,regime_easing,0
24,2098,1397,827,4322,460,33,68,68,9,57,11,0.0021753554688409447,0.20598160332482612,146,629,0.9816152174782756,5495.656066656947,9164.281153676793,12500.0,2.274523705338761,1.0,0.4195888754534462,0.9868297271872061,0.9856328392246294,regime_easing,0
25,2111,1413,835,4359,417,38,92,93,9,54,14,0.002490432314914572,0.21079202937300054,147,632,0.9804371960749023,5480.004905512084,9164.281153676793,12500.0,2.2810198559177977,1.0,0.42035928143712575,0.9864485981308411,0.9897820163487738,regime_easing,0
26,2096,1397,835,4328,448,30,64,69,9,93,7,0.0028857795046743004,0.2184291814063825,147,632,0.9790322001642829,5462.526197055287,9164.281153676793,12500.0,2.288318545133649,1.0,0.4311377245508982,0.9767008387698043,0.9783001808318263,regime_easing,0
27,2082,1395,834,4311,462,26,59,59,9,75,11,0.0033341327109608814,0.22579633236912972,147,632,0.9775627911208946,5443.731176419794,9164.281153676793,12500.0,2.2962191913783916,1.0,0.4292565947242206,0.9765478424015009,0.9795501022494888,regime_easing,0
28,2080,1392,826,4298,472,49,96,96,9,107,10,0.0038931937106010048,0.23603631934828753,146,624,0.9758915965414571,5424.778267712357,9164.281153676793,12500.0,2.3042416451191254,1.0,0.44188861985472155,0.9746954076850984,0.9770402364173676,regime_easing,0
29,2061,1374,821,4256,513,37,72,72,9,114,10,0.0044418087548795055,0.2412459688043885,145,621,0.9741230510416699,5403.691021744854,9164.281153676793,12500.0,2.313233667450465,1.0,0.4628501827040195,0.9763145428706774,0.9761467889908257,regime_easing,0
30,2076,1385,824,4285,481,34,70,70,8,40,10,0.0051678053975133245,0.25162906754033787,145,622,0.972313502227684,5384.529467078789,9164.281153676793,12500.0,2.321465612998398,1.0,0.47451456310679613,0.9829545454545454,0.9805491990846682,regime_easing,0
31,2097,1401,833,4331,433,42,91,94,9,43,9,0.005965474601082518,0.26062842141043696,146,627,0.9705978270128459,5367.653832207723,9164.281153676793,12500.0,2.3287641846416784,1.0,0.48259303721488594,0.9771668219944082,0.9774317309862334,regime_easing,0
32,2103,1412,837,4352,413,27,61,65,9,38,6,0.006856067513861733,0.26901974138879636,147,632,0.9688606272341884,5351.206762237577,9164.281153676793,12500.0,2.335921700542402,1.0,0.4743130227001195,0.9758700696055684,0.9781973477185885,regime_easing,0
33,2099,1407,834,4340,419,28,58,61,9,66,11,0.007891977562096617,0.2784078486582204,148,627,0.9669029715908299,5334.560507282877,9164.281153676793,12500.0,2.343210838631352,1.0,0.4724220623501199,0.9735621521335807,0.9770373705538046,regime_easing,0
34,1959,1316,780,4055,704,21,52,52,9,334,6,0.009250363722897219,0.293724755131245,147,584,0.9635945639673577,5307.887704746462,9150.990774373357,12500.0,2.3549857674686954,1.0,0.4987179487179487,0.906524757056918,0.9098048014359434,regime_easing,0
35,2005,1337,795,4137,618,59,113,113,8,27,8,0.010702533939863482,0.3062667890722155,147,588,0.960337048087043,5281.34826622273,9144.225112947754,12500.0,2.366819866802709,1.0,0.5333333333333333,0.9321245932124593,0.9321766561514195,regime_easing,0
36,2014,1341,796,4151,604,29,57,57,8,41,6,0.012208299031318778,0.3152763001403513,146,591,0.9571667930148718,5255.303379095827,9138.70266961617,12500.0,2.378549647527793,1.0,0.5276381909547738,0.9319759370661731,0.9290510295434199,regime_easing,0
37,2001,1334,792,4127,629,36,77,77,8,100,6,0.014205744882100383,0.33155796889775335,145,584,0.9535117149118326,5229.026862200348,9131.017992083562,12500.0,2.39050215831939,1.0,0.5277777777777778,0.9263888888888889,0.9253363228699552,regime_easing,0
38,2006,1350,799,4155,592,27,71,71,8,41,15,0.016312826290248474,0.344638512913882,145,583,0.9500915873914799,5202.881727889346,9128.28548703786,12500.0,2.402514731979287,1.0,0.5193992490613266,0.925703737886479,0.9266280107047279,regime_easing,0
39,2006,1342,796,4144,589,22,44,44,8,53,20,0.018660430944951328,0.35745061346846685,145,584,0.9461891126433382,5177.685006448004,9123.643985942756,12500.0,2.4142063459699052,1.0,0.5163316582914573,0.921875,0.9221183800623053,regime_easing,0
40,2001,1333,793,4127,599,40,86,86,8,102,14,0.02096678493789631,0.36479074482294765,144,579,0.9422653457266056,5152.516177440509,9116.501051641686,12500.0,2.4259991758452517,1.0,0.5069356872635561,0.9128649635036497,0.9132551449435716,regime_easing,0
41,1978,1315,781,4074,647,23,44,44,8,95,11,0.02377436384106085,0.37638196517434575,141,570,0.9376510746644051,5126.753596553306,9104.073397798036,12500.0,2.4381901264776396,1.0,0.4967989756722151,0.9015496809480401,0.8993377483443709,regime_easing,0
42,1946,1301,774,4021,690,20,46,46,8,98,17,0.026978269057642477,0.3893670439493772,140,559,0.9327428814601244,5101.1198285705395,9087.882877057968,12500.0,2.4504423381684823,1.0,0.48320413436692505,0.8769716088328076,0.8760348583877996,regime_easing,0
43,1953,1309,772,4034,668,37,79,79,8,63,14,0.029938443165104172,0.3946729490638259,140,561,0.9280071404204175,5075.614229427687,9074.46743090612,12500.0,2.4627561187622935,1.0,0.47797927461139894,0.8805229936880072,0.8821342663459436,regime_easing,0
44,1947,1305,775,4027,670,27,61,61,8,67,12,0.033625964970219406,0.40569286160846396,139,559,0.9226984966921646,5050.236158280549,9060.111363983433,12500.0,2.4751317776505464,1.0,0.4761290322580645,0.8742703188145488,0.8760060909288666,regime_easing,0
45,1939,1292,773,4004,679,26,44,44,8,67,22,0.0375247764943945,0.4151575793940522,140,549,0.9169749018642357,5024.984977489146,9042.85695394554,12500.0,2.487569625779443,1.0,0.47477360931435963,0.8598669623059867,0.8625592417061612,regime_easing,0
46,1939,1299,776,4014,653,32,71,71,8,60,23,0.0415569768131314,0.4224429854687172,142,545,0.9114436163919293,4999.860052601701,9028.893445877025,12500.0,2.500069975657732,1.0,0.48711340206185566,0.8587245349867139,0.8621134020618557,regime_easing,0
47,1953,1309,782,4044,613,33,72,72,8,42,18,0.046476951955006576,0.4349515843569383,143,547,0.9052083390150613,4974.860752338693,9019.70941680493,12500.0,2.5126331413645544,1.0,0.45012787723785164,0.863395225464191,0.866695242177454,regime_easing,0
48,1963,1311,784,4058,582,34,75,75,7,57,20,0.052329725417875755,0.4517186697115945,141,547,0.8981727470213928,4951.264145054376,9011.713968953007,12500.0,2.5246077837486736,1.0,0.45535714285714285,0.8655202821869489,0.8669087801751763,regime_easing,0
49,1962,1315,791,4068,568,25,64,64,7,53,10,0.05838402049602923,0.46574760053820413,140,536,0.8912844814785396,4927.847186064599,9005.246884961512,12500.0,2.5366046324140497,1.0,0.43742098609355246,0.866225165562914,0.8703465982028241,regime_easing,0
50,1961,1316,791,4068,557,29,62,62,7,60,16,0.06436377614378061,0.4753764975601075,142,535,0.88439975097449,4904.951713858067,8999.939444768443,12500.0,2.548445067192706,1.0,0.43994943109987356,0.8654015887025596,0.869416541996153,regime_easing,0
51,1967,1326,798,4091,527,39,82,82,8,59,15,0.0719236161380599,0.49271090926134437,143,532,0.8764257850958332,4883.127061787787,8998.595055473788,12500.0,2.559835089653301,1.0,0.4573934837092732,0.8876353790613718,0.8940122377622378,regime_easing,0
52,1959,1322,796,4077,526,33,75,75,7,88,21,0.08160116119427616,0.5194119366547447,141,525,0.8664434379515658,4861.603979451755,8996.575980128931,12500.0,2.5711678805663705,1.0,0.44974874371859297,0.8888384754990926,0.8958470665787739,regime_easing,0
53,1954,1323,792,4069,524,22,46,46,8,53,17,0.08993190363467457,0.5328266432773099,142,518,0.8576937924879425,4840.347149440194,8995.154483716271,12500.0,2.582459400963767,1.0,0.45075757575757575,0.884963768115942,0.8921289190966893,regime_easing,0
54,1945,1317,792,4054,532,23,53,53,8,66,13,0.09907043852269905,0.5473100803125349,143,513,0.8482036786567931,4818.597608343605,8992.14778159342,12500.0,2.5941157606428313,1.0,0.45454545454545453,0.8745503597122302,0.8816876903001305,regime_easing,0
55,1936,1329,795,4060,516,25,74,74,8,64,14,0.10988572891253981,0.5670443197004049,142,513,0.8375533236337234,4796.275557884441,8992.14778159342,12500.0,2.606188874918093,1.0,0.4377358490566038,0.8701123595505618,0.8856893542757417,regime_easing,0
56,1922,1331,791,4044,516,26,62,62,8,74,20,0.12233139131531436,0.5907284309467242,141,510,0.8252737720925827,4773.552455906898,8992.14778159342,12500.0,2.6185948757161404,1.0,0.438685208596713,0.8704710144927537,0.8860648553900088,regime_easing,0
57,1911,1334,793,4038,507,24,59,63,8,63,21,0.13492011836410953,0.6108262925724562,140,506,0.8129568117241347,4750.654224979987,8992.14778159342,12500.0,2.6312165457701058,1.0,0.43505674653215637,0.867059891107078,0.8863037752414399,regime_easing,0
58,1922,1342,801,4065,475,39,82,90,8,54,12,0.14635100114908406,0.6224183976539736,141,498,0.8016016206171138,4729.332714225109,8992.14778159342,12500.0,2.643079004021416,1.0,0.4394506866416979,0.8584189370254578,0.880060619181641,regime_easing,0
59,1920,1352,811,4083,450,27,66,76,8,48,15,0.15628801259793287,0.6256873827617261,144,504,0.791878942250614,4708.242059550595,8992.14778159342,12500.0,2.654918723782255,1.0,0.42663378545006164,0.896358543417367,0.9245923913043478,regime_easing,0
60,1917,1369,806,4092,433,23,66,70,9,52,12,0.17058405019656128,0.6442624629973398,144,492,0.7780746851253155,4687.193687986278,8992.14778159342,12500.0,2.6668409355556792,1.0,0.41563275434243174,0.9,0.9306345235387764,regime_easing,0
61,1937,1392,829,4158,364,38,95,120,9,28,11,0.18680288556826377,0.6671091838805221,143,492,0.7629111622825177,4668.868614358671,8992.14778159342,12500.0,2.6773081516060255,1.0,0.41978287092882993,0.9013494648673802,0.9394487121554451,regime_easing,0
62,1960,1433,853,4246,274,103,121,214,9,31,9,0.20357322703062225,0.6890714072823803,142,498,0.747788340021505,4658.912262488123,8992.14778159342,12500.0,2.68302970645004,1.0,0.4947245017584994,0.9167446211412535,0.9615036231884058,regime_easing,0
63,1981,1468,882,4331,192,114,140,241,12,53,7,0.216511623511097,0.6963607541358836,143,503,0.7365406161653939,4656.965510378441,8992.14778159342,12503.344671201814,2.6848695021118485,1.0,0.5634920634920635,0.9265668849391955,0.9816409791477788,regime_easing,0
64,2017,1519,909,4445,92,130,144,251,16,30,2,0.23129300344106438,0.7086508007255812,144,506,0.723506889568819,4656.965510378441,8992.14778159342,12503.344671201814,2.6848695021118485,1.0,0.6534653465346535,0.9359628770301625,0.9973076060130133,regime_easing,0
65,2045,1580,943,4568,0,135,149,310,32,25,0,0.24782901512522212,0.7252064371399347,144,512,0.711247561112261,4709.137187563169,8992.14778159342,12503.344671201814,2.6551243196361205,1.0,0.7497348886532343,0.9445727482678984,1.0203261112352022,regime_easing,0
66,2008,1628,963,4599,0,63,98,267,35,63,0,0.2606977452684122,0.7304861435860865,144,509,0.7030002372664799,4765.6468338139275,8992.14778159342,12517.289211364714,2.626566686089741,1.0,0.7757009345794392,0.92577224527432,1.0288590604026846,regime_easing,0
67,1969,1667,990,4626,1,92,153,340,34,120,0,0.27436369338987254,0.7380421536152059,145,502,0.6937888103301609,4822.834595819695,8992.14778159342,12530.18581237036,2.5980956973376594,1.0,0.8222222222222222,0.9048713235294118,1.031438127090301,regime_easing,0
68,1873,1746,1039,4658,0,43,51,395,33,17,0,0.2912236742669595,0.7539667710386277,145,499,0.6827859020272226,4880.708610969531,8992.14778159342,12565.424698745479,2.5745082733487368,1.0,0.7998075072184793,0.8513636363636363,1.0284831088540516,regime_easing,0
69,1788,1825,1075,4688,0,40,43,422,33,10,0,0.3078357868195899,0.7689045418668047,145,499,0.6714478526727686,4939.277114301165,8998.799507349668,12598.737685156108,2.55072501372271,1.0,0.7879069767441861,0.813466787989081,1.032826613791584,regime_easing,0
70,1654,1916,1149,4719,0,36,45,555,33,12,0,0.32427851591957296,0.7832723579587587,145,497,0.6606275911583883,4998.548439672779,9008.981865038568,12628.365003890043,2.5264064470518037,1.0,0.7345517841601392,0.7477396021699819,1.0335085413929042,regime_easing,0
71,1547,2002,1201,4750,0,45,66,520,34,32,0,0.33655024065888356,0.7878608447525823,144,497,0.6532749546037975,5058.5310209488525,9035.963810724266,12655.682649418859,2.5018493703029567,1.0,0.7177352206494588,0.6955935251798561,1.0362129144851657,regime_easing,0
72,1401,2107,1271,4779,0,35,38,560,32,6,0,0.3497992200321509,0.7953038400993958,145,498,0.6467019713114203,5119.233393200238,9112.239867837481,12690.114868617671,2.4789092221256532,1.0,0.6876475216365067,0.6290974405029187,1.038687241903934,regime_easing,0
73,1366,2150,1293,4809,0,40,64,405,32,32,0,0.36412805028529127,0.8056317201740608,144,498,0.6366463041287747,5180.664193918641,9166.065656824241,12713.807008828688,2.454088227481117,1.0,0.6774941995359629,0.6178199909543193,1.0539119000657462,regime_easing,0
74,1333,2189,1313,4835,2,34,57,381,31,28,0,0.37598490983325755,0.8109951795751593,145,499,0.6281181258010458,5242.832164245665,9206.35614734501,12727.111480138765,2.4275260167459383,1.0,0.6146230007616146,0.5991011235955056,1.0520017406440383,regime_easing,0
75,1296,2229,1342,4867,0,47,86,426,32,52,0,0.39319643803769067,0.8282570070033655,144,498,0.6157453053858376,5305.746150216613,9278.809220264133,12768.043084571163,2.406455703511163,1.0,0.5514157973174366,0.5801253357206804,1.0555194101062677,regime_easing,0
76,1279,2256,1361,4896,1,78,146,419,33,114,0,0.4047935562236438,0.8340391425872503,145,497,0.607820959929051,5369.415104019213,9342.510548811762,12789.4138429449,2.381900746204467,1.0,0.5055106539309331,0.574315222272115,1.0648107872988255,regime_easing,0
77,1284,2264,1371,4919,6,36,64,350,32,37,0,0.4202796974120939,0.8482592851477503,145,495,0.5969878643989194,5433.848085267444,9454.620675397504,12801.149132962715,2.3558165285610237,1.0,0.42961342086068566,0.5721925133689839,1.062648520198747,regime_easing,0
78,1281,2288,1384,4953,1,48,107,380,32,70,0,0.4294404051076347,0.8502066703677289,145,495,0.5918387261753418,5499.054262290653,9551.414833920455,12812.5443755435,2.3299541638285968,1.0,0.4147398843930636,0.571875,1.0704560190188026,regime_easing,0
79,1254,2321,1401,4976,3,40,56,356,33,25,0,0.437306360067153,0.8503357116932411,147,497,0.5888032192022701,5565.042913438141,9655.76846483754,12860.081567309435,2.3108683557957224,1.0,0.37259100642398285,0.5638489208633094,1.084568439407149,regime_easing,0
80,1249,2343,1415,5007,0,39,81,342,32,46,0,0.45149400423998237,0.8632815869110781,147,502,0.5788098281202619,5631.823428399399,9771.63768641559,12870.714991644243,2.2853548509247537,1.0,0.3660777385159011,0.5621062106210621,1.0927542557835006,regime_easing,0
81,1246,2359,1428,5033,1,41,74,338,31,44,0,0.46095472397221837,0.8676251565102,147,500,0.5737131111506294,5699.405309540191,9888.897338652578,12899.052196079627,2.263227739653469,1.0,0.3634453781512605,0.5615141955835962,1.0996285776709636,regime_easing,0
82,1251,2367,1442,5060,0,33,67,360,31,35,0,0.47419612123029986,0.879529918414962,147,503,0.5646689920496715,5767.798173254674,10007.564106716409,12935.870849920864,2.2427745322131067,1.0,0.3578363384188627,0.5625,1.1038394415357766,regime_easing,0
83,1273,2374,1436,5083,2,37,91,324,32,61,0,0.4797693731323607,0.8777282255975875,149,502,0.5632998555642339,5837.01175133373,10127.654875997006,12964.048707872502,2.221007813614608,1.0,0.35376044568245124,0.5695749440715884,1.1040399652476107,regime_easing,0
84,1289,2380,1441,5110,0,37,87,337,31,54,0,0.4767846243292349,0.8611410530031963,154,507,0.5709788067515951,5907.055892349735,10249.18673450897,13001.096558378415,2.2009435487509466,1.0,0.35392088827203333,0.5795863309352518,1.1140178766078046,regime_easing,0
85,1290,2374,1452,5116,21,40,77,354,30,68,0,0.48810982149022464,0.87108279953419,155,508,0.5636894029805963,5977.940563057931,10372.176975323078,13046.725751258235,2.1824783324015464,1.0,0.3512396694214876,0.581081081081081,1.1192299278057318,regime_easing,0
86,1310,2389,1458,5157,5,42,119,339,32,71,0,0.49818057575645197,0.8791473156632222,155,505,0.5569738105198917,6049.675849814626,10496.643099026955,13047.47741447024,2.156723391199553,1.0,0.355281207133059,0.5908885881822282,1.1269667832167831,regime_easing,0
87,1335,2405,1456,5196,0,60,133,317,38,90,0,0.5119573278620833,0.8940551986653643,154,507,0.5444735606527273,6122.271960012402,10545.481949870244,13057.227177812922,2.132742103437442,1.0,0.3646978021978022,0.5967814036656236,1.1251624079688176,regime_easing,0
88,1380,2382,1433,5195,43,65,165,304,45,163,0,0.5247339294549599,0.9074638197004349,152,504,0.5315952418305679,6195.739223532551,10545.481949870244,13057.227177812922,2.1074526713808717,1.0,0.3614794138171668,0.6202247191011236,1.1303307223672758,regime_easing,0
89,1412,2417,1457,5286,0,60,139,325,54,42,0,0.5238287974887395,0.897688298967397,156,506,0.5338982400002703,6270.0880942149415,10554.93230729822,13075.921327361939,2.0854445951766385,1.0,0.37199725463280714,0.6326164874551972,1.1473844150206207,regime_easing,0
90,1452,2423,1472,5347,0,68,114,359,64,50,0,0.527268006101744,0.8959499453181171,159,512,0.5349629394491338,6345.329151345521,10681.5914949858,13147.483570713317,2.0719939434387586,1.0,0.38179347826086957,0.6633165829145728,1.1811354097636404,regime_easing,0
91,1513,2424,1460,5397,12,81,152,308,68,96,0,0.5388782931447087,0.9084770546766706,158,519,0.5239473625793859,6421.473101161667,10708.700880661194,13147.483570713317,2.047424845295216,1.0,0.413013698630137,0.703393770339377,1.2109041956472963,regime_easing,0
92,1573,2433,1464,5470,0,77,139,274,68,59,0,0.5480528538239173,0.9171852142736073,158,527,0.5152993870564054,6498.530778375607,10726.896429136596,13147.483570713317,2.023147080331241,1.0,0.4378415300546448,0.7312877731287774,1.2281095644364617,regime_easing,0
93,1616,2441,1465,5522,8,93,153,309,68,93,0,0.5617048163133397,0.9336428695662207,157,523,0.5021069033229033,6576.513147716114,10762.570720497402,13148.111778119424,1.9992527168725405,1.0,0.47303754266211606,0.7412844036697248,1.228202846975089,regime_easing,0
94,1640,2463,1492,5595,0,74,115,360,68,39,0,0.565141347634192,0.9334293324228303,159,531,0.5021971282775403,6655.431305488707,10889.615373817638,13174.689998711117,1.979539626206645,1.0,0.49195710455764075,0.7585568917668826,1.2558922558922558,regime_easing,0
95,1683,2479,1495,5657,0,82,148,315,68,80,0,0.5691268022244833,0.9345152124216046,160,537,0.5001503832644711,6735.296481154572,10951.298302046418,13174.689998711117,1.9560668243148664,1.0,0.5210702341137123,0.7816999535531816,1.2706648697214735,regime_easing,0
96,1726,2490,1507,5723,0,83,151,345,68,83,0,0.5619272898725699,0.9176979742200766,164,545,0.5115953155542704,6816.120038928427,11030.5522761038,13227.021580882507,1.940549976429398,1.0,0.5474452554744526,0.80316426244765,1.2892543365622888,regime_easing,0
97,1764,2502,1512,5778,5,86,130,303,68,67,0,0.5691643494608869,0.9248633139737505,165,549,0.5067588363743468,6897.913479395568,11114.299826478245,13261.803748743345,1.9225819210920887,1.0,0.576058201058201,0.8270042194092827,1.3099070505554296,regime_easing,0
98,1830,2496,1506,5832,15,85,144,236,68,86,0,0.5764334976669322,0.9323440570622621,166,546,0.5002502229731066,6980.688441148315,11136.59967164291,13261.803748743345,1.8997845070079926,1.0,0.6069057104913679,0.8656575212866604,1.3379215416379904,regime_easing,0
99,1898,2463,1485,5846,63,108,206,242,68,186,0,0.587078903533437,0.9455118394347231,165,549,0.4895240801627912,7064.456702442095,11136.59967164291,13261.803748743345,1.8772574179920876,1.0,0.6478114478114478,0.8906616611919287,1.328334469438764,regime_easing,0
100,1965,2483,1495,5943,30,82,159,193,67,59,0,0.5901132245936076,0.9466633942518723,167,559,0.4874076438239357,7149.2301828714,11136.59967164291,13261.803748743345,1.8549974486087824,1.0,0.6548494983277592,0.9182242990654206,1.346702923181509,regime_easing,0
101,2018,2503,1507,6028,3,83,162,217,62,73,0,0.592958855235876,0.947787693333704,169,569,0.4854724876337145,7235.020945065857,11136.59967164291,13261.803748743345,1.833001431431603,1.0,0.6648971466489715,0.940354147250699,1.3591882750845548,regime_easing,0
102,2065,2490,1496,6051,22,91,174,178,53,140,0,0.6023753227661178,0.9596374461480797,167,569,0.47478410857167314,7235.020945065857,11136.59967164291,13261.803748743345,1.833001431431603,1.0,0.6851604278074866,1.039255158530448,1.4744152046783625,regime_easing,0
103,2114,2502,1503,6119,0,84,145,217,52,71,0,0.591231560809842,0.9390084506205192,172,576,0.4904480802591287,7312.956563306652,11181.092657381416,13323.515695129712,1.8219054878544643,1.0,0.6839654025282768,1.0623115577889448,1.486276414865193,regime_easing,0
104,2135,2512,1513,6160,0,77,134,225,47,87,0,0.5932157910100715,0.9395207890351827,174,579,0.49035874109124905,7400.712042066332,11203.241191244128,13367.316863052762,1.8062203727251778,1.0,0.6794448116325181,1.0675,1.4890016920473774,regime_easing,0
105,2179,2512,1510,6201,1,82,170,222,47,124,0,0.5888346539396884,0.9301880449649063,177,587,0.49776062106782815,7487.802018286005,11220.973709944918,13402.549923393788,1.7899177743566594,1.0,0.6735099337748345,1.0949748743718593,1.506193830459072,regime_easing,0
106,2199,2524,1520,6243,4,73,121,206,47,77,0,0.6003790285147569,0.9461955779215919,177,580,0.4863624154835813,7568.169050225789,11260.771711787798,13419.832158821324,1.7731940274802604,1.0,0.6684210526315789,1.1022556390977443,1.5160271976687711,regime_easing,0
107,2227,2537,1519,6283,5,73,132,186,47,86,0,0.603779968114988,0.9495093457328894,179,587,0.48368637631232875,7576.821299171399,11300.390808476572,13454.83503901438,1.775788883985663,1.0,0.662936142198815,1.1224798387096775,1.5309454191033138,regime_easing,0
108,2242,2552,1532,6326,7,71,122,186,46,78,0,0.6101623079826826,0.9576602197380771,180,590,0.4767439960899444,7592.083085517098,11317.64250228136,13471.838015930525,1.774458717612013,1.0,0.6494778067885117,1.122122122122122,1.5328325660285922,regime_easing,0
109,2255,2553,1529,6337,33,69,151,174,46,131,0,0.6100954540898094,0.9558361147592703,182,593,0.4771952667977421,7592.083085517098,11317.64250228136,13506.570511325423,1.7790335483934563,1.0,0.6396337475474166,1.1423505572441743,1.5482531150745176,regime_easing,0
110,2265,2568,1537,6370,39,74,137,204,46,97,0,0.6154879453442968,0.9627042466274024,182,594,0.47208880195691255,7592.083085517098,11369.929305492835,13549.858322866601,1.784735252530988,1.0,0.6291476903057905,1.1370481927710843,1.5438681531749878,regime_easing,0
111,2285,2584,1542,6411,36,81,135,205,47,85,0,0.6234795816544374,0.9737463343505129,182,596,0.4636830651877634,7592.083085517098,11413.191358484943,13584.26898771248,1.7892676930296334,1.0,0.6095979247730221,1.1808785529715762,1.600749063670412,regime_easing,0
112,2281,2596,1544,6421,70,57,141,166,48,127,0,0.6153614759399954,0.9597576550547391,185,597,0.4732404959116084,7592.083085517098,11413.191358484943,13584.26898771248,1.7892676930296334,1.0,0.5926165803108808,1.184319833852544,1.6084669338677355,regime_easing,0
113,2292,2607,1552,6451,81,63,118,178,47,82,0,0.6195967187837067,0.9651630604601444,185,602,0.4691248218687484,7592.083085517098,11451.655608302988,13618.369704191942,1.7937593083208985,1.0,0.5766752577319587,1.1790123456790123,1.6107365792759052,regime_easing,0
114,2302,2615,1560,6477,101,65,125,180,49,96,0,0.6132487691117691,0.9541941463747874,188,609,0.47800263366191714,7592.083085517098,11490.06135196831,13687.15993064645,1.80282009251934,1.0,0.5570512820512821,1.1768916155419222,1.5976813024173655,regime_easing,0
115,2296,2620,1564,6480,143,60,124,166,47,119,0,0.6185754714598564,0.961491179110018,189,607,0.4716202485603702,7592.083085517098,11493.394346864303,13694.791134904457,1.8038252454097983,1.0,0.5402813299232737,1.1625316455696202,1.5843520782396088,regime_easing,0
116,2306,2633,1567,6506,149,59,134,170,39,101,0,0.6158578907110881,0.956369982547993,191,609,0.4756041364676775,7592.083085517098,11527.15428301267,13711.099035515645,1.8059732593906115,1.0,0.5277600510529674,1.1664137582195244,1.5887667887667887,regime_easing,0
117,2305,2634,1569,6508,180,47,110,145,37,104,0,0.6203201386899104,0.962478184991274,191,607,0.4708152225755676,7592.083085517098,11560.99177614716,13718.631838172505,1.8069654512004234,1.0,0.5047801147227533,1.1536536536536537,1.5727404543257613,regime_easing,0
118,2304,2640,1573,6517,202,49,116,141,34,104,0,0.6285951920050595,0.9745614035087719,190,611,0.460813966976294,7592.083085517098,11564.14477390429,13718.631838172505,1.8069654512004234,1.0,0.4882390336935791,1.145698657384386,1.5628297362110313,regime_easing,0
119,2301,2638,1573,6512,234,40,133,141,32,133,0,0.6345861111326324,0.9831560283687942,188,605,0.453449568246966,7587.5470106191215,11564.14477390429,13718.631838172505,1.8080457121349822,1.0,0.4672600127145582,1.1346153846153846,1.5578947368421052,regime_easing,0
120,2310,2649,1579,6538,231,59,123,156,28,92,0,0.6367592408455467,0.9858906525573194,189,611,0.4507025163354301,7583.4083486133295,11564.14477390429,13718.631838172505,1.8090324571115886,1.0,0.4578847371754275,1.1418685121107266,1.5659880239520958,regime_easing,0
121,2317,2662,1590,6569,223,66,116,177,29,79,0,0.6371302969040801,0.9858906525573192,189,612,0.45035887873391117,7580.725172609762,11580.113893434294,13718.631838172505,1.8096727589782402,1.0,0.4528301886792453,1.1527363184079602,1.5794662178408272,regime_easing,0
122,2353,2695,1620,6668,151,116,149,275,30,47,0,0.6243710049686827,0.9656357388316151,194,628,0.4670107092355395,7580.725172609762,11655.782095906792,13733.536030786816,1.8116388232102167,1.0,0.4703703703703704,1.1753246753246753,1.609073359073359,regime_easing,0
123,2356,2701,1623,6680,177,56,119,164,43,102,0,0.6164079599447619,0.952861952861953,198,630,0.47765474885925224,7580.725172609762,11718.777692736132,13733.536030786816,1.8116388232102167,1.0,0.4540973505853358,1.1727227476356397,1.606928073129661,regime_easing,0
124,2345,2687,1613,6645,247,54,165,165,38,197,0,0.6191176420078894,0.9566326530612245,196,625,0.4742907685644881,7577.9985902588505,11718.777692736132,13733.536030786816,1.8122906552715132,1.0,0.4550526968381897,1.201947719118401,1.6501117457164143,regime_easing,0
125,2340,2679,1603,6622,295,59,163,163,30,181,0,0.6255225883764352,0.9661458333333334,192,618,0.4664308299397985,7570.551799801166,11718.777692736132,13733.536030786816,1.8140733190871918,1.0,0.45539613225202746,1.2111801242236024,1.6608979182342614,regime_easing,0
126,2341,2691,1610,6642,298,39,117,117,26,95,1,0.6335455275495846,0.9781849912739966,191,619,0.4564777409166193,7560.009575610437,11718.777692736132,13733.536030786816,1.8166029941407704,1.0,0.4372670807453416,1.2073233625580195,1.6567722624095784,regime_easing,0
127,2336,2682,1597,6615,343,37,104,104,24,126,1,0.6326222434986019,0.9764397905759163,191,616,0.45741119325406476,7545.8377707316395,11718.777692736132,13733.536030786816,1.8200147482703197,1.0,0.4264245460237946,1.1991786447638604,1.6447041272998508,regime_easing,0
128,2348,2699,1600,6647,321,41,124,127,22,80,0,0.6390309840109142,0.9860383944153577,191,615,0.4494470820612266,7530.644315437555,11718.777692736132,13733.536030786816,1.823686719957488,1.0,0.414375,1.203485392106612,1.6473358116480794,regime_easing,0
129,2276,2629,1564,6469,515,24,93,93,22,265,0,0.6431363949964491,0.9921052631578947,190,600,0.4439322430047934,7502.698936718134,11718.777692736132,13733.536030786816,1.8304794243542184,1.0,0.4092071611253197,1.1559167089893347,1.5925652387986213,regime_easing,0
130,2251,2606,1549,6406,589,33,102,102,17,159,0,0.6381750383329469,0.9842105263157894,190,595,0.44937661174324994,7469.402246976082,11718.777692736132,13733.536030786816,1.838639234665225,1.0,0.4028405422853454,1.143219908583037,1.5758917589175891,regime_easing,0
131,2259,2607,1557,6423,583,39,108,108,16,89,3,0.6338433050224119,0.9773123909249565,191,597,0.45399534524495133,7435.868172059118,11718.777692736132,13733.536030786816,1.8469310796003215,1.0,0.40012845215157355,1.1584615384615384,1.5973638398408356,regime_easing,0
132,2276,2631,1569,6476,545,52,147,147,16,93,0,0.6242935479551016,0.9623931623931623,195,608,0.46496038086941993,7402.989517832497,11718.777692736132,13733.536030786816,1.855133793949748,1.0,0.39260675589547483,1.1762273901808786,1.6153654277874783,regime_easing,0
133,2320,2667,1585,6572,454,61,155,163,16,51,3,0.6267395205716129,0.9659863945578233,196,617,0.4616332732566596,7374.723557855318,11718.777692736132,13733.536030786816,1.8622441808219774,1.0,0.38548895899053626,1.2051948051948052,1.6491844416562107,regime_easing,0
134,2323,2682,1594,6599,434,53,126,157,17,93,4,0.6317225338054482,0.9735042735042734,195,615,0.4551538514144456,7346.967780101208,11718.777692736132,13733.536030786816,1.869279469005325,1.0,0.3437892095357591,1.2181436811746198,1.6697874493927125,regime_easing,0
135,2346,2716,1614,6676,366,97,143,216,17,63,5,0.636747752695192,0.9810996563573883,194,617,0.44876022691167616,7326.779873059425,11718.777692736132,13733.536030786816,1.8744300045487976,1.0,0.3649318463444858,1.2149145520455722,1.6740220661985958,regime_easing,0
136,2359,2721,1614,6694,360,62,136,147,19,115,4,0.6417787042954037,0.9887152777777778,192,622,0.44244367573464294,7307.583116966863,11718.777692736132,13733.536030786816,1.879354064259642,1.0,0.36988847583643125,1.212853470437018,1.668910496135627,regime_easing,0
137,2360,2731,1621,6712,342,64,129,170,20,103,12,0.6325390351690773,0.9743589743589743,195,624,0.453204000432954,7290.566346806998,11718.777692736132,13733.536030786816,1.8837406282985962,1.0,0.3713756940160395,1.2053115423901941,1.6589223924864063,regime_easing,0
138,2383,2746,1638,6767,302,94,149,214,21,90,2,0.6310395312053095,0.9719387755102041,196,626,0.45472882440862483,7278.968830158406,11718.777692736132,13733.536030786816,1.8867419755784207,1.0,0.4010989010989011,1.2170582226762001,1.6766600594648167,regime_easing,0
139,2395,2761,1642,6798,287,75,115,160,23,81,4,0.634896049120105,0.9777777777777779,195,626,0.44998114785684074,7270.477154054035,11718.777692736132,13733.536030786816,1.8889456276097318,1.0,0.4232643118148599,1.2225625319040327,1.6830898737311215,regime_easing,0
140,2402,2782,1660,6844,259,68,124,170,25,76,5,0.6382857509748415,0.9829059829059829,195,629,0.4457106465352847,7264.176620300842,11718.777692736132,13733.536030786816,1.8905839916400669,1.0,0.43493975903614457,1.231163505894413,1.6999503229011426,regime_easing,0
141,2415,2785,1664,6864,257,56,103,132,27,81,7,0.6351561676774204,0.9780033840947547,197,630,0.44934453887959896,7259.161203797519,11718.777692736132,13733.536030786816,1.8918902122744328,1.0,0.453125,1.2346625766871167,1.6973293768545994,regime_easing,0
142,2416,2778,1664,6858,282,44,119,124,28,121,5,0.6267597400488654,0.965,200,636,0.45922168486860504,7251.469949664925,11718.777692736132,13733.536030786816,1.8938968410703287,1.0,0.4597355769230769,1.2257737189244038,1.6821192052980132,regime_easing,0
143,2408,2776,1660,6844,315,37,115,115,26,125,3,0.626803833458111,0.965,200,637,0.4589709888053957,7239.9521224412965,11718.777692736132,13733.536030786816,1.8969097859387358,1.0,0.45963855421686745,1.2235772357723578,1.6786853078243806,regime_easing,0
144,2385,2751,1638,6774,396,33,96,96,23,159,5,0.6289058114893611,0.9681742043551088,199,634,0.45623159606990993,7223.280865886726,11718.777692736132,13733.536030786816,1.9012878338492927,1.0,0.4542124542124542,1.1966884094330155,1.6489776046738072,regime_easing,0
145,2364,2718,1617,6699,484,32,92,92,20,163,3,0.633678796243934,0.9754653130287647,197,625,0.4501938400416722,7201.931941084273,11718.777692736132,13733.536030786816,1.906923884193106,1.0,0.4421768707482993,1.1755345599204376,1.6142168674698796,regime_easing,0
146,2381,2738,1632,6751,442,46,133,133,18,76,3,0.6321522499108081,0.973063973063973,198,630,0.4516470718730172,7181.179108587617,11718.777692736132,13733.536030786816,1.9124346883875323,1.0,0.4338235294117647,1.2092432706957847,1.6570937653411881,regime_easing,0
147,2416,2773,1654,6843,362,62,169,182,19,74,4,0.6381982026651849,0.9823232323232324,198,635,0.444122417130566,7163.33998353977,11718.777692736132,13733.536030786816,1.9171972937685944,1.0,0.4068923821039903,1.222053616590794,1.6722873900293256,regime_easing,0
148,2406,2775,1656,6837,380,42,108,122,20,111,5,0.6399162387918808,0.9849246231155779,199,635,0.4417237851884871,7143.474134458577,11718.777692736132,13733.536030786816,1.922528978517498,1.0,0.3943236714975845,1.201198202695956,1.6482642237222758,regime_easing,0
149,2429,2787,1668,6884,345,94,157,208,19,106,3,0.6399906409925402,0.985,200,639,0.44135714994439396,7128.304574862354,11718.777692736132,13733.536030786816,1.9266202624418596,1.0,0.4094724220623501,1.2138930534732633,1.6660212971926427,regime_easing,0
150,2419,2785,1657,6861,379,35,108,110,21,124,3,0.6394206058848942,0.9840871021775545,199,638,0.44181145090872276,7109.8671869346945,11718.777692736132,13733.536030786816,1.93161639587642,1.0,0.37658418829209417,1.2082917082917084,1.6596516690856313,regime_easing,0
151,2400,2762,1645,6807,443,34,105,105,19,154,4,0.6387869225194118,0.9830795262267344,197,632,0.44219607268708117,7087.413104415728,11718.777692736132,13733.536030786816,1.9377360721686026,1.0,0.35440729483282674,1.2066365007541477,1.6610541727672035,regime_easing,0
152,2417,2787,1656,6860,395,49,147,155,17,86,4,0.6355797342604018,0.9781144781144782,198,633,0.4457038317445631,7066.092874884978,11718.777692736132,13733.536030786816,1.9435827230066474,1.0,0.34057971014492755,1.2072927072927073,1.6634335596508245,regime_easing,0
153,2413,2778,1653,6844,420,42,118,126,16,130,3,0.6167408533327589,0.949096880131363,203,638,0.4677389524019327,7042.937909069049,11718.777692736132,13733.536030786816,1.9499726120121574,1.0,0.33272837265577737,1.196331184928111,1.6455878817023324,regime_easing,0
154,2424,2789,1658,6871,394,72,168,197,15,131,4,0.6203455405694315,0.9546204620462045,202,639,0.4631159841611008,7021.981606068049,11718.777692736132,13733.536030786816,1.9557920828102104,1.0,0.3486127864897467,1.2053704624564894,1.658860453887011,regime_easing,0
155,2447,2813,1677,6937,326,108,168,257,16,90,6,0.6179940232036093,0.9509803921568627,204,646,0.46564304586479105,7008.793549737576,11718.777692736132,13733.536030786816,1.959472187806278,1.0,0.3870005963029219,1.2101879327398615,1.6619549592716818,regime_easing,0
0,2156,1435,855,4446,279,22,47,47,27,76,0,1.6963686010845535e-05,0.024030832401680656,150,692,1.0037351156565628,5833.333333333333,9166.666666666666,12500.0,2.142857142857143,1.0,0.3087719298245614,0.9949238578680203,0.9957446808510638,regime_easing,1
1,2154,1439,852,4445,296,32,67,67,20,64,0,2.0130989514666737e-05,0.02552731695531191,151,697,1.0037364871119099,5833.333333333333,9166.666666666666,12500.0,2.142857142857143,1.0,0.38028169014084506,0.994919168591224,0.9950749944034027,regime_easing,1
2,2148,1432,852,4432,323,31,67,67,18,77,1,2.509351297004197e-05,0.028475276846125094,150,695,1.0036759137317532,5832.506404782237,9166.666666666666,12500.0,2.143160955597219,1.0,0.39906103286384975,0.9907749077490775,0.989506586291583,regime_easing,1
3,2133,1428,848,4409,357,20,54,54,16,74,2,3.0126719861372998e-05,0.030584695709857973,152,694,1.0034044857928703,5828.233524453437,9166.666666666666,12500.0,2.1447321812954003,1.0,0.3714622641509434,0.9852193995381062,0.9867949865711728,regime_easing,1
4,2082,1383,832,4297,478,39,78,78,14,189,4,3.851426485915928e-05,0.03497066062213867,152,676,1.0025288878802956,5816.458867624567,9162.572463768116,12500.0,2.149073909828057,1.0,0.4153846153846154,0.971535230984601,0.9699774266365688,regime_easing,1
5,2077,1395,831,4303,480,31,73,73,11,65,1,4.9388666211678864e-05,0.04009853926624402,152,681,1.0016909060358712,5803.02008255894,9162.101659649425,12500.0,2.154050791168021,1.0,0.42117930204572807,0.9669459962756052,0.9706744868035191,regime_easing,1
6,2074,1389,825,4288,498,33,65,65,10,75,2,6.544665709065395e-05,0.04750094854641699,151,671,1.000744238572839,5788.291210128104,9160.096506220945,12500.0,2.1595319838310894,1.0,0.4322077922077922,0.976,0.9783253479352042,regime_easing,1
7,2071,1392,830,4293,497,29,70,70,10,63,4,8.428742473619599e-05,0.054675341482399324,151,669,0.9997456049329239,5772.3963787098155,9159.55234207206,12500.0,2.1654784564177603,1.0,0.4283132530120482,0.9861904761904762,0.9903114186851211,regime_easing,1
8,2071,1389,822,4282,514,36,71,71,10,79,1,0.0001071588001437111,0.062112224818534234,151,671,0.9986907343159043,5755.506596626686,9158.101323879257,12500.0,2.1718331462475042,1.0,0.44282238442822386,0.9876013352408202,0.9877739331026528,regime_easing,1
9,2067,1383,826,4276,525,33,74,74,9,78,2,0.00013768734660742082,0.07129797499612828,151,666,0.9974573740124891,5737.3667288209,9155.113145508058,12500.0,2.1786998445136705,1.0,0.4445520581113802,0.9880497131931166,0.9877569877569877,regime_easing,1
10,2059,1377,818,4254,555,28,60,60,9,81,0,0.00017040236496333792,0.07881582766989018,151,662,0.9960652976555949,5717.422210692128,9150.311851031483,12500.0,2.1862999686508724,1.0,0.445432318292954,0.9767552182163188,0.9747937671860678,regime_easing,1
11,2073,1389,826,4288,527,37,81,81,9,45,1,0.0002068050975570547,0.08542449547030757,152,665,0.994862354844781,5698.293551197096,9149.416777565553,12500.0,2.1936391812201395,1.0,0.4491525423728814,0.9824644549763033,0.9812356979405035,regime_easing,1
12,2102,1407,837,4346,473,52,105,105,9,46,4,0.0002476653831887607,0.0913497184728577,154,677,0.9938673992376662,5682.123034384459,9149.416777565553,12500.0,2.199881967419264,1.0,0.47909199522102747,0.9924457034938622,0.9920109564026478,regime_easing,1
13,2089,1398,833,4320,499,29,60,60,10,86,10,0.00030732436335378433,0.10120603471559968,153,670,0.9927621111091163,5664.381561560351,9149.416777565553,12500.0,2.2067722423269562,1.0,0.4777911164465786,0.9839849269901083,0.985851209493382,regime_easing,1
14,2094,1399,827,4320,502,29,58,58,9,56,4,0.0003728930476299391,0.10962719355907483,153,669,0.9916518887250989,5646.678629505548,9149.416777565553,12500.0,2.2136907056625894,1.0,0.4788391777509069,0.9730483271375465,0.9725348941918055,regime_easing,1
15,2087,1395,820,4302,509,32,67,67,9,79,14,0.00044859399692734277,0.1177281632431789,153,665,0.9904929416475464,5628.320562482297,9149.416777565553,12500.0,2.2209111690125622,1.0,0.4975609756097561,0.980733082706767,0.9799544419134396,regime_easing,1
16,2085,1399,824,4308,501,29,60,60,9,53,10,0.0005443191888728067,0.12751287663776673,153,663,0.9893192430542271,5609.791605481024,9149.416777565553,12500.0,2.2282467654924876,1.0,0.4830097087378641,0.9747545582047685,0.9759855006796556,regime_easing,1
17,2088,1397,821,4306,498,32,67,67,9,63,8,0.0006562013124552632,0.13721607696152852,152,661,0.9881231410229968,5591.5701202170285,9149.416777565553,12500.0,2.2355080471591817,1.0,0.48599269183922045,0.9807421324565524,0.9806422227283079,regime_easing,1
18,2062,1377,810,4249,550,33,68,68,9,121,10,0.0007820727449980609,0.14597929927972603,151,655,0.986641182049438,5570.431145872293,9146.828695528871,12500.0,2.2439914743874967,1.0,0.4925925925925926,0.9721829325789721,0.9689851767388825,regime_easing,1
19,2064,1377,808,4249,542,23,53,53,8,51,14,0.0009133204842938613,0.15218377023252647,151,656,0.9852203879076331,5549.889752790713,9145.076009790806,12500.0,2.2522969926951224,1.0,0.4863861386138614,0.9690140845070423,0.9681020733652312,regime_easing,1
20,2023,1355,798,4176,611,25,59,59,8,130,10,0.0010917349791755835,0.1624073862861153,148,635,0.983288193913953,5524.665048955283,9137.45511311598,12500.0,2.262580607011416,1.0,0.47869674185463656,0.9702637889688249,0.969809568044589,regime_easing,1
21,2001,1340,791,4132,651,21,51,51,8,92,9,0.001258750020638065,0.16719877202701047,148,639,0.9810290812890691,5497.041723710507,9125.544114256056,12500.0,2.2739503588054433,1.0,0.46776232616940583,0.9643373493975904,0.9663236669784846,regime_easing,1
22,2009,1336,793,4138,641,31,66,66,8,59,11,0.0014477569308227677,0.17174216170002554,150,635,0.9787265459634877,5470.572983241767,9112.431090892409,12500.0,2.284952607028874,1.0,0.4703656998738966,0.9691268692715871,0.9652437602052718,regime_easing,1
23,2006,1339,787,4132,641,28,56,56,8,60,12,0.0017069913497455647,0.1808863595861968,150,630,0.9764459828197121,5444.17230344251,9100.520449987223,12500.0,2.2960331347514265,1.0,0.4625158831003812,0.9790141532454856,0.9770631354930244,regime_easing,1
24,2003,1335,794,4132,636,34,71,71,8,71,13,0.002011105392017647,0.19042897541876944,150,628,0.9741503540728055,5417.747713634429,9088.224094596606,12500.0,2.3072318352038086,1.0,0.4357682619647355,0.9789833822091887,0.9775254317482849,regime_easing,1
25,2017,1350,792,4159,601,41,81,81,8,51,13,0.0023869666269029223,0.2020346171695705,150,621,0.97204584723128,5393.19408892239,9081.053345779837,12500.0,2.3177359824069703,1.0,0.45202020202020204,0.9815085158150851,0.9795101271785209,regime_easing,1
26,2027,1357,801,4185,564,35,77,77,8,48,16,0.0028199797346353406,0.21344869350595289,151,626,0.9701596314710732,5370.416402757881,9076.57067960781,12500.0,2.3275662560506203,1.0,0.4544319600499376,0.9778099372889532,0.977803738317757,regime_easing,1
27,2009,1337,799,4145,601,25,52,52,8,92,11,0.003233375367903883,0.21897277719187588,148,613,0.9679311462994789,5345.834290563814,9066.549267789627,12500.0,2.3382692617435494,1.0,0.44680851063829785,0.9635491606714628,0.963953488372093,regime_easing,1
28,2033,1359,803,4195,544,46,96,96,8,44,13,0.003825679714142896,0.23194308474116462,148,617,0.9659892078190836,5324.195024066971,9063.793329478234,12500.0,2.347772751279061,1.0,0.4657534246575342,0.967174119885823,0.9659221736127102,regime_easing,1
29,2028,1354,804,4186,542,37,70,70,8,78,18,0.004530640580460192,0.24607065194711342,147,617,0.9639539042748505,5302.8321049020815,9060.070155113937,12500.0,2.357230957481128,1.0,0.47139303482587064,0.9634204275534441,0.9625201195677168,regime_easing,1
30,2049,1368,807,4224,503,45,85,85,8,46,8,0.005322162992778883,0.25914499640699584,147,618,0.9620644125364272,5283.860481967773,9060.070155113937,12500.0,2.3656945603803776,1.0,0.48451053283767037,0.9799139167862266,0.9761959787381558,regime_easing,1
31,2045,1372,805,4222,496,31,76,76,9,74,14,0.0060300838867187135,0.2634511668330329,148,618,0.9603208840635926,5264.704571691663,9060.070155113937,12500.0,2.3743022670659526,1.0,0.4956521739130435,0.9632595383890721,0.9665750915750916,regime_easing,1
32,2029,1365,808,4202,509,37,89,89,9,106,13,0.006965088359107676,0.2732975230084718,147,609,0.9583769070008369,5244.2401907828535,9060.070155113937,12500.0,2.3835674082910407,1.0,0.5086633663366337,0.9787747226242162,0.9808590102707749,regime_easing,1
33,2048,1367,818,4233,476,40,85,86,8,53,9,0.008118866234558405,0.2864118738455682,148,611,0.9562105147842443,5226.016020551761,9060.070155113937,12500.0,2.391879387824811,1.0,0.5256723716381418,0.9817833173537871,0.9841897233201581,regime_easing,1
34,1997,1337,797,4131,575,21,48,48,9,147,9,0.009678652414992581,0.3073241113273483,146,589,0.9531207359101497,5202.231031075078,9052.540502214755,12500.0,2.4028152393333415,1.0,0.5269761606022585,0.9518589132507149,0.9544824399260629,regime_easing,1
35,2017,1351,801,4169,529,39,80,80,8,39,13,0.011182480436308245,0.3200010760381367,148,586,0.950365052059876,5180.894751582443,9050.137932223646,12500.0,2.412710660872241,1.0,0.5380774032459426,0.9632282712511939,0.9641535615171137,regime_easing,1
36,2029,1356,800,4185,507,40,83,83,8,63,10,0.013055434849362968,0.3371533729204478,146,586,0.9473896913266479,5160.756146993893,9050.137932223646,12500.0,2.4221256815788843,1.0,0.54625,0.9689589302769819,0.9683017121702915,regime_easing,1
37,2041,1360,799,4200,486,38,77,77,9,58,11,0.0151524019982249,0.35365267165848896,147,581,0.9442784869846137,5141.981191878802,9050.137932223646,12500.0,2.4309696075400637,1.0,0.5431789737171464,0.9654683065279092,0.9621993127147767,regime_easing,1
38,2058,1376,816,4250,436,37,93,105,9,42,8,0.017454883122795823,0.3687665678216659,148,588,0.9413391688852601,5124.815672576559,9050.137932223646,12500.0,2.439112116146703,1.0,0.5343137254901961,0.9865771812080537,0.9853929979132854,regime_easing,1
39,2062,1381,814,4257,425,27,63,68,9,53,10,0.020164579776268766,0.3862633951286762,148,585,0.9378775031008978,5108.223258167545,9050.137932223646,12500.0,2.447034784553266,1.0,0.538083538083538,0.9805040418449834,0.9799723756906077,regime_easing,1
40,2081,1386,821,4288,388,43,88,93,10,55,14,0.02304611587828462,0.40096799778397113,149,585,0.9343573030899336,5094.063696232151,9050.137932223646,12500.0,2.453836611671284,1.0,0.5298416565164433,0.9829948039678791,0.9807868252516011,regime_easing,1
41,2077,1383,820,4280,391,30,64,69,10,67,10,0.026320880987030667,0.41669695043148725,148,583,0.9305260693716507,5079.428840480268,9050.137932223646,12500.0,2.4609066083142737,1.0,0.5219512195121951,0.9862298195631529,0.9823272894193252,regime_easing,1
42,2071,1378,819,4268,398,28,61,64,10,69,11,0.03000020522043961,0.4329814933492998,148,578,0.9262991154539786,5064.203210342982,9050.137932223646,12500.0,2.4683053741742356,1.0,0.5018315018315018,1.01123046875,1.0068412361405992,regime_easing,1
43,2088,1385,819,4292,367,50,96,103,10,67,12,0.03386264162813273,0.44640493030192996,149,576,0.9218826776739569,5050.993343614756,9050.137932223646,12500.0,2.474760735094207,1.0,0.525030525030525,1.008695652173913,1.0006994637444626,regime_easing,1
44,2095,1394,825,4314,342,39,92,101,10,66,9,0.038096816377126315,0.4596330980507687,148,571,0.9173786282965448,5038.461340188056,9050.137932223646,12500.0,2.480916128163335,1.0,0.5236363636363637,1.006243996157541,1.0011603620329543,regime_easing,1
45,2100,1398,835,4333,321,30,71,83,10,50,10,0.04303043551256128,0.4760697628761469,148,566,0.9123068080768627,5026.483743267177,9050.137932223646,12500.0,2.4868278976816294,1.0,0.5053892215568863,1.0130246020260492,1.0135672514619882,regime_easing,1
46,2095,1405,836,4336,318,28,68,72,10,62,7,0.04807122205082559,0.4886628459427194,149,559,0.9071122325737955,5013.740251287359,9050.137932223646,12500.0,2.4931487020673684,1.0,0.5131578947368421,1.0086663456909004,1.0088413215449046,regime_easing,1
47,2095,1406,835,4336,315,32,50,66,10,46,9,0.05389511518665016,0.5043739908380112,149,554,0.9011113937619424,5001.754865557596,9050.137932223646,12500.0,2.4991228750684686,1.0,0.5053892215568863,1.0067275348390197,1.0104870659519924,regime_easing,1
48,2094,1409,840,4343,311,26,59,61,10,52,7,0.06075703053412728,0.5244645330993367,148,547,0.8942699464565583,4989.512633598802,9050.137932223646,12500.0,2.5052547048035203,1.0,0.4857142857142857,1.005763688760807,1.0092958401115502,regime_easing,1
49,2112,1420,845,4377,274,62,80,112,9,45,11,0.06799173743584731,0.5423913649338895,148,545,0.8871690707624665,4981.471527488159,9050.137932223646,12500.0,2.5092986943765507,1.0,0.5112426035502958,1.013922227556409,1.016960966542751,regime_easing,1
50,2097,1407,838,4342,311,29,54,54,11,86,6,0.07462583426769172,0.5511697704377819,148,537,0.880497283570396,4971.412465435589,9050.137932223646,12500.0,2.5143759619439994,1.0,0.5059665871121718,1.010115606936416,1.0109429569266588,regime_easing,1
51,2095,1411,843,4349,305,27,65,65,11,56,8,0.08286472222309257,0.5676626791658698,148,532,0.8725179317034237,4960.890649023616,9050.137932223646,12500.0,2.5197088354407096,1.0,0.5029655990510083,1.01158860453887,1.0137529137529138,regime_easing,1
52,2086,1414,839,4339,319,24,57,58,10,65,4,0.09122618016215814,0.5806776057858956,149,527,0.8642945832445613,4948.912368133495,9050.137932223646,12500.0,2.5258075047941153,1.0,0.4827175208581645,1.0087040618955512,1.013785046728972,regime_easing,1
53,2082,1417,837,4336,323,40,86,87,10,84,4,0.09871954055186094,0.5848914488878392,152,523,0.8567786804078911,4936.010951730699,9050.137932223646,12500.0,2.532409292085781,1.0,0.4958183990442055,1.006769825918762,1.0140318054256314,regime_easing,1
54,2097,1437,858,4392,268,79,105,163,10,49,9,0.10947464519413089,0.6047876414684279,152,519,0.8468069609949073,4927.787745324857,9050.137932223646,12500.0,2.5366352298471324,1.0,0.5431235431235432,1.0096292729898892,1.0232991612301958,regime_easing,1
55,2085,1432,857,4374,290,35,57,73,12,72,5,0.12035286919830228,0.6210579982853004,153,514,0.8364394169677064,4918.419945778541,9050.137932223646,12500.0,2.5414665965497107,1.0,0.5262543757292882,1.0048192771084337,1.020293911826452,regime_easing,1
56,2069,1435,857,4361,311,38,89,90,12,102,4,0.13255016474785744,0.6400740644027099,152,504,0.8248902474694306,4906.679602720785,9050.137932223646,12500.0,2.5475476314101844,1.0,0.5250875145857643,0.9847691575440266,1.0048387096774194,regime_easing,1
57,2042,1429,850,4321,356,25,59,59,11,95,2,0.14482563694403416,0.6556717260300099,153,498,0.8130506099631568,4891.376367638968,9050.137932223646,12500.0,2.555517927980189,1.0,0.5235294117647059,0.9733079122974261,0.9983826247689463,regime_easing,1
58,2043,1442,862,4347,336,51,87,115,11,59,3,0.15697828007259385,0.6676153137465028,155,498,0.8015526712433495,4876.931038694841,9050.137932223646,12504.002320185615,2.563907961989949,1.0,0.54292343387471,0.9761108456760631,1.0043900184842884,regime_easing,1
59,2028,1449,858,4335,345,33,79,89,11,84,7,0.1701934169509878,0.6813566302701017,155,494,0.7888723030158107,4861.250779405873,9050.137932223646,12504.002320185615,2.5721780026567185,1.0,0.5466200466200466,0.9792370835345244,1.0145097121460331,regime_easing,1
60,2006,1445,865,4316,366,38,73,97,10,91,7,0.18132160309284653,0.6848160919418612,155,497,0.7785385133221401,4844.061462509346,9050.137932223646,12522.360797580568,2.5850953573767557,1.0,0.5560693641618497,0.9648869648869649,1.0048894062863796,regime_easing,1
61,2037,1487,887,4411,276,101,116,206,10,17,1,0.1954862590023089,0.6981191875391582,156,500,0.7661298601924809,4834.536693148562,9062.468516924846,12539.669043733707,2.5937685117799916,1.0,0.5862457722660653,0.9723150357995227,1.0217743803567292,regime_easing,1
62,2051,1522,912,4485,210,109,140,240,13,65,4,0.20703613530641934,0.7007929441155827,158,501,0.757991947759545,4831.423431129445,9062.468516924846,12652.086076739812,2.618707769478637,1.0,0.6578947368421053,0.9804015296367112,1.0403618649965205,regime_easing,1
63,2098,1578,938,4614,92,146,156,285,16,23,1,0.2239260423041291,0.7202075581940983,157,509,0.7445384225996564,4831.423431129445,9073.058625888856,12734.68882208518,2.635804748562099,1.0,0.7665245202558635,1.0279274865262127,1.0951815808212675,regime_easing,1
64,2115,1647,976,4738,0,140,148,347,37,19,0,0.2372037991028691,0.7267606873903134,160,517,0.7379512024465807,4878.869608275808,9104.492063969805,12839.697813519751,2.631695217215961,1.0,0.8555327868852459,1.0501489572989076,1.1403128760529482,regime_easing,1
65,2064,1703,1004,4771,0,52,64,325,40,24,0,0.2541519860026307,0.7437089485582533,161,511,0.728893642613265,4937.416043575117,9123.706124144737,12980.269485199242,2.628960041171738,1.0,0.8436254980079682,1.0102790014684289,1.1313730139909888,regime_easing,1
66,2025,1749,1031,4805,0,58,87,367,39,48,0,0.27056308467278506,0.758129243181169,160,515,0.7198578889302342,4996.665036098018,9162.84051141937,13092.79872735124,2.620307471636248,1.0,0.8011639185257032,0.9970457902511078,1.1475997133986147,regime_easing,1
67,1987,1790,1063,4840,0,56,90,395,37,53,0,0.28895629523359956,0.7772964556641629,159,511,0.7083589863750607,5056.625016531195,9195.703883532953,13202.098347206851,2.6108517645754534,1.0,0.7968015051740357,0.983176645225136,1.158726358630596,regime_easing,1
68,1900,1860,1113,4873,0,45,53,488,39,14,0,0.30553059098120167,0.7910068222147816,160,510,0.699299923409318,5117.3045167295695,9241.583524414236,13306.173109918795,2.600230857166708,1.0,0.7672955974842768,0.95,1.1813333333333333,regime_easing,1
69,1832,1924,1152,4908,0,44,51,492,39,12,0,0.3156225021723227,0.7883540050458504,164,512,0.697481083200631,5178.712170930325,9323.970032008183,13441.26772857644,2.595484607935219,1.0,0.7578125,0.9173760640961443,1.1878025169409487,regime_easing,1
70,1752,1999,1192,4943,0,48,68,533,38,30,0,0.3352979675700678,0.8098890823298434,164,508,0.6862686177167097,5240.856716981489,9398.608435435994,13602.562941319358,2.595484607935219,1.0,0.7298657718120806,0.874251497005988,1.193384838242395,regime_easing,1
71,1660,2077,1243,4980,0,42,57,549,39,18,0,0.35464234511967413,0.8302142855818756,164,507,0.6746094820501316,5303.746997585266,9465.787896597516,13750.451143724016,2.592591831771846,1.0,0.7071600965406275,0.8250497017892644,1.1976911976911977,regime_easing,1
72,1544,2169,1303,5016,0,44,59,583,38,21,0,0.36944257647404066,0.8399649940300428,164,511,0.6680165337636411,5367.39196155629,9547.231203986314,13912.902751480338,2.5921160316091867,1.0,0.6792018419033001,0.7636003956478734,1.2,regime_easing,1
73,1548,2192,1306,5046,0,54,125,446,37,88,0,0.3853308265115515,0.8525427699276967,164,512,0.6564729112695518,5431.800665094966,9597.82456058554,14023.566789598544,2.5817528392959477,1.0,0.6416539050535988,0.7633136094674556,1.2031473533619457,regime_easing,1
74,1518,2232,1330,5080,0,60,113,464,39,74,0,0.39915473375959803,0.8609722265906915,165,514,0.6463400976548821,5496.982273076105,9630.230118779346,14111.504043000989,2.5671365381908364,1.0,0.5932330827067669,0.7488899851998027,1.2126999283838624,regime_easing,1
75,1480,2270,1367,5117,0,41,60,458,39,21,0,0.41543229189705094,0.8750961947071783,166,518,0.6351625376970486,5562.946060353019,9712.787069489234,14207.156710493635,2.5538907903040253,1.0,0.5003657644476956,0.7283464566929134,1.217174119885823,regime_easing,1
76,1476,2297,1377,5150,0,45,100,423,39,61,0,0.42701462326259176,0.879823566315326,167,515,0.627149829958169,5629.701413077255,9761.016955999723,14302.552041608538,2.5405525075246596,1.0,0.4277414669571532,0.7253071253071253,1.2241502258141193,regime_easing,1
77,1472,2317,1393,5182,1,55,125,410,37,89,0,0.4410200197548408,0.8901199106134193,167,515,0.6155183697527655,5697.257830034182,9787.835529129588,14376.621395828324,2.523428257018529,1.0,0.42498205312275666,0.7183992191312836,1.2201554038144573,regime_easing,1
78,1474,2331,1412,5217,0,47,80,387,38,41,0,0.45248578655123917,0.895831946404832,169,515,0.6088004165268008,5765.624923994592,9873.234499095885,14500.594301009347,2.5150082588034386,1.0,0.4114730878186969,0.7169260700389105,1.2240732050680432,regime_easing,1
79,1459,2363,1428,5250,3,49,94,419,42,55,0,0.4686158056798196,0.9112164629214632,169,513,0.596138998775002,5834.812423082527,9962.122857425873,14573.1378904256,2.4976189179234356,1.0,0.4019607843137255,0.7099756690997567,1.2382075471698113,regime_easing,1
80,1445,2391,1450,5286,1,49,90,430,41,47,0,0.48084936587222166,0.919410667112015,169,513,0.5879104282635268,5904.830172159517,10081.668331714984,14624.3951340402,2.476683445189036,1.0,0.3986206896551724,0.7004362578768784,1.2405538605961042,regime_easing,1
81,1459,2404,1456,5319,4,46,98,382,41,60,0,0.49160434254552365,0.9253149440938601,169,513,0.5813312658012967,5975.688134225431,10202.648351695563,14705.632845471599,2.460910361309835,1.0,0.3983516483516483,0.7096303501945526,1.2550731477111845,regime_easing,1
82,1467,2417,1472,5356,0,48,90,412,41,45,0,0.5019040603485838,0.9309220752485591,170,517,0.5747027908192999,6047.396391836136,10325.08013191591,14756.143497419087,2.4400820685972535,1.0,0.39402173913043476,0.7142161635832522,1.2635055437603209,regime_easing,1
83,1485,2429,1478,5392,4,46,92,392,43,53,0,0.5109307611876321,0.934737345763675,171,520,0.5693909083676358,6119.96514853817,10448.981093498902,14816.485940787423,2.421008221644289,1.0,0.395128552097429,0.7201745877788555,1.2702002355712603,regime_easing,1
84,1506,2442,1490,5438,1,50,94,378,43,48,0,0.5164033269244904,0.9326980821743799,173,526,0.5675355274088467,6193.404730320628,10574.36886662089,14846.51667068083,2.3971494383368412,1.0,0.3959731543624161,0.7321341759844434,1.2807348092322186,regime_easing,1
85,1530,2458,1493,5481,1,47,94,353,44,50,0,0.5212649074885027,0.9302515026797286,175,526,0.5658654421945312,6267.725587084476,10701.26129302034,14846.655887849878,2.368746953191998,1.0,0.39048894842598797,0.7615729218516675,1.317548076923077,regime_easing,1
86,1569,2460,1492,5521,5,64,141,344,47,98,0,0.5323429109352464,0.9394341408242,174,533,0.5550606822196907,6342.93829412949,10745.110363684424,14846.815101317843,2.3406841455574074,1.0,0.39343163538873993,0.7904282115869018,1.343635921148698,regime_easing,1
87,1582,2479,1504,5565,11,57,82,392,55,33,0,0.5367097274752487,0.9372814801330158,176,539,0.5543260032008105,6419.053553659044,10874.051688048638,14876.350786678975,2.317530249953909,1.0,0.4009308510638298,0.8075548749361919,1.3747529644268774,regime_easing,1
88,1631,2492,1514,5637,0,71,124,362,66,47,0,0.5442241278151512,0.9411697587637415,177,533,0.5491280155673421,6496.082196302953,10991.938277295956,14876.350786678975,2.2900496541046533,1.0,0.4154557463672391,0.827079107505071,1.385012285012285,regime_easing,1
89,1668,2516,1515,5699,1,80,137,340,68,70,0,0.5479674020026073,0.9390547586377752,177,537,0.5469549233025528,6574.035182658588,11048.593068861925,14876.350786678975,2.262894915123175,1.0,0.4316831683168317,0.8403022670025189,1.3927174975562073,regime_easing,1
90,1710,2532,1520,5762,2,76,118,331,68,51,0,0.5494186696037237,0.9335890311789975,180,548,0.5479553610312683,6652.923604850492,11105.04038321374,14915.107595307429,2.24188769948195,1.0,0.4493421052631579,0.8597285067873304,1.4016054487959133,regime_easing,1
91,1758,2538,1529,5825,2,77,123,336,68,55,0,0.5603646207575814,0.9447001422901085,180,549,0.5385683906468806,6732.758688108698,11205.344538353533,14943.806252302453,2.2195665914324225,1.0,0.4650098103335513,0.8728897715988083,1.3995675156174916,regime_easing,1
92,1818,2545,1524,5887,4,91,152,293,68,86,0,0.5635761881542469,0.9431640457397028,181,552,0.5376765540474818,6813.551792366003,11284.200224279628,14962.946875533748,2.196056819043841,1.0,0.4940944881889764,0.907185628742515,1.424389063634164,regime_easing,1
93,1846,2566,1544,5956,1,84,141,329,68,70,0,0.570885340821552,0.9489023635157776,182,561,0.5309978475197871,6895.314413874395,11314.402830335885,14991.167148397448,2.174109293440339,1.0,0.5123056994818653,0.9304435483870968,1.4502069637204773,regime_easing,1
94,1875,2592,1551,6018,1,83,127,331,68,59,0,0.5770009522717295,0.9530175343584298,183,567,0.5266688592254902,6978.058186840887,11379.076515650026,15038.50869365396,2.1551136850669064,1.0,0.5325596389426177,0.940320962888666,1.4610342316096139,regime_easing,1
95,1929,2594,1556,6079,5,83,143,283,68,79,0,0.5734893238050424,0.9416785418687775,186,571,0.5327768886781622,7061.794885082978,11417.732036951456,15038.50869365396,2.1295589773388404,1.0,0.5546272493573264,0.9582712369597616,1.461649434960327,regime_easing,1
96,1958,2619,1570,6147,1,83,122,314,68,50,0,0.5772624652610343,0.9427422453240744,188,575,0.5307864930107267,7146.536423703974,11460.290227155625,15085.061019928582,2.11082126019728,1.0,0.5707006369426751,0.9707486365889936,1.4723353293413173,regime_easing,1
97,2027,2596,1560,6183,32,104,180,244,68,143,0,0.5798943254682922,0.9422989829127267,188,580,0.5288354411684156,7232.294860788422,11460.290227155625,15085.061019928582,2.0857917590882207,1.0,0.610897435897436,1.0039623576027736,1.480603448275862,regime_easing,1
98,2082,2622,1572,6276,2,83,162,254,68,64,0,0.5806313263262802,0.9391337745560401,190,583,0.529466998058457,7319.082399117883,11467.965387200968,15093.275277074294,2.0621813574463075,1.0,0.6183206106870229,1.0306930693069307,1.503593675131768,regime_easing,1
99,2140,2622,1570,6332,10,102,175,236,68,115,0,0.5907439169583512,0.9514144763104259,190,585,0.519433852003067,7406.9113879072975,11484.393182011923,15149.610686707198,2.0453344036815153,1.0,0.6477707006369426,1.0604558969276512,1.5177372962607862,regime_easing,1
100,2202,2604,1563,6369,28,111,209,221,62,165,0,0.5943213223483906,0.953414051478085,191,601,0.5150595004148861,7406.9113879072975,11484.393182011923,15149.610686707198,2.0453344036815153,1.0,0.6762635956493922,1.0874074074074074,1.5207736389684814,regime_easing,1
101,2229,2634,1583,6446,0,72,133,243,54,51,0,0.6013535629662765,0.9612058261531254,192,605,0.5093319857065477,7495.7943245621855,11522.465209827158,15234.153744702377,2.032360158920472,1.0,0.6626658243840808,1.0878477306002927,1.5260416666666667,regime_easing,1
102,2239,2646,1594,6479,12,84,140,276,54,98,0,0.5967598812122569,0.9506915484858124,195,610,0.5185335691659273,7585.743856456932,11586.513742822675,15327.928849183569,2.0206230449155678,1.0,0.6631116687578419,1.086893203883495,1.5223214285714286,regime_easing,1
103,2280,2657,1602,6539,1,88,154,228,53,90,0,0.593228089861199,0.9421793869767681,198,612,0.525316626255294,7650.422304075144,11633.11272131564,15373.816955775756,2.0095383424241295,1.0,0.6666666666666666,1.108410306271269,1.5317404544389788,regime_easing,1
104,2307,2655,1595,6557,25,74,133,173,52,105,0,0.6014187759011254,0.9525124776484681,198,615,0.5158189515676403,7650.422304075144,11658.043949708966,15400.901862136716,2.0130786576230086,1.0,0.6589341692789968,1.1248171623598244,1.5453688427999057,regime_easing,1
105,2329,2659,1603,6591,40,66,150,173,53,112,0,0.609926788596638,0.9635075029305952,196,618,0.5052055958269646,7650.422304075144,11665.418462654967,15400.901862136716,2.0130786576230086,1.0,0.6444167186525265,1.1327821011673151,1.5468199953062662,regime_easing,1
106,2360,2685,1616,6661,19,101,157,229,53,83,0,0.6115742750199793,0.9638392533897188,196,621,0.5038037648182558,7650.422304075144,11685.534249426697,15436.81188578556,2.017772519245486,1.0,0.6503712871287128,1.1473018959649977,1.5658204043253408,regime_easing,1
107,2372,2710,1615,6697,26,79,132,198,53,86,0,0.6193807953606677,0.974043335022372,196,622,0.49488258400983137,7650.422304075144,11718.219249283027,15472.84704418148,2.022482737448307,1.0,0.648297213622291,1.1458937198067634,1.5676498127340823,regime_easing,1
108,2385,2717,1618,6720,51,60,115,163,53,87,0,0.623918778781472,0.9792512368750501,197,622,0.490740207651241,7650.422304075144,11763.789622705155,15556.656705179756,2.033437643944597,1.0,0.6328800988875154,1.1572052401746724,1.5726655745377955,regime_easing,1
109,2370,2711,1621,6702,121,42,128,153,54,144,0,0.6298582270108152,0.9867984370631883,196,619,0.4837960856238309,7650.422304075144,11766.297726874067,15621.512896428123,2.04191510945834,1.0,0.5934608266502159,1.1583577712609971,1.5817795610101486,regime_easing,1
110,2384,2718,1625,6727,140,57,123,166,44,98,0,0.6302401678281274,0.9857786664268534,196,614,0.4845168564308997,7650.422304075144,11803.3715214778,15686.40225769021,2.050396910682244,1.0,0.576,1.1772839506172839,1.6043405676126878,regime_easing,1
111,2361,2705,1619,6685,218,22,97,97,39,136,0,0.630367062063101,0.9845031562227717,196,613,0.48422812473503607,7650.422304075144,11803.3715214778,15686.40225769021,2.050396910682244,1.0,0.5287214329833231,1.161337924249877,1.5844986963735483,regime_easing,1
112,2350,2700,1619,6669,257,36,109,111,28,120,0,0.6342260237898971,0.9891800269710711,196,614,0.47915498351951724,7646.383923261383,11803.3715214778,15686.40225769021,2.051479812564728,1.0,0.4823965410747375,1.1424404472532814,1.5684383819379115,regime_easing,1
113,2334,2688,1604,6626,320,30,94,94,24,133,0,0.6369252637560533,0.9921562174472616,196,618,0.47551013008925436,7636.802488191897,11803.3715214778,15686.40225769021,2.054053680443443,1.0,0.4607231920199501,1.130813953488372,1.5575928537846733,regime_easing,1
114,2334,2685,1605,6624,339,34,93,93,22,90,0,0.6299176859381587,0.9801304118241034,199,614,0.48411485910308,7624.374535853699,11803.3715214778,15686.40225769021,2.057401847708916,1.0,0.4292834890965732,1.1324599708879184,1.5549295774647887,regime_easing,1
115,2343,2696,1606,6645,332,37,104,105,21,76,0,0.6303628771372013,0.9798130930983163,200,615,0.4832721199608631,7610.581061589665,11803.3715214778,15686.40225769021,2.0611306982667763,1.0,0.3972602739726027,1.1248199711953912,1.5453488372093023,regime_easing,1
116,2315,2669,1592,6576,419,37,111,111,21,177,0,0.6277738587758681,0.9748743718592965,199,612,0.4861479265002385,7590.181742142396,11803.3715214778,15686.40225769021,2.0666701787383794,1.0,0.37751256281407036,1.1199806482825352,1.541490857946554,regime_easing,1
117,2313,2657,1591,6561,451,50,137,137,19,150,0,0.6193856140045321,0.9610281923714759,201,616,0.496333215894588,7567.233500353444,11803.3715214778,15686.40225769021,2.072937521613089,1.0,0.36769327467001883,1.1959669079627715,1.64518555667001,regime_easing,1
118,2324,2665,1596,6585,440,49,135,136,19,105,0,0.6220055419453497,0.9643449419568821,201,614,0.4925827978032353,7543.6103286143325,11803.3715214778,15686.40225769021,2.079429023287263,1.0,0.33395989974937346,1.211047420531527,1.6591080876795163,regime_easing,1
119,2327,2679,1601,6607,432,41,136,147,18,111,1,0.6220257150182038,0.9636963696369638,202,621,0.49209427521696386,7518.459428318123,11803.3715214778,15686.40225769021,2.086385170691711,1.0,0.30918176139912557,1.2107180020811654,1.665070564516129,regime_easing,1
120,2345,2693,1614,6652,403,52,137,152,18,90,0,0.6292700558512213,0.9742951907131011,201,622,0.4824870889893444,7493.753962364232,11803.3715214778,15686.40225769021,2.0932635814401954,1.0,0.3017348203221809,1.229035639412998,1.6870403246259194,regime_easing,1
121,2350,2688,1614,6652,411,53,108,138,18,102,4,0.6318518170093443,0.9777227722772277,202,621,0.47880023053528,7469.9290682069195,11803.3715214778,15686.40225769021,2.099939921043396,1.0,0.30855018587360594,1.2201453790238836,1.6700979161436103,regime_easing,1
122,2337,2681,1602,6620,447,45,128,128,18,156,10,0.6374761522994732,0.9859038142620233,201,613,0.47125399570817245,7443.485736454568,11803.3715214778,15686.40225769021,2.107400055979936,1.0,0.30337078651685395,1.2033985581874356,1.6488169364881693,regime_easing,1
123,2347,2727,1629,6703,374,84,148,210,17,62,4,0.6388555996442428,0.9875621890547264,201,622,0.4691121322622369,7422.222543744181,11803.3715214778,15686.40225769021,2.113437338376696,1.0,0.336402701043585,1.2073045267489713,1.6632754342431761,regime_easing,1
124,2349,2691,1609,6649,432,61,130,130,19,179,10,0.6353782928686297,0.9817578772802654,201,621,0.4731247680254575,7400.236011298733,11803.3715214778,15686.40225769021,2.119716483871609,1.0,0.35612181479179617,1.1966377992868058,1.6409180651530109,regime_easing,1
125,2362,2719,1627,6708,382,55,135,155,19,71,5,0.6388515687163816,0.9867330016583747,201,631,0.46836885211648605,7379.374651281506,11803.3715214778,15686.40225769021,2.125708884419644,1.0,0.36754763368162263,1.1953441295546559,1.640498899486427,regime_easing,1
126,2380,2735,1634,6749,350,71,121,156,19,76,6,0.6380077692058046,0.9850746268656716,201,631,0.4691265875649915,7362.415368663907,11803.3715214778,15686.40225769021,2.130605442944045,1.0,0.38861689106487146,1.209964412811388,1.6614967996061054,regime_easing,1
127,2398,2747,1634,6779,329,61,132,147,21,97,7,0.6345884224141095,0.9794745484400655,203,638,0.4731646209174609,7347.452953565581,11803.3715214778,15686.40225769021,2.1349442258188116,1.0,0.4033047735618115,1.220356234096692,1.6730009871668312,regime_easing,1
128,2397,2762,1641,6800,321,68,123,172,22,97,4,0.6379696003197849,0.98440065681445,203,632,0.46865748593382345,7334.411902382315,11803.3715214778,15686.40225769021,2.1387402925373005,1.0,0.42047531992687387,1.2198473282442748,1.6744644176311254,regime_easing,1
129,2424,2790,1660,6874,261,102,173,243,23,95,5,0.6381914219345929,0.9844771241830065,204,638,0.4682223540108785,7328.101849684176,11803.3715214778,15686.40225769021,2.1405819104938146,1.0,0.4469879518072289,1.2418032786885247,1.704438383337466,regime_easing,1
130,2417,2780,1655,6852,295,34,97,114,27,112,8,0.6383970026087029,0.9845528455284553,205,639,0.467771485487883,7319.009575166975,11803.3715214778,15686.40225769021,2.1432411170649877,1.0,0.43927492447129907,1.2426735218508997,1.7053260328521653,regime_easing,1
131,2421,2787,1663,6871,295,46,107,123,25,86,4,0.6380630662763753,0.9838187702265373,206,633,0.4679828721977318,7309.13930626,11803.3715214778,15686.40225769021,2.146135351977134,1.0,0.4401683704149128,1.2377300613496933,1.7011636543698936,regime_easing,1
132,2416,2792,1662,6870,311,47,137,154,24,131,2,0.6290314450572959,0.9696969696969696,209,639,0.4791030277172038,7296.81619391533,11803.3715214778,15686.40225769021,2.149759818641285,1.0,0.43742478941034896,1.2320244773074962,1.6904527559055118,regime_easing,1
133,2431,2789,1668,6888,311,53,122,137,23,101,2,0.6338034861229035,0.9768740031897928,209,639,0.4728615695132227,7284.622900042054,11803.3715214778,15686.40225769021,2.153358172816283,1.0,0.43585131894484413,1.23463687150838,1.689892051030422,regime_easing,1
134,2438,2807,1671,6916,298,66,124,156,23,92,4,0.631488590729462,0.9731437598736176,211,639,0.4755753184507159,7274.090016930736,11803.3715214778,15686.40225769021,2.1564762356775184,1.0,0.44763614602034707,1.2220551378446116,1.6770126091173618,regime_easing,1
135,2440,2807,1675,6922,308,52,106,134,24,96,4,0.6271774009366693,0.9663536776212833,213,639,0.48076252973560735,7262.774765793289,11803.3715214778,15686.40225769021,2.1598359805361302,1.0,0.4274626865671642,1.22,1.6711733462095606,regime_easing,1
136,2454,2823,1673,6950,289,76,135,177,23,97,4,0.6327740069849824,0.9748427672955976,212,648,0.4735826711075234,7254.278088847702,11803.3715214778,15686.40225769021,2.1623657193133465,1.0,0.43693962940824865,1.2263868065967016,1.6807738814993953,regime_easing,1
137,2460,2826,1679,6965,294,60,150,170,25,131,1,0.6288660261929286,0.9687010954616587,213,648,0.4782931743462722,7244.927427232634,11803.3715214778,15686.40225769021,2.165156575444399,1.0,0.4383561643835616,1.23,1.6860324376664246,regime_easing,1
138,2470,2820,1686,6976,302,54,122,145,24,108,2,0.6262138505933899,0.9645061728395061,216,652,0.4814077997399977,7235.141798574593,11803.3715214778,15686.40225769021,2.1680849794513515,1.0,0.4264531435349941,1.22702434177844,1.6793452094366876,regime_easing,1
139,2485,2841,1695,7021,277,73,131,177,23,84,1,0.6258859512298898,0.9639016897081414,217,659,0.48176667554377783,7227.919759169714,11808.847355221307,15686.40225769021,2.17025130056122,1.0,0.4312684365781711,1.2418790604697652,1.6967133881101981,regime_easing,1
140,2508,2865,1704,7077,234,88,138,206,22,75,2,0.6294359465333551,0.9692780337941629,217,662,0.4773083111707781,7226.2314859412945,11808.847355221307,15691.851993685837,2.171512499179481,1.0,0.44072769953051644,1.2565130260521042,1.7156363636363636,regime_easing,1
141,2515,2880,1716,7111,217,75,137,202,25,97,2,0.6324823802925585,0.9738863287250383,217,665,0.47380382498908,7226.2314859412945,11830.332896937056,15691.851993685837,2.171512499179481,1.0,0.4219114219114219,1.2506215813028345,1.7155609167671895,regime_easing,1
142,2533,2911,1735,7179,171,102,152,234,26,81,1,0.628826305371683,0.9681818181818181,220,670,0.47840401043909314,7226.2314859412945,11830.332896937056,15696.645470087367,2.1721758430553115,1.0,0.4564841498559078,1.2589463220675945,1.7232357177148343,regime_easing,1
143,2554,2920,1737,7211,164,84,182,210,30,145,0,0.632315062014188,0.9734848484848486,220,668,0.47406454131999864,7226.2314859412945,11835.03261822488,15696.645470087367,2.1721758430553115,1.0,0.47783534830166957,1.259990133201776,1.7222354908048723,regime_easing,1
144,2566,2932,1750,7248,151,83,142,199,29,100,0,0.6320229917015501,0.972972972972973,222,677,0.47438232553639426,7226.2314859412945,11835.03261822488,15696.645470087367,2.1721758430553115,1.0,0.4948571428571429,1.2584600294261894,1.7195729537366549,regime_easing,1
145,2573,2945,1759,7277,151,59,108,149,32,78,2,0.6369367340007338,0.9804804804804805,222,676,0.46817016106588444,7226.2314859412945,11835.03261822488,15696.645470087367,2.1721758430553115,1.0,0.49573621375781696,1.2674876847290641,1.7359255725190839,regime_easing,1
146,2578,2953,1768,7299,158,61,137,164,32,113,1,0.6379983364772401,0.9820627802690582,223,680,0.4667928852967381,7226.2314859412945,11835.03261822488,15696.645470087367,2.1721758430553115,1.0,0.49038461538461536,1.2712031558185404,1.7436693741041567,regime_easing,1
147,2598,2982,1775,7355,129,87,135,196,29,77,0,0.6390478054873154,0.9836309523809524,224,686,0.4657893053255683,7226.2314859412945,11855.01961496042,15696.645470087367,2.1721758430553115,1.0,0.508169014084507,1.276031434184676,1.750773625327303,regime_easing,1
148,2565,2958,1755,7278,244,34,103,103,42,176,0,0.6372532919490363,0.9808259587020649,226,678,0.4680236903398495,7226.2314859412945,11855.01961496042,15696.645470087367,2.1721758430553115,1.0,0.49002849002849,1.2666666666666666,1.7357500596231814,regime_easing,1
149,2518,2895,1721,7134,410,31,100,100,28,239,1,0.637757770062045,0.9815634218289085,226,668,0.467250269782416,7219.561516456598,11855.01961496042,15696.645470087367,2.1741826611363746,1.0,0.48285880302149914,1.2691532258064515,1.734922178988327,regime_easing,1
150,2514,2898,1723,7135,425,41,124,124,21,118,0,0.6355110465252846,0.9780701754385965,228,663,0.469903223723498,7209.955959129798,11855.01961496042,15696.645470087367,2.1770792441819387,1.0,0.4747533372025537,1.2658610271903323,1.7368549172346641,regime_easing,1
151,2516,2910,1729,7155,419,36,106,106,21,80,1,0.6388568443901771,0.983187134502924,228,671,0.465502613678637,7198.344724480022,11855.01961496042,15696.645470087367,2.18059096512931,1.0,0.4517061885482938,1.2694248234106962,1.7446964155084126,regime_easing,1
152,2501,2891,1714,7106,483,39,117,117,21,161,1,0.6393049166861396,0.9838472834067546,227,667,0.464686774742481,7182.621360425219,11855.01961496042,15696.645470087367,2.1853644626977955,1.0,0.42707117852975496,1.25678391959799,1.7293745436845949,regime_easing,1
153,2497,2883,1716,7096,509,45,131,131,20,137,0,0.6397994196789919,0.9845814977973568,227,665,0.46375796298628336,7164.242446895446,11855.01961496042,15696.645470087367,2.190970725298298,1.0,0.4090909090909091,1.2491245622811407,1.7169126542463102,regime_easing,1
154,2462,2864,1697,7023,592,23,95,95,20,159,1,0.6430656289718772,0.9895833333333333,224,658,0.4592988422099339,7139.532868210647,11855.01961496042,15696.645470087367,2.198553569236716,1.0,0.3671184443134944,1.2303848075962018,1.6976069615663525,regime_easing,1
155,2494,2879,1721,7094,535,52,138,138,17,65,1,0.6397853460727084,0.9845132743362832,226,667,0.46302751648284424,7117.164458942559,11855.01961496042,15696.645470087367,2.205463364045899,1.0,0.3434049970947124,1.244510978043912,1.714769156393522,regime_easing,1
