month,employed_junior,employed_mid,employed_senior,employed_total,unemployed,junior_hires,hires_total,vacancies_posted,grads,layoffs,exits,ai_task_share,adoption,unit_cost_rel,wage_junior,wage_mid,wage_senior,senior_premium,elasticity,junior_hires_per_senior,seed
0,2176,1462,871,4509,225,35,73,73,27,47,0,0.004930929430670355,0.2091449241149076,1.003688371943881,5833.333333333333,9166.666666666666,12500.0,2.142857142857143,0.3,0.48220436280137774,0
1,2207,1470,874,4551,203,47,92,92,24,46,0,0.005983738983188697,0.22262092048931914,1.0027293832815911,5833.333333333333,9166.666666666666,12500.0,2.142857142857143,0.3,0.562929061784897,0
2,2210,1484,882,4576,199,33,87,87,25,58,0,0.007251696150073561,0.23687829773839517,1.001475916222696,5833.333333333333,9166.666666666666,12500.0,2.142857142857143,0.3,0.5215419501133787,0
3,2204,1483,881,4568,226,26,60,60,22,66,1,0.008824710111582975,0.2533810008164549,0.9999603189514209,5833.333333333333,9166.666666666666,12500.0,2.142857142857143,0.3,0.4801362088535755,0
4,2188,1470,868,4526,283,24,53,53,18,93,1,0.010784547034970315,0.2725491186245993,0.9980402582787847,5832.12711036696,9166.666666666666,12500.0,2.143300336815446,0.3,0.45622119815668205,0
5,2180,1465,864,4509,311,27,60,60,15,76,3,0.013125069302102967,0.29240756899103965,0.9955944621864842,5828.614717280083,9166.666666666666,12500.0,2.14459191528671,0.3,0.4444444444444444,0
6,2156,1458,860,4474,354,17,43,43,14,75,3,0.01590313600980477,0.31288861214012875,0.9924593114074012,5820.997887433952,9166.666666666666,12500.0,2.1473981337434096,0.3,0.4166112956810631,0
7,2158,1453,863,4474,360,34,67,67,12,62,1,0.019105446759807937,0.33263494293400325,0.9888860612234088,5812.343235459401,9166.666666666666,12500.0,2.150595636496683,0.3,0.4223638470451912,0
8,2138,1451,864,4453,386,20,54,54,12,69,1,0.022877990300667134,0.3532886299143476,0.9845337331822054,5800.1456691624,9166.666666666666,12500.0,2.155118287193833,0.3,0.40586419753086417,0
9,2130,1447,871,4448,398,26,64,64,11,67,2,0.027341109368334105,0.3754434722691705,0.9794282293843176,5786.08672360425,9166.666666666666,12500.0,2.1603547608449154,0.3,0.39816303099885186,0
10,2127,1456,875,4458,393,25,60,60,10,49,4,0.03250301116652037,0.3980197719212552,0.9736249505290587,5770.9876576376355,9166.666666666666,12500.0,2.1660070583337374,0.3,0.3914805194805195,0
11,2110,1461,869,4440,416,23,56,59,10,70,1,0.038462345590184355,0.4213332821116712,0.9669294497586687,5753.017834280927,9166.666666666666,12500.0,2.172772683845223,0.3,0.3878020713463751,0
12,2109,1461,866,4436,423,30,66,69,9,66,2,0.045388054354550254,0.44628684333514534,0.9592919497629958,5734.287295470653,9166.666666666666,12500.0,2.179869852330801,0.3,0.3833718244803695,0
13,2091,1458,864,4413,454,22,45,45,9,68,1,0.05320373804504966,0.47128274148106225,0.9506605600010175,5712.7402765422175,9166.666666666666,12500.0,2.188091772932122,0.3,0.35532407407407407,0
14,2068,1464,863,4395,469,18,48,48,8,62,7,0.061903180516890415,0.49591170410579005,0.9410806852002367,5688.427112232444,9166.666666666666,12500.0,2.197443995216162,0.3,0.3383545770567787,0
15,2041,1450,867,4358,506,23,54,55,8,89,6,0.07136408581324241,0.5191530954628159,0.9306268256775925,5660.928076123935,9166.666666666666,12500.0,2.2081184978698425,0.3,0.3333333333333333,0
16,2012,1443,858,4313,546,23,56,57,8,100,12,0.0815057892595194,0.5407184852383614,0.9195531444476552,5632.623435743316,9166.666666666666,12500.0,2.2192145707234596,0.3,0.3356643356643357,0
17,1976,1440,852,4268,588,19,57,57,8,100,9,0.09275256365621072,0.5635975042861276,0.9075121067662577,5604.460318564599,9166.666666666666,12500.0,2.230366402737145,0.3,0.3286384976525822,0
18,1939,1433,848,4220,635,11,34,34,8,81,8,0.10486471626855622,0.5862128516966139,0.8947178267603175,5576.438016971776,9166.666666666666,12500.0,2.2415742741076836,0.3,0.3231132075471698,0
19,1911,1426,845,4182,666,18,47,47,8,82,12,0.1176214854340282,0.6076091782353397,0.8813639670299741,5548.555826886917,9166.666666666666,12500.0,2.2528384664398833,0.3,0.30532544378698223,0
20,1857,1408,830,4095,740,11,29,29,8,111,16,0.13106653256384782,0.628425971984835,0.8674549625895254,5520.813047752483,9166.666666666666,12500.0,2.264159262753651,0.3,0.3,0
21,1817,1396,834,4047,775,17,48,48,8,92,17,0.1449546543284501,0.6478805150172801,0.8532148201642413,5493.20898251372,9166.666666666666,12500.0,2.275536947491107,0.3,0.28776978417266186,0
22,1772,1386,821,3979,825,8,25,25,8,89,22,0.1596024146701127,0.6677631200930523,0.8382626009810815,5465.742937601151,9164.861202908129,12500.0,2.2869718065237254,0.3,0.27161997563946405,0
23,1723,1367,817,3907,888,8,27,27,8,98,16,0.17473926234378728,0.6871344493975219,0.8227376731352206,5438.414222913146,9157.30155533296,12500.0,2.298464127159523,0.3,0.25458996328029376,0
24,1691,1357,811,3859,918,6,30,30,8,77,25,0.1898429682550728,0.7043333007249359,0.8071719194136839,5411.22215179858,9146.721936616026,12500.0,2.3100141981502746,0.3,0.22688039457459927,0
25,1656,1359,803,3818,934,13,42,42,8,78,28,0.20529599797583445,0.721221969970022,0.7914366711884193,5384.166041039587,9136.759082847657,12500.0,2.3216223096987685,0.3,0.21793275217932753,0
26,1627,1359,796,3782,947,14,48,48,8,78,25,0.22096746523667476,0.7375603529881598,0.7755563387218768,5357.245210834389,9127.350216445995,12500.0,2.3332887534660993,0.3,0.21482412060301506,0
27,1582,1339,798,3719,987,5,29,29,8,91,30,0.23682223619686585,0.7534447260290387,0.7594584828275944,5330.458984780216,9112.446445118412,12500.0,2.3450138225789945,0.3,0.19172932330827067,0
28,1545,1335,789,3669,1007,12,35,35,8,82,35,0.25315154473038665,0.769933440667571,0.7429599105794771,5303.806689856315,9097.16222219652,12500.0,2.3567978116371804,0.3,0.17997465145754118,0
29,1507,1322,790,3619,1033,7,30,30,8,79,31,0.2687006030152343,0.7833907519419375,0.7271893172364092,5277.287656407033,9078.508200724942,12500.0,2.3686410167207845,0.3,0.16455696202531644,0
30,1467,1308,778,3553,1077,13,39,39,8,104,29,0.2843904422134081,0.7968399638542581,0.7112078995100977,5250.901218124998,9056.719781043203,12500.0,2.380543735397773,0.3,0.16966580976863754,0
31,1410,1278,765,3453,1141,5,21,21,8,119,42,0.30017104492170255,0.8102199647302982,0.6950328891637042,5224.646712034373,9026.700112670767,12500.0,2.3925062667314303,0.3,0.15555555555555556,0
32,1373,1258,744,3375,1187,8,19,19,8,97,40,0.31603202847038514,0.8235784307510878,0.6783631808558506,5198.5234784742015,8992.78784911786,12487.273276904474,2.402080769397538,0.3,0.15591397849462366,0
33,1331,1246,734,3311,1201,9,31,31,8,91,54,0.3323181442492863,0.8378504723374263,0.6614127340011821,5172.53086108183,8956.647022478952,12469.703091661879,2.410754701433304,0.3,0.14713896457765668,0
34,1292,1228,731,3251,1216,8,31,31,8,90,52,0.3479752068795776,0.8504370170802863,0.6450183369033977,5146.668206776421,8916.221075107223,12450.558608326504,2.4191492647482753,0.3,0.14774281805745554,0
35,1257,1208,711,3176,1240,6,19,19,8,91,56,0.36317397897056924,0.8619511619337424,0.6286299576940659,5120.934865742539,8871.639969731687,12418.269247540076,2.425000429240847,0.3,0.1490857946554149,0
36,1216,1193,704,3113,1272,5,24,24,8,84,36,0.3781250071042399,0.8730219239309845,0.6127371771863517,5095.3301914138265,8827.281769883028,12383.376196525516,2.430338315933445,0.3,0.14914772727272727,0
37,1181,1178,696,3055,1292,3,16,16,8,73,45,0.39261627878670863,0.8832566199718137,0.59724634412172,5069.853540456757,8783.145361033612,12343.153043376113,2.4346172813236895,0.3,0.13649425287356323,0
38,1150,1163,688,3001,1299,5,21,21,7,74,53,0.4071199577151212,0.8937984623877948,0.5817686254036216,5044.504272754473,8739.229634228444,12298.279905711031,2.437956088596144,0.3,0.125,0
39,1119,1142,668,2929,1336,6,14,14,7,82,38,0.4213369303826571,0.9040252004580273,0.5663666181756476,5019.281751390701,8695.533486057302,12241.558471003402,2.438906416762042,0.3,0.13023952095808383,0
40,1084,1127,670,2881,1320,5,33,33,7,80,70,0.4346239800043162,0.9126435607482246,0.552231716590667,4994.1853426337475,8652.055818627015,12187.878096590182,2.44041365316305,0.3,0.11940298507462686,0
41,1063,1111,656,2830,1325,6,24,24,7,74,52,0.44808243247248747,0.9220484717333673,0.5376956765113162,4969.214415920579,8608.79553953388,12126.938706107232,2.44041365316305,0.3,0.12042682926829268,0
42,1037,1105,650,2792,1316,10,32,32,6,67,50,0.4610511753922495,0.9308838983218851,0.5238624622630482,4944.368343840976,8565.75156183621,12066.304012576697,2.4404136531630503,0.3,0.11692307692307692,0
43,1018,1091,643,2752,1291,9,34,34,6,70,67,0.47379442458744686,0.9397244929867448,0.51027608430399,4919.646502121771,8522.92280402703,12005.972492513813,2.4404136531630503,0.3,0.12441679626749612,0
44,983,1071,633,2687,1301,4,20,20,6,83,59,0.4856564745019323,0.9473054138973079,0.4976702964638083,4895.048269611162,8480.308190006896,11945.942630051244,2.4404136531630503,0.3,0.12006319115323855,0
45,965,1060,632,2657,1268,10,36,36,6,66,69,0.4960265573229098,0.9525224640236428,0.48643900214134994,4870.573028263107,8437.90664905686,11886.212916900988,2.4404136531630503,0.3,0.12183544303797468,0
46,950,1055,630,2635,1224,3,14,14,6,36,72,0.5059819818979027,0.9575205042878107,0.4756472865529348,4846.220163121791,8395.717115811576,11826.781852316482,2.44041365316305,0.3,0.11428571428571428,0
47,927,1039,618,2584,1212,4,13,13,5,64,68,0.5156393381029767,0.9625205042878107,0.4651678260263891,4821.989062306182,8353.738530232518,11767.6479430549,2.4404136531630503,0.3,0.11326860841423948,0
48,912,1029,610,2551,1189,5,23,23,5,56,61,0.5247685624727771,0.9670895043352528,0.45522037193734505,4797.879116994651,8311.969837581355,11708.809703339626,2.4404136531630503,0.3,0.11475409836065574,0
49,888,1015,601,2504,1176,5,21,21,4,68,64,0.5333695752361812,0.9712315097402554,0.4458651332099288,4773.889721409678,8270.409988393449,11650.265654822928,2.4404136531630503,0.3,0.11980033277870217,0
50,874,995,591,2460,1155,9,24,24,4,66,67,0.5411130615284665,0.9743538333212215,0.43722849003909864,4750.02027280263,8229.057938451482,11592.014326548813,2.4404136531630503,0.3,0.12859560067681894,0
51,858,995,589,2442,1124,8,33,33,4,50,52,0.5483691091546468,0.977131611098999,0.4291916198074278,4726.270171438617,8187.912648759225,11534.05425491607,2.44041365316305,0.3,0.13242784380305603,0
52,840,995,585,2420,1091,7,30,30,4,50,57,0.5551764839166319,0.9796243619199129,0.42159977648762237,4702.638820581424,8146.9730855154285,11476.383983641488,2.44041365316305,0.3,0.13675213675213677,0
53,837,980,578,2395,1057,13,29,29,3,54,62,0.5612553681798926,0.9813305620458813,0.4145279324722665,4679.125626478517,8106.238220087851,11419.002063723281,2.44041365316305,0.3,0.15051903114186851,0
54,819,971,573,2363,1045,8,21,21,3,52,46,0.5669425334811985,0.9828334046147518,0.4079749633556298,4655.729998346124,8065.707028987412,11361.907053404664,2.4404136531630494,0.3,0.14834205933682373,0
55,812,966,574,2352,993,10,37,37,3,48,66,0.5721382943780101,0.9839445157258631,0.40185774836122246,4632.451348354393,8025.378493842475,11305.097518137642,2.44041365316305,0.3,0.14982578397212543,0
56,804,954,569,2327,963,8,22,22,3,46,57,0.5770797363689008,0.9850556268369742,0.3959541675076632,4609.289091612622,7985.251601373263,11248.572030546953,2.44041365316305,0.3,0.15817223198594024,0
57,803,959,571,2333,907,14,44,44,3,35,50,0.5817796435388862,0.9861667379480851,0.3903263689482383,4586.242646154558,7945.325343366397,11192.329170394218,2.44041365316305,0.3,0.1646234676007005,0
58,798,963,569,2330,863,9,33,33,2,34,47,0.5858875329582415,0.9866666666666667,0.3852229946498344,4563.311432923785,7905.598716649564,11136.367524542247,2.4404136531630503,0.3,0.1757469244288225,0
59,791,959,566,2316,827,9,21,21,2,34,51,0.5894752330119312,0.9866666666666667,0.3805869291684751,4540.4948757591665,7866.0707230663165,11081.510004399583,2.440595201100577,0.3,0.1855123674911661,0
60,793,957,564,2314,790,14,35,35,2,36,40,0.5931407404153536,0.9871506024752066,0.3758964640476264,4517.79240138037,7826.740369450985,11028.629816308412,2.4411546251967473,0.3,0.20212765957446807,0
61,779,947,556,2282,768,7,21,21,2,51,54,0.5966513915080706,0.9877061580307622,0.37140921953498957,4495.203439373468,7787.60666760373,10974.857088683333,2.441459488252435,0.3,0.20863309352517986,0
62,782,946,560,2288,723,14,40,40,2,32,39,0.5999752427472654,0.9882617135863176,0.3671885560908208,4472.727422176601,7748.668634265711,10930.037612428949,2.4437075146220226,0.3,0.21607142857142858,0
63,785,942,554,2281,683,14,38,38,2,43,47,0.6031225862574318,0.9888172691418733,0.36307215531163956,4450.363785065718,7709.925291094382,10885.98624871825,2.446089078211726,0.3,0.2292418772563177,0
64,785,944,555,2284,644,10,29,29,2,25,37,0.606103164381347,0.9893728246974289,0.3592723687846491,4428.111966140389,7673.370540413529,10845.728012987473,2.449289470528176,0.3,0.23423423423423423,0
65,781,936,554,2271,612,14,42,42,2,54,46,0.6089982988576608,0.9900456207802112,0.3556198329154425,4405.971406309687,7637.353784425957,10809.731559767173,2.4534275334349225,0.3,0.2364620938628159,0
66,781,938,553,2272,583,11,31,31,2,29,29,0.6120157596836967,0.9911567318913225,0.35197127336643685,4383.941549278139,7604.7115712761515,10776.597382594842,2.458198235870485,0.3,0.2423146473779385,0
67,773,930,549,2252,576,4,17,17,2,37,29,0.6148949759190538,0.9922678430024336,0.34846421480794415,4362.021841531749,7571.474147918076,10743.812241261878,2.4630349483736484,0.3,0.2331511839708561,0
68,781,925,556,2262,536,17,39,39,2,29,32,0.6176434459332166,0.9933789541135445,0.34517547778432955,4340.21173232409,7539.233881645623,10719.955902269468,2.469915424271056,0.3,0.24640287769784172,0
69,766,918,546,2230,544,6,21,21,2,52,25,0.6202682483629797,0.9944900652246558,0.34198541209193045,4318.510673662469,7507.5938181423235,10692.107876920807,2.4758785342663003,0.3,0.23626373626373626,0
70,763,912,538,2213,537,10,25,25,2,40,24,0.6227760715965539,0.995601176335767,0.33878358997639424,4296.918120294157,7475.175286883727,10660.459237605122,2.48095470734158,0.3,0.241635687732342,0
71,765,914,543,2222,508,9,33,33,2,23,21,0.6251732429559955,0.9967122874468779,0.3358881966143862,4275.4335296926865,7445.880308963859,10635.402016696153,2.4875610725400783,0.3,0.23941068139963168,0
72,763,909,537,2209,495,8,28,28,2,38,25,0.627161441167913,0.9973394627494492,0.3332406364388576,4254.0563620442235,7417.007683187488,10608.994503098782,2.493853771603719,0.3,0.2309124767225326,0
73,763,910,540,2213,469,9,30,30,2,25,23,0.6290040765780672,0.9978950183050047,0.33087886309490455,4232.786080234003,7390.633025269288,10587.500058209767,2.5013076157216183,0.3,0.23333333333333334,0
74,762,916,540,2218,444,11,34,34,2,27,20,0.6307516377625907,0.9984505738605601,0.32866032034682857,4211.622149832833,7367.306555833125,10568.335123570847,2.5093265130610836,0.3,0.22777777777777777,0
75,764,909,538,2211,425,14,27,27,2,33,27,0.6324094169491463,0.9990061294161158,0.32649710082549055,4190.564039083669,7343.70620093393,10552.08958362883,2.5180594987247122,0.3,0.22862453531598512,0
76,755,904,535,2194,420,9,27,27,2,43,23,0.6339824519074563,0.9995616849716714,0.32449582284575934,4169.611218888251,7320.825051822102,10536.358015796997,2.526940154052617,0.3,0.22803738317757008,0
77,749,892,531,2172,419,9,22,22,2,42,23,0.6354010480305753,1.0,0.32255421083432556,4148.76316279381,7295.918863823449,10521.048475458607,2.535948200131446,0.3,0.22033898305084745,0
78,752,897,529,2178,399,12,35,35,2,28,15,0.636465055300723,1.0,0.3208802108745725,4128.0193469798405,7273.737593254698,10504.780635799074,2.54475082426264,0.3,0.22306238185255198,0
79,752,897,531,2180,378,9,28,28,2,24,19,0.6374569676124849,1.0,0.3194362444036455,4107.379250244941,7253.127503288826,10496.691775752428,2.555569168619251,0.3,0.23163841807909605,0
80,752,896,529,2177,363,12,30,30,2,31,18,0.6383810626111629,1.0,0.3180329665959601,4086.8423539937166,7233.739065746186,10489.250627815507,2.566590467470631,0.3,0.22306238185255198,0
81,755,899,532,2186,340,9,35,35,2,25,15,0.6392414168122964,1.0,0.3168191314682782,4067.6422434159826,7216.061265432414,10487.803834625463,2.5783496204960903,0.3,0.2274436090225564,0
82,759,901,539,2199,308,14,39,39,2,25,20,0.6400419134955664,1.0,0.31579292268004455,4051.2906815657902,7201.2771399129915,10487.803834625463,2.588756191291614,0.3,0.23191094619666047,0
83,767,902,539,2208,291,15,39,39,2,29,9,0.640786249554765,1.0,0.31475493958731415,4037.3697093680903,7187.804691878242,10487.803834625463,2.597682300506228,0.3,0.24304267161410018,0
84,768,903,536,2207,282,12,30,30,3,29,11,0.6414779415674212,1.0,0.3138131464395374,4023.9118103368633,7175.956817346836,10487.803834625463,2.606370201176818,0.3,0.251865671641791,0
85,768,900,536,2204,283,13,28,28,3,31,5,0.642120331313748,1.0,0.31294248816999976,4010.6897463905507,7163.383016905821,10487.803834625463,2.614962636804315,0.3,0.2593283582089552,0
86,767,901,534,2202,279,11,29,29,3,29,7,0.6427165909376538,1.0,0.31210851810004636,3997.097964472227,7152.122235319087,10487.803834625463,2.623854588465225,0.3,0.2602996254681648,0
87,769,901,531,2201,273,11,32,32,3,32,9,0.6432697279052954,1.0,0.311295971221267,3984.3766883224926,7141.822047411447,10487.803834625463,2.632232003907505,0.3,0.256120527306968,0
88,764,902,537,2203,260,3,23,23,3,18,11,0.643782589881043,1.0,0.3107117838122771,3971.34501333742,7133.155407349941,10487.803834625463,2.6408694785779323,0.3,0.24208566108007448,0
89,771,911,540,2222,234,14,43,43,3,24,10,0.6442578696081661,1.0,0.3101098776916911,3960.680390211716,7128.328993740988,10487.803834625463,2.6479803471506176,0.3,0.25,0
90,780,911,536,2227,223,15,32,32,4,25,8,0.6446981098528708,1.0,0.30947819847325997,3951.8522069850487,7125.121245693805,10487.803834625463,2.6538957646462262,0.3,0.2574626865671642,0
91,772,901,535,2208,236,8,27,27,4,46,10,0.6451057084459719,1.0,0.30900368018100427,3941.65473908536,7119.641483771916,10487.803834625463,2.660761667080741,0.3,0.2560747663551402,0
92,780,904,534,2218,224,16,36,36,4,22,2,0.6454829234365025,1.0,0.3084446109151433,3932.8689632022806,7115.238171368298,10487.803834625463,2.6667056372216185,0.3,0.2640449438202247,0
93,773,898,539,2210,224,7,31,31,4,35,8,0.6458318783558312,1.0,0.3080853053546826,3922.749558791344,7109.663493324668,10487.803834625463,2.6735848611902995,0.3,0.25788497217068646,0
94,770,892,536,2198,235,10,29,29,4,40,4,0.6461545675789977,1.0,0.30756173894895683,3911.8046032322472,7102.267149851774,10487.803834625463,2.6810653645531266,0.3,0.251865671641791,0
95,775,897,530,2202,231,12,26,26,4,20,2,0.6464528617615606,1.0,0.30698209069033383,3901.41688049391,7096.992408557838,10487.803834625463,2.688203838728901,0.3,0.2490566037735849,0
96,773,899,530,2202,228,11,31,31,4,29,5,0.6467285133248004,1.0,0.30658155548275545,3890.4318854784415,7093.08870393675,10487.803834625463,2.695794231425204,0.3,0.24716981132075472,0
97,772,895,531,2198,231,9,26,26,4,29,4,0.6469831619591153,1.0,0.30617876004131345,3878.886367441492,7088.403097214392,10487.803834625463,2.7038182718260972,0.3,0.2391713747645951,0
98,775,905,535,2215,212,12,38,38,3,20,4,0.6472183401144164,1.0,0.30587118077757036,3868.023755897442,7087.641057936193,10487.803834625463,2.7114114329404186,0.3,0.23925233644859814,0
99,773,900,531,2204,220,9,22,22,3,30,3,0.6474354784468358,1.0,0.3054804772829482,3856.3895665359883,7085.739495701137,10487.803834625463,2.7195913829956138,0.3,0.23728813559322035,0
100,768,888,531,2187,234,8,22,22,3,38,5,0.6476359111927008,1.0,0.3051089510715878,3843.9013918594997,7079.843122448356,10487.803834625463,2.7284268677745542,0.3,0.24670433145009416,0
101,764,885,528,2177,239,10,29,29,3,38,7,0.6478208814431642,1.0,0.3046918327937526,3830.59755497097,7074.173462583188,10487.803834625463,2.737902816498024,0.3,0.24053030303030304,0
102,757,877,518,2152,261,6,18,18,3,40,3,0.6479915462958391,1.0,0.3041454566528664,3815.667172509771,7065.941960128771,10487.803834625463,2.748615998320175,0.3,0.2277992277992278,0
103,755,880,519,2154,253,13,40,40,3,37,8,0.6481489818630284,1.0,0.3037556388257834,3800.9070135589686,7059.455193739144,10487.803834625463,2.7592897687873816,0.3,0.23699421965317918,0
104,759,880,516,2155,248,12,33,33,3,30,5,0.6482941881194754,1.0,0.30327141003810915,3786.8728953550585,7053.955638716684,10487.803834625463,2.7695156728100647,0.3,0.23062015503875968,0
105,756,878,517,2151,252,9,26,26,3,30,3,0.6484280935758762,1.0,0.30292031566498556,3771.9023210835435,7048.390932208696,10487.803834625463,2.780507802655044,0.3,0.23404255319148937,0
106,755,877,518,2150,252,9,22,22,3,22,3,0.648551559767553,1.0,0.3025476968840894,3756.781146483783,7042.467670622,10487.803834625463,2.7916994431367623,0.3,0.23166023166023167,0
107,750,873,512,2135,262,8,26,26,3,40,7,0.6486653855506477,1.0,0.30208739833867276,3741.3762450227823,7035.098827003718,10487.803834625463,2.8031941049974782,0.3,0.2265625,0
108,751,870,515,2136,257,10,24,24,3,23,7,0.6487703112008895,1.0,0.3017079108669503,3726.771455689633,7026.97582629625,10487.803834625463,2.8141795007616617,0.3,0.22330097087378642,0
109,743,864,509,2116,272,11,30,30,3,48,6,0.6488670223124111,1.0,0.30124812709230475,3710.726679815306,7017.335512352736,10487.803834625463,2.8263477047971297,0.3,0.22986247544204322,0
110,744,863,510,2117,271,8,26,26,3,24,2,0.648956153496203,1.0,0.3007998771331042,3694.785531119059,7007.345958286598,10487.803834625463,2.8385419793091393,0.3,0.22156862745098038,0
111,744,863,506,2113,268,10,25,25,3,28,9,0.6490382918796367,1.0,0.3003135230322602,3679.085802700634,6998.992445140063,10487.803834625463,2.850654862935485,0.3,0.22529644268774704,0
112,747,864,508,2119,255,13,37,37,3,29,8,0.6491139804100367,1.0,0.29993190299670813,3664.5931876805357,6991.665716316118,10487.803834625463,2.8619285409040462,0.3,0.234251968503937,0
113,742,870,511,2123,249,8,31,31,3,27,5,0.649183720966566,1.0,0.2997075198864103,3649.4715706442375,6986.529279275827,10487.803834625463,2.8737869665810445,0.3,0.22896281800391388,0
114,748,866,511,2125,239,15,34,34,3,32,11,0.6492479772857499,1.0,0.29930885251422856,3636.3467137031,6981.258355409958,10487.803834625463,2.8841594766262353,0.3,0.2465753424657534,0
115,754,872,511,2137,224,13,33,33,4,19,5,0.649307177706775,1.0,0.2989802165838211,3624.50591125213,6978.512588525404,10487.803834625463,2.893581660900733,0.3,0.2465753424657534,0
116,747,866,507,2120,237,8,23,23,4,37,5,0.6493617177433435,1.0,0.29869129325918037,3611.439588012474,6973.577991757786,10487.803834625463,2.904050747363419,0.3,0.2406311637080868,0
117,753,875,510,2138,217,13,40,40,4,20,4,0.6494119624893138,1.0,0.29845044168123663,3599.3005702353266,6972.59847451366,10487.803834625463,2.913844962367163,0.3,0.24705882352941178,0
118,750,872,514,2136,219,6,25,25,4,25,2,0.6494582488656696,1.0,0.29831090888917927,3586.245480031422,6970.522774338858,10487.803834625463,2.924452297820274,0.3,0.23929961089494164,0
119,751,873,513,2137,214,12,30,30,3,27,5,0.6495008877165351,1.0,0.29804908924337137,3573.612484075746,6969.147686950007,10487.803834625463,2.9347904624129817,0.3,0.2475633528265107,0
0,2169,1453,859,4481,263,23,50,50,27,61,0,0.005156694636928112,0.21872073484074592,1.0037301852294782,5833.333333333333,9166.666666666666,12500.0,2.142857142857143,0.3,0.3213038416763679,1
1,2173,1450,864,4487,275,36,76,76,21,67,0,0.00638763049202515,0.2376474281173434,1.0025416410787436,5833.333333333333,9166.666666666666,12500.0,2.142857142857143,0.3,0.4097222222222222,1
2,2152,1443,849,4444,331,21,51,51,19,88,0,0.007875674115352123,0.2572606793471383,1.0010630776479577,5832.09219858156,9166.666666666666,12500.0,2.143313166935214,0.3,0.37691401648998824,1
3,2147,1443,858,4448,337,27,62,62,15,56,3,0.009674069323905096,0.27776837270172244,0.9991022629618839,5828.877387386576,9166.666666666666,12500.0,2.1444952722885247,0.3,0.3741258741258741,1
4,2147,1448,860,4455,338,30,67,67,14,59,5,0.01186893874784643,0.2999540717144087,0.9967334653875781,5824.547504605558,9166.666666666666,12500.0,2.1460894584714194,0.3,0.3823255813953488,1
5,2144,1453,855,4452,348,27,56,56,14,54,2,0.014457531272586071,0.32209289533819635,0.9939119355066952,5818.527502486704,9166.666666666666,12500.0,2.14830985926556,0.3,0.38362573099415204,1
6,2119,1436,850,4405,400,20,38,38,13,82,5,0.017495614741828404,0.3442200715465219,0.9903946589037962,5808.382751527899,9166.666666666666,12500.0,2.1520620342576198,0.3,0.37109243697478994,1
7,2102,1426,845,4373,438,20,49,49,11,76,0,0.021182384934031014,0.36879542741497917,0.9860872772320248,5795.02709389133,9166.666666666666,12500.0,2.157021839151802,0.3,0.3621301775147929,1
8,2102,1428,850,4380,435,25,64,64,10,55,4,0.0255221038790194,0.3941198065674278,0.981119376169178,5781.071918732835,9166.666666666666,12500.0,2.1622287658272032,0.3,0.3592156862745098,1
9,2100,1436,850,4386,435,24,61,61,10,52,1,0.030466195659918795,0.41835662669341,0.9755324711084992,5765.974243308706,9166.666666666666,12500.0,2.1678903638020914,0.3,0.3571764705882353,1
10,2089,1431,850,4370,457,23,53,53,10,67,2,0.03607231590958808,0.44172814873825,0.9691987320732066,5748.7855606179855,9166.666666666666,12500.0,2.1743722857973973,0.3,0.35422459893048125,1
11,2093,1447,856,4396,433,31,75,75,9,48,6,0.04240523239343758,0.4645253810936281,0.9622071629429071,5731.815883455091,9166.666666666666,12500.0,2.1808097563079962,0.3,0.35864485981308414,1
12,2075,1442,865,4382,450,17,46,46,9,60,6,0.04961570885356467,0.4878560757666215,0.9542474331898618,5712.472771020128,9166.666666666666,12500.0,2.1881942376011994,0.3,0.34797687861271676,1
13,2043,1433,844,4320,507,16,38,38,9,97,11,0.057898035218125955,0.5128651814062593,0.9451425837650403,5689.538355061507,9166.666666666666,12500.0,2.197014805055281,0.3,0.33293838862559244,1
14,2009,1426,851,4286,542,11,44,44,8,77,6,0.06707074454601718,0.5373095040631091,0.9349834439510054,5662.527651412837,9166.666666666666,12500.0,2.2074947390113264,0.3,0.318448883666275,1
15,1976,1414,846,4236,591,9,30,30,8,80,9,0.07724981090219521,0.5619700441303767,0.9238572758334556,5634.215013155773,9166.666666666666,12500.0,2.218587677398318,0.3,0.2990543735224586,1
16,1956,1415,837,4208,612,14,39,39,8,66,14,0.0881894622816898,0.585058716591368,0.9120755337515839,5606.043938089994,9166.666666666666,12500.0,2.2297363591942894,0.3,0.2831541218637993,1
17,1917,1403,829,4149,659,14,47,47,8,101,15,0.0999976159691251,0.6076210141603753,0.8995379003066296,5578.013718399544,9166.666666666666,12500.0,2.240941064516874,0.3,0.27020506634499397,1
18,1884,1400,832,4116,685,17,45,45,8,77,14,0.11274107540041836,0.6302431329196229,0.8862100746363637,5550.123649807546,9166.666666666666,12500.0,2.2522020748913305,0.3,0.265625,1
19,1836,1388,816,4040,749,14,39,39,8,110,15,0.12634845591104973,0.6526909703965282,0.8720389935572047,5522.373031558508,9164.082125603863,12500.0,2.2635196732576186,0.3,0.26348039215686275,1
20,1807,1386,820,4013,773,15,43,43,8,67,8,0.14070948292954363,0.6746611194158689,0.857221950192571,5494.761166400715,9160.894618777567,12500.0,2.2748941439775066,0.3,0.25,1
21,1767,1375,813,3955,814,10,34,34,8,90,23,0.15582998174385446,0.6964882176089369,0.8416476612068258,5467.287360568712,9154.662553354641,12500.0,2.286325772841715,0.3,0.23493234932349324,1
22,1714,1361,802,3877,872,8,26,26,8,102,26,0.17177217678542084,0.7186803843318506,0.8253011910831121,5439.9509237658685,9145.024156980766,12500.0,2.2978148470771003,0.3,0.2194513715710723,1
23,1666,1346,793,3805,929,8,23,23,8,92,20,0.18858366999245382,0.7415753878523564,0.808057104214965,5412.751169147039,9130.865678365202,12500.0,2.30936165535387,0.3,0.19293820933165196,1
24,1623,1342,789,3754,967,10,34,34,8,81,17,0.20589103772280873,0.763872981558869,0.7904543940827923,5385.687413301303,9115.790395837405,12500.0,2.320966487792834,0.3,0.1850443599493029,1
25,1588,1335,790,3713,984,14,47,47,8,84,28,0.22341958536714088,0.7848916446356746,0.7726783806016413,5358.758976234797,9099.697310605787,12500.0,2.3326296359726975,0.3,0.18227848101265823,1
26,1563,1342,800,3705,970,14,56,56,8,61,27,0.24119124812122206,0.8050646818589555,0.7549315009410709,5331.965181353623,9087.088421513166,12500.0,2.3443513929373845,0.3,0.18375,1
27,1526,1327,788,3641,1012,6,23,23,8,85,28,0.2589808391354939,0.8239418330084796,0.7369893041875667,5305.305355446855,9070.232265479115,12500.0,2.3561320532034014,0.3,0.18274111675126903,1
28,1466,1299,777,3542,1081,2,21,21,8,118,36,0.27697415241390183,0.8423873627598777,0.7188265356888653,5278.77882866962,9046.004640401745,12500.0,2.3679719127672376,0.3,0.16988416988416988,1
29,1407,1282,761,3450,1144,5,18,18,8,106,33,0.294843426820904,0.8596095849821,0.700733586479447,5252.384934526272,9017.487957324114,12498.733413751508,2.3796301241349904,0.3,0.1616294349540079,1
30,1370,1262,755,3387,1180,10,33,33,8,95,34,0.31224811148274495,0.8748949927113273,0.6828738627206762,5226.123009853641,8984.30892383392,12493.631273783092,2.3906117881700952,0.3,0.15364238410596026,1
31,1333,1254,746,3333,1205,3,17,17,8,70,36,0.32934047700503893,0.8889539286938388,0.665259453648668,5199.992394804372,8949.095256642517,12482.42175213237,2.400469232340477,0.3,0.14075067024128687,1
32,1280,1232,731,3243,1252,8,21,21,8,110,50,0.3457122017960793,0.9009248651941592,0.6481220557495145,5173.9924328303505,8908.658604001392,12461.239460674205,2.4084378982861177,0.3,0.13406292749658003,1
33,1241,1209,722,3172,1288,6,26,26,8,97,43,0.36145849126406593,0.9113199892233134,0.6313928547636469,5148.122470666199,8864.115310981384,12433.296075216937,2.41511272236847,0.3,0.13019390581717452,1
34,1194,1183,704,3081,1327,3,19,19,8,106,56,0.3765130357957497,0.9201822909319829,0.6152397106193112,5122.381858312868,8819.794734426478,12395.738108806574,2.419916837845684,0.3,0.12642045454545456,1
35,1161,1160,694,3015,1340,5,17,17,8,82,60,0.3903748466679152,0.9265092549551408,0.6001818965210706,5096.769949021304,8775.695760754345,12352.656842536262,2.423624563417514,0.3,0.1239193083573487,1
36,1122,1153,683,2958,1346,3,20,20,8,75,57,0.4038445458559698,0.9324036648415052,0.5855635163853679,5071.286099276197,8731.817281950573,12302.669555510076,2.4259466562665404,0.3,0.11566617862371889,1
37,1089,1129,670,2888,1374,9,30,30,8,98,48,0.4166937275749563,0.9374229069632027,0.5714062104476002,5045.929668779816,8688.15819554082,12244.933476190383,2.426695233576531,0.3,0.11044776119402985,1
38,1069,1118,659,2846,1361,8,31,31,7,67,56,0.4289139307308689,0.9416453419171618,0.5578491507516812,5020.7000204359165,8644.717404563116,12185.375098133907,2.4270271174408715,0.3,0.10318664643399089,1
39,1047,1113,656,2816,1330,7,31,31,7,60,67,0.4408009056446979,0.9457873220978179,0.5448453370080111,4995.596520333737,8601.4938175403,12128.223540368857,2.4277828465535514,0.3,0.10518292682926829,1
40,1028,1106,648,2782,1300,7,27,27,6,57,66,0.45236527965213214,0.949897563352322,0.5321458739150304,4970.618537732069,8558.4863484526,12069.632046213224,2.4281951943389735,0.3,0.11419753086419752,1
41,1005,1086,637,2728,1296,5,18,18,6,71,63,0.4635773911619345,0.9539334597261817,0.5198243384333833,4945.765445043408,8515.693916710336,12009.283885982159,2.4281951943389735,0.3,0.11616954474097331,1
42,981,1077,631,2689,1296,3,21,21,6,59,44,0.47484508884064486,0.9587344550698049,0.5076400683523605,4921.036617818191,8473.115447126784,11949.237466552247,2.4281951943389735,0.3,0.10618066561014262,1
43,957,1074,627,2658,1277,4,25,25,6,55,55,0.4851929213814523,0.9623322867147625,0.496392496015167,4896.4314347291,8430.74986989115,11889.491279219486,2.4281951943389735,0.3,0.10845295055821372,1
44,938,1064,621,2623,1231,8,16,16,5,49,84,0.4950692286776271,0.9656656200480955,0.48559063094698046,4871.9492775554545,8388.596120541693,11830.043822823389,2.4281951943389735,0.3,0.10950080515297907,1
45,919,1051,617,2587,1214,6,23,23,5,58,57,0.5046066975312434,0.968998953381429,0.47519206864029345,4847.589531167677,8346.653139938984,11770.893603709272,2.428195194338974,0.3,0.11021069692058347,1
46,903,1039,613,2555,1168,7,27,27,5,54,78,0.5140140854934935,0.9727204603346524,0.46498046956522365,4823.351583511839,8304.91987423929,11712.039135690726,2.428195194338974,0.3,0.11745513866231648,1
47,891,1025,607,2523,1142,5,16,16,4,46,60,0.5231869826933337,0.9766093492235413,0.4550153279786179,4799.23482559428,8263.395274868093,11653.478940012272,2.4281951943389735,0.3,0.1186161449752883,1
48,879,1021,603,2503,1108,7,20,20,4,38,56,0.5316544343112569,0.979779392524843,0.4457679596260723,4775.2386514663085,8222.078298493752,11595.21154531221,2.4281951943389735,0.3,0.12603648424543948,1
49,864,1005,597,2466,1075,9,24,24,4,57,70,0.5395892692049586,0.9825571703026208,0.43704292605536094,4751.362458208977,8180.9679070012835,11537.235487585649,2.4281951943389735,0.3,0.1273031825795645,1
50,852,998,591,2441,1045,6,17,17,4,42,59,0.5472114874012107,0.9853349480803985,0.42865025948499996,4727.605645917932,8140.063067466277,11479.54931014772,2.4281951943389735,0.3,0.12521150592216582,1
51,844,987,591,2422,999,4,19,19,4,38,69,0.5542206527410948,0.9875583986707064,0.4208643849989242,4703.967617688342,8099.362752128945,11422.629878151572,2.428296877554817,0.3,0.12013536379018612,1
52,831,976,583,2390,974,3,17,17,4,46,58,0.5606174314610415,0.9892250653373731,0.41362267089252786,4680.4477795999,8058.865938368301,11365.516728760815,2.4282968775548173,0.3,0.11492281303602059,1
53,815,968,578,2361,930,8,28,28,3,57,76,0.566639638709467,0.990744724519069,0.4068010319368963,4657.045540701901,8018.57160867646,11308.68914511701,2.4282968775548173,0.3,0.12110726643598616,1
54,816,973,579,2368,871,15,44,44,3,35,53,0.5719414030809519,0.9914992847310012,0.4006170477109124,4633.760312998391,7978.478750633078,11255.517334243536,2.429024501476722,0.3,0.14162348877374784,1
55,808,967,575,2350,846,8,29,29,3,45,44,0.5768542384041673,0.9920548402865569,0.3948544116299448,4610.591511433399,7938.586356879912,11206.064728416091,2.4305047846089076,0.3,0.14956521739130435,1
56,813,973,577,2363,785,11,38,38,3,25,51,0.5815055819628315,0.9926103958421125,0.38939150662681854,4587.538553876232,7898.893425095513,11162.549206988957,2.433232783963675,0.3,0.15424610051993068,1
57,804,972,575,2351,753,8,31,31,2,42,45,0.585908762631083,0.993165951397668,0.3842474728544664,4564.600861106851,7859.398957970035,11121.017957733542,2.4363615343657568,0.3,0.1582608695652174,1
58,805,972,571,2348,732,12,34,34,2,37,26,0.5898462325052566,0.9933333333333333,0.3794185268858319,4541.777856801316,7820.101963180185,11077.747684322774,2.4390773907477303,0.3,0.1681260945709282,1
59,800,959,565,2324,713,5,21,21,2,43,43,0.5934581737755253,0.9933333333333333,0.37487602447786594,4519.06896751731,7781.001453364283,11032.483415594843,2.441317779147743,0.3,0.16991150442477876,1
60,806,963,567,2336,651,12,37,37,2,24,51,0.5968557050314749,0.9933333333333333,0.3706744436436373,4496.473622679723,7744.667850011235,10994.615161708882,2.445163940527359,0.3,0.1781305114638448,1
61,808,964,567,2339,618,11,33,33,2,28,30,0.6000506433475374,0.9933333333333333,0.366769530714533,4473.991254566325,7711.610523170927,10960.417084897274,2.4498074451331697,0.3,0.18165784832451498,1
62,801,961,559,2321,591,9,26,26,2,37,40,0.6032109638333712,0.99359149894646,0.3629485719313511,4451.621298293493,7680.494679837259,10926.811873681521,2.454569052823577,0.3,0.18962432915921287,1
63,790,945,558,2293,592,6,22,22,2,48,27,0.6063734537644239,0.9941470545020157,0.3591746788177949,4429.3631918020255,7645.528217215895,10895.365623745207,2.459804073847595,0.3,0.1935483870967742,1
64,786,938,555,2279,576,8,29,29,2,39,28,0.6093682629282406,0.9947026100575711,0.3555371000655157,4407.216375843015,7611.438235776156,10865.858050074658,2.4654696124367685,0.3,0.2036036036036036,1
65,790,940,560,2290,539,12,37,37,2,25,27,0.6122046469989346,0.9952581656131267,0.35217065114575696,4385.1802939638,7579.3010521139895,10842.900092940643,2.472623556177586,0.3,0.20892857142857144,1
66,774,933,548,2255,539,4,17,17,2,49,34,0.6148913400421973,0.9958137211686824,0.3488407229039767,4363.254392493981,7546.626746237852,10813.471811171808,2.478304228553349,0.3,0.19343065693430658,1
67,778,930,547,2255,508,12,33,33,2,31,31,0.6174365789825689,0.9963692767242378,0.3456722736240657,4341.438120531511,7516.481142378897,10786.240429059097,2.48448558509883,0.3,0.20109689213893966,1
68,780,927,543,2250,488,14,36,36,2,37,23,0.6198481316680939,0.9969248322797934,0.3426517475091559,4319.730929928854,7486.292666486408,10763.169375217298,2.4916295829088986,0.3,0.20810313075506445,1
69,775,925,546,2246,474,10,30,30,2,33,19,0.6221333269923534,0.9974803878353491,0.33991146066473354,4298.132275279209,7456.687781850757,10744.294579003383,2.4997589396676787,0.3,0.21062271062271062,1
70,775,912,541,2228,461,11,25,25,2,39,29,0.624299085729012,0.9980359433909045,0.33713167297531643,4276.641613902813,7425.916106100861,10724.173126839116,2.507615576665626,0.3,0.21072088724584104,1
71,768,912,534,2214,455,8,30,30,2,41,19,0.6263519509564791,0.99859149894646,0.33449171979295467,4255.2584058333,7396.705675956568,10702.583440577177,2.5151430112694433,0.3,0.21910112359550563,1
72,760,908,537,2205,447,8,26,26,2,34,18,0.6282981171853821,0.9991470545020157,0.3321463451149201,4233.982113804133,7369.713220168935,10686.033419164098,2.5238730660491497,0.3,0.21042830540037244,1
73,769,910,538,2217,418,16,31,31,2,19,19,0.6301434575352789,0.9997026100575711,0.3298234247269851,4212.812203235113,7345.267342170326,10672.76922460387,2.533407308402689,0.3,0.21933085501858737,1
74,765,906,530,2201,422,7,20,20,2,34,12,0.6317304574464385,1.0,0.3276685358684543,4191.748142218938,7320.700120325327,10656.36610948686,2.542224806437398,0.3,0.2188679245283019,1
75,763,901,533,2197,404,8,26,26,2,30,24,0.6330385753676682,1.0,0.3258885837582244,4170.789401507843,7297.443675646498,10642.670175862922,2.55171603054696,0.3,0.22138836772983114,1
76,756,898,527,2181,404,8,24,24,2,39,17,0.6342604577979837,1.0,0.32408563305903704,4149.935454500303,7275.007175779501,10624.425598418586,2.5601423720692256,0.3,0.2239089184060721,1
77,764,897,526,2187,377,14,27,27,2,20,22,0.6354010480305753,1.0,0.3223469880395746,4129.185777227802,7254.999152187098,10607.699306767021,2.568956660963963,0.3,0.22813688212927757,1
78,765,899,531,2195,357,10,32,32,2,24,14,0.636465055300723,1.0,0.3208935340758551,4109.622256263849,7236.65817754124,10596.283914619637,2.5784082462734568,0.3,0.23728813559322035,1
79,763,893,527,2183,351,9,23,23,2,34,19,0.6374569676124849,1.0,0.31943043025204015,4090.809913774806,7218.700544285859,10584.51427729028,2.587388439059343,0.3,0.2333965844402277,1
80,761,887,528,2176,346,12,27,27,2,34,14,0.6383810626111629,1.0,0.31810975438582406,4072.56204335157,7199.898018993404,10576.104663206954,2.5969167690084363,0.3,0.22916666666666666,1
81,766,887,521,2174,334,13,28,28,2,28,14,0.6392414168122964,1.0,0.3167104839317026,4056.066605852869,7183.299239324,10564.616825383126,2.604645794065234,0.3,0.2380038387715931,1
82,768,891,523,2182,318,16,42,42,2,33,9,0.6400419134955664,1.0,0.3156012605166045,4039.895591945071,7169.714980366467,10558.270718748434,2.6135008884388,0.3,0.24665391969407266,1
83,762,891,525,2178,312,10,35,35,3,38,12,0.640786249554765,1.0,0.3146516766931635,4023.2032760926386,7157.7297851754065,10554.598276759305,2.623431517735788,0.3,0.24952380952380954,1
84,767,894,525,2186,290,11,29,29,2,18,13,0.6414779415674212,1.0,0.3137273955235574,4008.621942672104,7148.105105564172,10554.598276759305,2.632974230970687,0.3,0.25523809523809526,1
85,766,896,526,2188,282,10,34,34,3,30,7,0.642120331313748,1.0,0.31293516986998404,3994.05964791576,7140.169133162403,10554.598276759305,2.6425740242179567,0.3,0.24334600760456274,1
86,766,895,526,2187,271,9,34,34,3,34,14,0.6427165909376538,1.0,0.3122029808492644,3980.113686037466,7134.47142243998,10554.598276759305,2.6518333669175376,0.3,0.24714828897338403,1
87,767,895,533,2195,260,13,40,40,3,31,5,0.6432697279052954,1.0,0.3115964678552712,3966.625522990339,7128.778258375609,10554.598276759305,2.660850694270343,0.3,0.25328330206378985,1
88,767,894,528,2189,259,10,31,31,3,36,9,0.643782589881043,1.0,0.3108900364502712,3953.3710813095126,7124.36348199225,10554.598276759305,2.669771711200762,0.3,0.25946969696969696,1
89,767,889,529,2185,257,9,31,31,3,34,8,0.6442578696081661,1.0,0.3102789690952019,3940.7255885427344,7118.469953664667,10554.598276759305,2.678338808326503,0.3,0.2495274102079395,1
90,761,894,524,2179,261,10,33,33,3,37,3,0.6446981098528708,1.0,0.3096807389319288,3926.6145399469715,7114.718816903733,10554.598276759305,2.6879639367152763,0.3,0.25190839694656486,1
91,766,899,525,2190,250,15,32,32,3,19,1,0.6451057084459719,1.0,0.3091268547533348,3913.275406682235,7112.779097022827,10554.598276759305,2.697126365994193,0.3,0.26285714285714284,1
92,768,901,526,2195,240,10,33,33,3,26,6,0.6454829234365025,1.0,0.3086492797527826,3900.4168799287986,7111.895432002626,10554.598276759305,2.7060179979920447,0.3,0.2585551330798479,1
93,772,900,534,2206,224,14,38,38,3,26,7,0.6458318783558312,1.0,0.3082964242468623,3888.8417297232572,7111.314869110217,10554.598276759305,2.7140724694677676,0.3,0.2565543071161049,1
94,765,896,525,2186,241,9,18,18,3,38,6,0.6461545675789977,1.0,0.30779933804722653,3875.783545453551,7110.281290081134,10554.598276759305,2.7232166484478397,0.3,0.24761904761904763,1
95,763,888,527,2178,244,10,24,24,3,31,7,0.6464528617615606,1.0,0.30738603612934284,3862.7054825404007,7106.667868441912,10554.598276759305,2.7324367142321764,0.3,0.24667931688804554,1
96,759,880,519,2158,255,9,19,19,3,36,9,0.6467285133248004,1.0,0.306830743862521,3848.991581867489,7101.793470089304,10554.598276759305,2.7421723462534384,0.3,0.2466281310211946,1
97,760,880,531,2171,240,12,42,42,3,27,3,0.6469831619591153,1.0,0.3065472301317074,3835.5416381295095,7096.922415041848,10554.598276759305,2.7517882146904546,0.3,0.2448210922787194,1
98,764,890,524,2178,229,12,39,39,3,28,3,0.6472183401144164,1.0,0.3060354101641233,3822.4486297728176,7096.380441606643,10554.598276759305,2.761213896911573,0.3,0.2538167938931298,1
99,769,888,529,2186,218,13,37,37,3,26,3,0.6474354784468358,1.0,0.305710651652995,3810.28319749677,7095.442077250728,10554.598276759305,2.7700298717148706,0.3,0.2514177693761815,1
100,773,890,525,2188,208,8,25,25,3,20,8,0.6476359111927008,1.0,0.30530706603658087,3799.5548023485107,7095.442077250728,10554.598276759305,2.777851307799401,0.3,0.24952380952380954,1
101,774,897,534,2205,186,11,40,41,4,21,7,0.6478208814431642,1.0,0.30515709933522434,3789.0688801565543,7095.442077250728,10554.598276759305,2.7855387723443066,0.3,0.24906367041198502,1
102,772,892,534,2198,194,6,15,16,4,21,2,0.6479915462958391,1.0,0.3048918064899108,3777.6426011727417,7095.442077250728,10554.598276759305,2.793964223477019,0.3,0.24157303370786518,1
103,770,893,527,2190,201,9,25,25,4,32,4,0.6481489818630284,1.0,0.3045226919262806,3765.649951580142,7095.442077250728,10554.598276759305,2.8028622980026023,0.3,0.2333965844402277,1
104,769,888,527,2184,203,10,28,28,4,31,5,0.6482941881194754,1.0,0.3042531179046899,3753.485938833325,7095.442077250728,10554.598276759305,2.811945601703768,0.3,0.2333965844402277,1
105,761,881,526,2168,214,7,25,25,4,41,9,0.6484280935758762,1.0,0.3040458688401166,3740.4011610353805,7095.442077250728,10554.598276759305,2.821782429839073,0.3,0.22053231939163498,1
106,767,888,528,2183,199,12,34,34,4,19,4,0.648551559767553,1.0,0.3037560380517447,3728.6157629637387,7095.442077250728,10554.598276759305,2.8307015116971574,0.3,0.22537878787878787,1
107,764,884,528,2176,204,10,27,27,4,34,6,0.6486653855506477,1.0,0.30353740638274934,3716.599014737748,7095.442077250728,10554.598276759305,2.839853918839846,0.3,0.22537878787878787,1
108,756,875,523,2154,224,7,23,23,4,45,6,0.6487703112008895,1.0,0.3032567742122388,3702.9562246254186,7094.104716440356,10554.598276759305,2.8503167838088554,0.3,0.2237093690248566,1
109,745,867,512,2124,251,3,16,16,4,45,6,0.6488670223124111,1.0,0.3028528741413015,3687.082857964874,7090.472058411371,10554.598276759305,2.862587764730905,0.3,0.2109375,1
110,750,873,512,2135,239,11,31,31,3,19,3,0.648956153496203,1.0,0.30250248468194124,3672.1365623527213,7089.41444598249,10554.598276759305,2.8742390424600717,0.3,0.208984375,1
111,759,876,519,2154,220,16,47,47,3,28,3,0.6490382918796367,1.0,0.3022629157991278,3659.0992452957776,7089.41444598249,10554.598276759305,2.8844799141014117,0.3,0.2119460500963391,1
112,758,882,520,2160,212,12,41,41,4,34,5,0.6491139804100367,1.0,0.30205979385899195,3645.7302458185513,7089.41444598249,10554.598276759305,2.895057386339771,0.3,0.21923076923076923,1
113,760,882,524,2166,200,9,34,34,4,28,10,0.649183720966566,1.0,0.30188403185774443,3633.8621430835697,7089.41444598249,10554.598276759305,2.90451257124549,0.3,0.21374045801526717,1
114,762,892,529,2183,182,11,44,48,4,27,5,0.6492479772857499,1.0,0.30174743160192263,3622.091855603279,7089.41444598249,10554.598276759305,2.913951025408598,0.3,0.22117202268431002,1
115,767,899,528,2194,170,13,42,43,4,29,3,0.649307177706775,1.0,0.30147577597079034,3611.0268314352097,7089.41444598249,10554.598276759305,2.922880047547129,0.3,0.22916666666666666,1
116,770,901,522,2193,172,15,37,38,4,36,1,0.6493617177433435,1.0,0.3011410895946102,3600.0809063524216,7089.41444598249,10554.598276759305,2.9317669661633117,0.3,0.2413793103448276,1
117,769,895,521,2185,174,12,30,30,4,34,6,0.6494119624893138,1.0,0.3009381470434554,3589.3128791224594,7089.41444598249,10554.598276759305,2.940562339424633,0.3,0.2514395393474088,1
118,784,904,533,2221,140,23,61,70,4,24,1,0.6494582488656696,1.0,0.30080332585233904,3581.0618611104746,7089.41444598249,10554.598276759305,2.9473376015588744,0.3,0.26641651031894936,1
119,780,900,532,2212,148,12,30,35,4,37,3,0.6495008877165351,1.0,0.3006738159200023,3571.8579738326985,7089.41444598249,10554.598276759305,2.954932238090626,0.3,0.2706766917293233,1
0,2174,1464,864,4502,229,35,70,70,27,48,0,0.005937126979132328,0.25182270177863625,1.0037105078746966,5833.333333333333,9166.666666666666,12500.0,2.142857142857143,0.3,0.4861111111111111,2
1,2162,1457,859,4478,271,26,63,63,24,81,0,0.007196379998514438,0.2677364009294535,1.0025026789835403,5833.333333333333,9166.666666666666,12500.0,2.142857142857143,0.3,0.42607683352735737,2
2,2159,1457,856,4472,291,33,69,69,19,72,2,0.008710538214593312,0.2845317043016444,1.0010559909560395,5833.333333333333,9166.666666666666,12500.0,2.142857142857143,0.3,0.4392523364485981,2
3,2157,1454,855,4466,311,25,57,57,17,62,2,0.010560598085962434,0.30322298165117917,0.9992072756582785,5832.030984719864,9166.666666666666,12500.0,2.143335663467917,0.3,0.41754385964912283,2
4,2155,1451,862,4468,315,29,64,64,15,58,5,0.012730556469185243,0.3217290382272119,0.9969390005459049,5829.354067708281,9166.666666666666,12500.0,2.144319911745244,0.3,0.4120649651972158,2
5,2149,1450,863,4462,328,31,74,74,15,74,2,0.015317749668705295,0.3412573175763548,0.9941519521264626,5824.381971591706,9166.666666666666,12500.0,2.146150451836516,0.3,0.4148319814600232,2
6,2162,1468,865,4495,302,35,79,79,13,41,1,0.01831596559708634,0.3603601863271144,0.9910100463390479,5819.67766307619,9166.666666666666,12500.0,2.1478852822568006,0.3,0.42411230388109006,2
7,2142,1465,861,4468,340,21,47,47,14,73,2,0.02189824151020738,0.38125883192778465,0.987062241473279,5811.135682971966,9166.666666666666,12500.0,2.1510425297120537,0.3,0.4094076655052265,2
8,2129,1461,869,4459,355,20,55,55,12,61,3,0.026110136836528453,0.4032003838022559,0.9823409565560642,5799.9706024050965,9166.666666666666,12500.0,2.1551833374494307,0.3,0.3912543153049482,2
9,2139,1473,875,4487,334,28,73,75,11,43,2,0.03104106751923469,0.4262506694721337,0.9769960082674513,5789.074122981271,9166.666666666666,12500.0,2.1592399292967976,0.3,0.38811428571428574,2
10,2126,1469,873,4468,361,24,55,57,11,72,1,0.036636864718646994,0.4486414032385438,0.9708756315149046,5775.602752466659,9166.666666666666,12500.0,2.1642762730974647,0.3,0.3836301155888785,2
11,2095,1453,864,4412,422,18,41,41,10,94,2,0.04312064100737781,0.47236227857705465,0.9636704989620011,5757.670475616043,9166.666666666666,12500.0,2.1710169161187642,0.3,0.3761574074074074,2
12,2067,1445,855,4367,466,17,38,38,9,78,5,0.05067004846641543,0.4982230744034597,0.9552730261652499,5736.0945117650635,9166.666666666666,12500.0,2.1791830616391996,0.3,0.35906432748538014,2
13,2064,1458,868,4390,442,32,91,94,8,66,7,0.05919208210935782,0.5243279467854213,0.9459413696682466,5714.148734560673,9166.666666666666,12500.0,2.187552438808027,0.3,0.36059907834101385,2
14,2031,1445,855,4331,500,17,44,45,8,101,7,0.06880739078620926,0.5512219264816565,0.9354176534806474,5688.337028389606,9166.666666666666,12500.0,2.1974787952286308,0.3,0.3473684210526316,2
15,1995,1434,852,4281,547,12,40,40,8,88,9,0.07948996020600942,0.5782664827678378,0.923779127427689,5659.895343247657,9166.666666666666,12500.0,2.20852140223983,0.3,0.3333333333333333,2
16,1968,1419,846,4233,583,15,45,45,8,93,20,0.09110905216923793,0.6044276011314054,0.9113001847713633,5631.595866531419,9166.666666666666,12500.0,2.2196194997385224,0.3,0.3191489361702128,2
17,1934,1423,844,4201,610,13,44,44,8,73,10,0.10331125214377741,0.6277558439109406,0.8983813592681499,5603.437887198762,9166.666666666666,12500.0,2.2307733665713796,0.3,0.2985781990521327,2
18,1903,1415,841,4159,646,14,41,41,8,80,11,0.11633125821523235,0.6503129083490858,0.8847301044347246,5575.420697762768,9166.666666666666,12500.0,2.241983282986311,0.3,0.2746730083234245,2
19,1865,1410,836,4111,688,21,55,55,8,101,12,0.13007561885917499,0.6719447522009572,0.8704900674577974,5547.543594273954,9166.666666666666,12500.0,2.2532495306395086,0.3,0.27631578947368424,2
20,1822,1392,827,4041,754,11,39,39,8,107,10,0.1445408575259574,0.6930314482686326,0.855605281681638,5519.805876302585,9166.400264200793,12500.0,2.264572392602521,0.3,0.26844014510278114,2
21,1794,1387,827,4008,774,15,46,46,8,77,19,0.15949503467426338,0.7128693154848185,0.8402980926619324,5492.206846921072,9164.897774269846,12500.0,2.275952153369368,0.3,0.25272067714631197,2
22,1755,1384,821,3960,816,14,43,43,8,89,12,0.1751014386455841,0.7326097367914893,0.8244589031732926,5464.745812686467,9162.486915503052,12500.0,2.2873890988636862,0.3,0.24238733252131547,2
23,1713,1376,810,3899,865,9,35,35,8,93,17,0.19107458270008218,0.751370507214175,0.8082618330624106,5437.422083623034,9157.929911428675,12500.0,2.298883516445916,0.3,0.2345679012345679,2
24,1681,1371,806,3858,880,14,42,42,8,80,31,0.20688158817840396,0.7675480066511157,0.7922528851067727,5410.234973204919,9152.410894064833,12500.0,2.3104356949205185,0.3,0.23200992555831265,2
25,1639,1365,801,3805,919,7,27,27,8,78,20,0.22298086289971175,0.7833503760023397,0.7760334525096556,5383.183798338894,9145.076842951046,12500.0,2.322045924543235,0.3,0.20224719101123595,2
26,1599,1341,799,3739,968,5,22,22,8,87,24,0.23890661317201733,0.7974388707116914,0.759747203662943,5356.2678793472,9130.481058056006,12500.0,2.3337144970283767,0.3,0.18773466833541927,2
27,1560,1340,791,3691,997,6,32,32,8,79,26,0.25454945337405294,0.8098434768550381,0.7439022902537433,5329.486539950463,9116.682269949675,12500.0,2.3454417055561576,0.3,0.1820480404551201,2
28,1515,1323,784,3622,1037,4,22,22,8,89,35,0.2704955314852238,0.8226833277412076,0.7276886138683755,5302.839107250711,9098.291303189682,12500.0,2.357227844780058,0.3,0.16964285714285715,2
29,1455,1296,774,3525,1110,6,21,21,8,116,30,0.2867312923940126,0.8359588338590138,0.7111063937515986,5276.324911714458,9072.292723780036,12500.0,2.369073210834229,0.3,0.16279069767441862,2
30,1410,1277,763,3450,1161,11,28,28,8,100,29,0.3032627489342509,0.8497187036889748,0.6940623367463375,5249.943287155886,9041.144518761725,12496.792565947242,2.3803671549216445,0.3,0.16120576671035386,2
31,1372,1264,749,3385,1183,7,28,28,8,90,48,0.31942429025761687,0.8621882142364332,0.6772057544583848,5223.693570720106,9007.715280259958,12485.801411039844,2.3902247025027212,0.3,0.14552736982643524,2
32,1329,1237,733,3299,1238,3,18,18,8,98,33,0.3354151057643676,0.874090666672774,0.6602298623495415,5197.575102866506,8967.020464614196,12466.799960834207,2.3985800520628673,0.3,0.1377899045020464,2
33,1292,1226,733,3251,1235,3,21,21,8,69,59,0.3510835482381027,0.8851623716956457,0.6437800840863386,5171.587227352174,8924.940727070009,12448.501182762899,2.4070948889585817,0.3,0.12141882673942701,2
34,1256,1218,721,3195,1239,6,24,24,8,75,55,0.3662577610479628,0.8951188234968881,0.6276809683241699,5145.729291215413,8881.642703813006,12425.158338439773,2.4146544902102636,0.3,0.11234396671289876,2
35,1215,1199,712,3126,1270,5,22,22,8,87,42,0.3804957415521409,0.9030623489913814,0.6125065055856382,5120.000644759335,8837.23449029394,12399.021075646458,2.4216834988756673,0.3,0.10814606741573034,2
36,1177,1176,698,3051,1305,2,15,15,8,89,47,0.3943331555509932,0.910443593152779,0.597587230127012,5094.400641535538,8793.048317842471,12363.555890517848,2.4268911615854507,0.3,0.09312320916905444,2
37,1152,1173,698,3023,1287,6,25,25,7,53,53,0.4076829513321127,0.917151644161336,0.5833157910945765,5068.92863832786,8749.083076253259,12328.852246013275,2.432240247532923,0.3,0.09169054441260745,2
38,1123,1148,682,2953,1317,10,18,18,8,87,47,0.42054077032343495,0.9232627552724469,0.5692566423565899,5043.583995136221,8705.337660871992,12282.68397899041,2.43530869929701,0.3,0.10117302052785923,2
39,1094,1135,671,2900,1319,6,25,25,7,77,57,0.43295838555146643,0.9289603238260531,0.5556752508102664,5018.36607516054,8661.810972567631,12229.586165019122,2.43696573383756,0.3,0.10283159463487332,2
40,1069,1118,670,2857,1306,8,32,32,7,73,61,0.44474461049448094,0.9338953293401676,0.5428520303636803,4993.274244784738,8618.501917704793,12177.862030016946,2.438853031702836,0.3,0.10895522388059702,2
41,1044,1115,663,2822,1278,3,24,24,6,57,67,0.45656053726876034,0.9394944214160269,0.5300501707592603,4968.307873560814,8575.40940811627,12124.199983028968,2.440307704671185,0.3,0.10558069381598793,2
42,1018,1102,656,2776,1267,8,23,23,6,68,62,0.46754229219500465,0.943989766902896,0.5180380935329149,4943.46633419301,8532.532361075688,12067.335347340304,2.4410675691008263,0.3,0.10213414634146341,2
43,987,1077,643,2707,1281,6,13,13,6,81,60,0.4785968601864478,0.9492496501523283,0.5059839588103684,4918.749002522045,8489.86969927031,12006.998670603602,2.4410675691008263,0.3,0.1026438569206843,2
44,970,1072,640,2682,1241,9,31,31,6,54,69,0.48925103726524627,0.9543168488210844,0.49440566456729773,4894.155257509435,8447.420350773958,11946.963677250584,2.4410675691008263,0.3,0.1125,2
45,949,1053,635,2637,1234,6,16,16,5,60,56,0.4995647366598733,0.9593168488210844,0.483221943594647,4869.684481221888,8405.183249020089,11887.228858864331,2.4410675691008263,0.3,0.11811023622047244,2
46,927,1043,620,2590,1222,7,20,20,5,67,64,0.5093171863661988,0.963832046553421,0.4725556055244476,4845.336058815778,8363.157332774988,11827.79271457001,2.4410675691008263,0.3,0.12258064516129032,2
47,906,1031,616,2553,1195,8,22,22,5,57,67,0.5190205434505515,0.968832046553421,0.46211857778023174,4821.1093785217,8321.341546111113,11768.65375099716,2.441067569100826,0.3,0.12824675324675325,2
48,894,1020,610,2524,1169,11,26,26,5,52,57,0.5284272457398159,0.973832046553421,0.45194871330593844,4797.003831629091,8279.734838380557,11709.810482242174,2.441067569100826,0.3,0.14426229508196722,2
49,870,1014,602,2486,1158,3,19,19,4,55,51,0.5375435492588004,0.978832046553421,0.4421958629524121,4773.018812470946,8238.336164188653,11651.261429830964,2.4410675691008263,0.3,0.14119601328903655,2
50,848,1007,600,2455,1126,6,29,29,4,59,66,0.5463768423075834,0.983832046553421,0.43280634338050056,4749.153718408591,8197.14448336771,11593.005122681809,2.4410675691008263,0.3,0.135,2
51,839,993,586,2418,1106,8,21,21,4,56,59,0.554710562345398,0.9884313620688154,0.42372283113847076,4725.407949816548,8156.158760950872,11535.0400970684,2.4410675691008263,0.3,0.1416382252559727,2
52,826,988,585,2399,1065,8,30,30,3,49,63,0.5623746371904359,0.9923257037672936,0.4154277220095459,4701.780910067466,8115.377967146118,11477.364896583058,2.441067569100826,0.3,0.14188034188034188,2
53,812,973,580,2365,1053,7,23,23,3,56,48,0.5688229885956666,0.9945622166847392,0.4081816073695924,4678.2720055171285,8074.801077310387,11419.978072100143,2.441067569100826,0.3,0.15,2
54,803,960,571,2334,1029,9,21,21,3,50,56,0.5749901178318838,0.9967844389069614,0.4011689925183993,4654.880645489543,8034.427071923835,11362.878181739641,2.441067569100826,0.3,0.15411558669001751,2
55,792,956,569,2317,1002,7,31,31,3,46,45,0.5804223858927242,0.9981912223241959,0.3949022159179818,4631.606242262095,7994.254936564215,11306.063790830944,2.441067569100826,0.3,0.15641476274165203,2
56,794,960,568,2322,941,16,47,47,3,39,56,0.5852076926210802,0.9989297737465028,0.389146845580457,4608.448211050785,7954.283661881394,11249.533471876788,2.4410675691008255,0.3,0.16901408450704225,2
57,786,962,565,2313,880,8,29,29,2,35,69,0.5896368192396981,0.9994853293020585,0.38378150557529705,4585.405969995531,7914.512243571988,11193.285804517403,2.441067569100825,0.3,0.17345132743362832,2
58,785,957,566,2308,828,8,28,28,2,30,56,0.5938049320522717,1.0,0.37865072311578707,4562.478940145554,7874.939682354127,11137.319375494817,2.4410675691008255,0.3,0.17491166077738515,2
59,781,948,563,2292,794,11,36,36,2,48,48,0.5974411145391194,1.0,0.3739975018738416,4539.666545444826,7835.564983942357,11083.358737467932,2.4414477641731533,0.3,0.1811722912966252,2
60,773,945,561,2279,766,10,32,32,2,44,42,0.6008614480182632,1.0,0.3695921626372528,4516.968212717602,7796.387159022645,11029.372054585427,2.4417643727339144,0.3,0.1800356506238859,2
61,775,945,561,2281,716,14,34,34,2,31,49,0.6040778288733599,1.0,0.3654059435187176,4494.383371654014,7757.405223227532,10981.714678753726,2.443430782521843,0.3,0.19964349376114082,2
62,770,938,561,2269,687,10,28,28,2,40,43,0.6071015749158251,1.0,0.36152348611675533,4471.911454795744,7719.987150974317,10939.07396680289,2.44617409744812,0.3,0.20677361853832443,2
63,762,928,554,2244,674,10,21,21,2,45,39,0.6099434193547616,1.0,0.3577224313750995,4449.551897521766,7681.865444511984,10892.908764752943,2.4480911821300224,0.3,0.21299638989169675,2
64,766,928,551,2245,629,11,28,28,2,25,44,0.6126135156043994,1.0,0.35413647448446667,4427.3041380341565,7647.889021721562,10848.60761982232,2.4503868000899067,0.3,0.21960072595281308,2
65,764,924,546,2234,604,8,26,26,2,34,35,0.6151214510476155,1.0,0.35075070479541076,4405.1676173439855,7615.554908642384,10804.51327917401,2.4526906165010796,0.3,0.22344322344322345,2
66,759,922,544,2225,577,8,28,28,2,34,35,0.6174762678712276,1.0,0.3476076615528454,4383.141779257266,7584.110483015964,10764.555063656318,2.4558993538831864,0.3,0.22242647058823528,2
67,762,916,540,2218,550,16,38,38,2,43,34,0.6196864891423735,1.0,0.34451604761085575,4361.226070360979,7552.458076707851,10724.225885530508,2.4589933455668955,0.3,0.24074074074074073,2
68,754,907,542,2203,537,5,21,21,2,36,30,0.6217601484061834,1.0,0.34167977349154915,4339.419940009174,7518.980819825212,10688.591056210083,2.4631382083264075,0.3,0.21955719557195572,2
69,751,909,539,2199,516,6,29,29,2,30,24,0.623704821247119,1.0,0.338973422335306,4317.722840309128,7488.363862870684,10655.606200371014,2.4678763770784613,0.3,0.21706864564007422,2
70,754,910,539,2203,486,12,31,31,2,24,25,0.625527657458816,1.0,0.3364566318118568,4296.1342261075815,7459.381121253276,10629.371719192717,2.4741712338962993,0.3,0.22448979591836735,2
71,753,903,537,2193,472,12,30,30,2,36,22,0.6272354126960791,1.0,0.33407725447723946,4274.653554977043,7430.12755577496,10606.758251907768,2.4813141265116467,0.3,0.2271880819366853,2
72,753,905,540,2198,447,8,34,34,2,28,21,0.6288344787229863,1.0,0.3319371940908716,4253.280287202158,7403.443161404079,10589.871176269862,2.4898126766143513,0.3,0.2222222222222222,2
73,752,899,536,2187,438,8,26,26,2,36,21,0.6303309116087934,1.0,0.32982680995031477,4232.013885766148,7376.536774193547,10573.398043328998,2.498431793641157,0.3,0.2126865671641791,2
74,757,897,539,2193,415,16,34,34,2,28,19,0.6317304574464385,1.0,0.32785658087476055,4210.853816337317,7349.621818484875,10560.365715508151,2.5078917901485744,0.3,0.22263450834879406,2
75,760,897,539,2196,400,15,38,38,2,33,12,0.6330385753676682,1.0,0.32600342381317254,4189.79954725563,7323.394028986932,10551.30891945063,2.5183326315364813,0.3,0.23191094619666047,2
76,765,901,542,2208,368,17,42,42,2,28,20,0.6342604577979837,1.0,0.3243772210503308,4168.850549519352,7301.3260153003475,10548.956262732103,2.530423227560495,0.3,0.24169741697416974,2
77,764,901,540,2205,362,12,36,36,2,37,9,0.6354010480305753,1.0,0.32282880893885435,4148.13615355579,7279.324500456532,10548.09512344535,2.542851712908098,0.3,0.25,2
78,767,906,545,2218,340,11,34,34,2,21,11,0.636465055300723,1.0,0.3214714474322493,4128.560880254187,7260.937569472654,10548.09512344535,2.554908460692464,0.3,0.25321100917431194,2
79,770,904,546,2220,328,10,30,30,2,26,10,0.6374569676124849,1.0,0.3201624659163754,4110.298909017123,7243.4188946425475,10548.09512344535,2.5662598650198087,0.3,0.24175824175824176,2
80,770,910,543,2223,314,12,37,37,2,33,12,0.6383810626111629,1.0,0.31895109961201784,4093.045471902834,7228.960077816104,10548.09512344535,2.5770774343588223,0.3,0.2559852670349908,2
81,769,910,547,2226,298,14,42,42,2,38,14,0.6392414168122964,1.0,0.317911639396459,4077.1395295870493,7215.455735323501,10548.09512344535,2.5871312587905737,0.3,0.2687385740402194,2
82,775,909,541,2225,283,18,39,39,2,37,15,0.6400419134955664,1.0,0.3168162823036512,4063.5879799171225,7204.114139211673,10548.09512344535,2.5957590128663783,0.3,0.2828096118299446,2
83,767,908,539,2214,284,8,32,32,3,41,11,0.640786249554765,1.0,0.31593049700707937,4048.6702165383094,7194.324477716697,10548.09512344535,2.605323367746206,0.3,0.2764378478664193,2
84,781,913,543,2237,254,21,46,46,3,22,9,0.6414779415674212,1.0,0.31507030272348907,4037.321399803013,7187.272053130059,10548.09512344535,2.61264687125479,0.3,0.2983425414364641,2
85,776,905,542,2223,263,6,21,21,3,35,8,0.642120331313748,1.0,0.3143055853079552,4025.2720991286565,7178.343058373648,10548.09512344535,2.6204676016134854,0.3,0.2952029520295203,2
86,776,902,542,2220,258,7,22,22,3,22,8,0.6427165909376538,1.0,0.3135400421612625,4014.030025159152,7168.360120351815,10548.09512344535,2.6278067322197294,0.3,0.2785977859778598,2
87,778,910,545,2233,243,13,38,38,3,24,4,0.6432697279052954,1.0,0.31288854300867586,4003.0729287389736,7161.866680163507,10548.09512344535,2.634999489446762,0.3,0.27339449541284405,2
88,773,901,539,2213,256,6,16,16,4,36,11,0.643782589881043,1.0,0.31217478320133757,3991.8017066379434,7153.138600094043,10548.09512344535,2.6424396547315925,0.3,0.2560296846011132,2
89,779,910,537,2226,237,15,40,40,4,24,7,0.6442578696081661,1.0,0.31152893200135057,3981.900254360026,7148.588547823993,10548.09512344535,2.6490103844001607,0.3,0.26256983240223464,2
90,775,904,531,2210,248,9,26,26,4,35,2,0.6446981098528708,1.0,0.3108981545086053,3970.366474312914,7142.5468835767815,10548.09512344535,2.6567056697885136,0.3,0.2617702448210923,2
91,778,898,534,2210,241,11,40,40,4,37,8,0.6451057084459719,1.0,0.31034075277239337,3959.719879134578,7135.332768087157,10548.09512344535,2.663848818960068,0.3,0.26217228464419473,2
92,784,902,537,2223,227,15,40,40,4,25,3,0.6454829234365025,1.0,0.3098237194114339,3949.8491456733836,7130.203352161504,10548.09512344535,2.6705058179246173,0.3,0.26629422718808193,2
93,782,897,539,2218,229,8,23,23,4,28,7,0.6458318783558312,1.0,0.30937488923490836,3939.184990394146,7124.907863092694,10548.09512344535,2.6777354069857813,0.3,0.2541743970315399,2
94,782,902,538,2222,220,15,42,42,3,38,8,0.6461545675789977,1.0,0.308937644470591,3928.9282445701006,7122.39828016116,10548.09512344535,2.6847258251720785,0.3,0.24907063197026022,2
95,785,901,538,2224,215,12,33,33,4,27,3,0.6464528617615606,1.0,0.30850453212527834,3919.1625493103156,7119.529135914699,10548.09512344535,2.691415574304663,0.3,0.25650557620817843,2
96,777,904,542,2223,216,5,22,22,4,23,4,0.6467285133248004,1.0,0.3082443451547622,3907.683139714664,7117.74204762957,10548.09512344535,2.699322014173228,0.3,0.22509225092250923,2
97,780,908,539,2227,208,8,22,22,3,15,4,0.6469831619591153,1.0,0.3078320265200867,3897.0747124563486,7117.396246396486,10548.09512344535,2.706669977285815,0.3,0.2300556586270872,2
98,778,907,545,2230,205,5,28,28,3,25,3,0.6472183401144164,1.0,0.30760038083071684,3885.8760232604654,7117.021267060303,10548.09512344535,2.714470317710989,0.3,0.22385321100917432,2
99,778,908,539,2225,206,10,25,25,3,30,7,0.6474354784468358,1.0,0.3072030699885377,3874.895512322373,7117.021267060303,10548.09512344535,2.722162466033432,0.3,0.22077922077922077,2
100,781,909,545,2235,195,11,35,35,4,24,4,0.6476359111927008,1.0,0.3069667628310605,3864.5911286958203,7117.021267060303,10548.09512344535,2.7294207258103924,0.3,0.22752293577981653,2
101,772,903,540,2215,213,9,24,27,4,42,4,0.6478208814431642,1.0,0.3066756203653378,3852.0172984232754,7117.021267060303,10548.09512344535,2.738330154374681,0.3,0.21851851851851853,2
102,769,897,537,2203,221,11,28,28,4,39,7,0.6479915462958391,1.0,0.30634731090980194,3838.482033219976,7117.021267060303,10548.09512344535,2.747986061197452,0.3,0.22346368715083798,2
103,775,897,535,2207,211,19,44,44,4,38,8,0.6481489818630284,1.0,0.30597133021158457,3826.6307730775425,7117.021267060303,10548.09512344535,2.756496706621662,0.3,0.23925233644859814,2
104,773,904,540,2217,201,11,42,42,4,31,3,0.6482941881194754,1.0,0.30579142072870086,3814.211155059612,7117.021267060303,10548.09512344535,2.7654722548470168,0.3,0.22962962962962963,2
105,778,906,538,2222,193,12,33,34,4,25,4,0.6484280935758762,1.0,0.3054488561494516,3802.7053026250123,7117.021267060303,10548.09512344535,2.7738397493394995,0.3,0.2379182156133829,2
106,777,903,537,2217,197,11,38,40,4,41,3,0.648551559767553,1.0,0.3051836132674226,3790.664101269843,7117.021267060303,10548.09512344535,2.782650966069988,0.3,0.2309124767225326,2
107,781,902,531,2214,195,14,30,30,4,32,8,0.6486653855506477,1.0,0.30481596255528093,3780.2198351746497,7117.021267060303,10548.09512344535,2.7903390763934284,0.3,0.23728813559322035,2
108,778,898,530,2206,200,14,36,36,4,42,5,0.6487703112008895,1.0,0.30459605916024135,3768.9962621241975,7117.021267060303,10548.09512344535,2.7986483376081854,0.3,0.25471698113207547,2
109,774,896,532,2202,203,12,35,35,5,37,4,0.6488670223124111,1.0,0.30442669311664844,3756.615983011525,7117.021267060303,10548.09512344535,2.807871544801706,0.3,0.26127819548872183,2
110,777,900,530,2207,199,9,34,34,4,28,2,0.648956153496203,1.0,0.30412926537279117,3744.5435100617146,7117.021267060303,10548.09512344535,2.816924171157916,0.3,0.269811320754717,2
111,784,900,538,2222,185,16,45,49,4,30,3,0.6490382918796367,1.0,0.30395720170821594,3733.775372839161,7117.021267060303,10548.09512344535,2.825048126937691,0.3,0.27695167286245354,2
112,782,897,535,2214,188,10,31,33,4,37,7,0.6491139804100367,1.0,0.30372557441680853,3723.1592521322805,7117.021267060303,10548.09512344535,2.833103396639394,0.3,0.2766355140186916,2
113,775,901,533,2209,192,5,31,32,4,35,4,0.649183720966566,1.0,0.30356613279299594,3711.1350093378664,7117.021267060303,10548.09512344535,2.8422827778845265,0.3,0.2701688555347092,2
114,775,897,537,2209,191,10,28,29,4,27,4,0.6492479772857499,1.0,0.3034061224678727,3698.9745978188457,7117.021267060303,10548.09512344535,2.8516268075117863,0.3,0.26629422718808193,2
115,777,908,537,2222,175,11,40,42,4,25,5,0.649307177706775,1.0,0.30319244389982425,3687.4367366561128,7117.021267060303,10548.09512344535,2.8605494485067977,0.3,0.25139664804469275,2
116,783,912,541,2236,162,13,39,44,4,25,3,0.6493617177433435,1.0,0.3029969151583822,3676.804898135666,7117.021267060303,10548.09512344535,2.868821005105218,0.3,0.2532347504621072,2
117,786,908,538,2232,167,15,32,32,4,36,3,0.6494119624893138,1.0,0.30272421544535905,3666.6360449850463,7117.021267060303,10548.09512344535,2.876777240509664,0.3,0.26022304832713755,2
118,786,914,541,2241,158,11,36,36,4,27,4,0.6494582488656696,1.0,0.3026064699558372,3656.4953155933053,7117.021267060303,10548.09512344535,2.884755541313693,0.3,0.2587800369685767,2
119,782,908,533,2223,177,9,27,27,4,44,2,0.6495008877165351,1.0,0.3023294430043019,3645.2328283753527,7117.021267060303,10548.09512344535,2.8936684212148225,0.3,0.25328330206378985,2
0,2177,1458,861,4496,230,35,73,73,27,53,0,0.004930929430670355,0.2091449241149076,1.0037353756680998,5833.333333333333,9166.666666666666,12500.0,2.142857142857143,0.75,0.4878048780487805,0
1,2181,1461,867,4509,237,33,76,76,24,59,0,0.005983738983188697,0.22262092048931914,1.0027081209286852,5833.333333333333,9166.666666666666,12500.0,2.142857142857143,0.75,0.47058823529411764,0
2,2178,1458,864,4500,260,35,70,70,21,74,2,0.007251696150073561,0.23687829773839517,1.0015014846762476,5833.333333333333,9166.666666666666,12500.0,2.142857142857143,0.75,0.47685185185185186,0
3,2177,1462,867,4506,269,29,65,65,18,57,1,0.008824710111582975,0.2533810008164549,0.9999759925535388,5833.333333333333,9166.666666666666,12500.0,2.142857142857143,0.75,0.45674740484429066,0
4,2174,1462,868,4504,285,29,60,60,17,61,2,0.010784547034970315,0.2725491186245993,0.9980013696035552,5831.870089786756,9166.666666666666,12500.0,2.143394795760457,0.75,0.44516129032258067,0
5,2166,1455,872,4493,310,30,64,64,15,74,0,0.013125069302102967,0.29240756899103965,0.9954909044863847,5827.757779886555,9166.666666666666,12500.0,2.144907264873203,0.75,0.4380733944954128,0
6,2167,1465,876,4508,303,30,75,75,14,57,3,0.01590313600980477,0.31288861214012875,0.9924936565319196,5822.342134761652,9166.666666666666,12500.0,2.1469023480035854,0.75,0.43248532289628183,0
7,2173,1472,870,4515,302,30,63,63,13,51,2,0.019105446759807937,0.33263494293400325,0.9891159477421094,5816.459519933984,9166.666666666666,12500.0,2.1490736688118264,0.75,0.43275862068965515,0
8,2157,1467,866,4490,332,25,62,62,13,81,2,0.022877990300667134,0.3532886299143476,0.9849682075956957,5807.371751289736,9166.666666666666,12500.0,2.1524366848435226,0.75,0.42494226327944573,0
9,2153,1467,868,4488,343,25,66,66,12,66,1,0.027341109368334105,0.3754434722691705,0.9800708414843672,5796.657412431121,9166.666666666666,12500.0,2.156415173543522,0.75,0.4161290322580646,0
10,2145,1471,876,4492,347,24,65,67,11,60,2,0.03250301116652037,0.3980197719212552,0.9743836384277691,5784.0739043907315,9166.666666666666,12500.0,2.161106549919973,0.75,0.40473225404732255,0
11,2130,1465,872,4467,378,25,55,60,11,76,1,0.038462345590184355,0.4213332821116712,0.9679059664677219,5768.720330925353,9166.666666666666,12503.669724770642,2.1674945234803826,0.75,0.4013761467889908,0
12,2119,1462,873,4454,394,30,62,65,10,71,3,0.045388054354550254,0.44628684333514534,0.9603192891309269,5751.4094875297105,9166.666666666666,12503.669724770642,2.1740183431350664,0.75,0.3951890034364261,0
13,2103,1470,879,4452,401,22,65,73,9,67,4,0.05320373804504966,0.47128274148106225,0.9517724070359233,5731.786209472622,9166.666666666666,12503.669724770642,2.1814612876011465,0.75,0.3799772468714448,0
14,2103,1488,878,4469,383,21,58,63,9,36,5,0.061903180516890415,0.49591170410579005,0.9424190094388,5711.736541785971,9166.666666666666,12503.669724770642,2.1891187790781643,0.75,0.36446469248291574,0
15,2099,1490,882,4471,379,38,69,81,9,65,9,0.07136408581324241,0.5191530954628159,0.9324245675836766,5691.687652791119,9166.666666666666,12507.015377894275,2.1974177328162097,0.75,0.373015873015873,0
16,2063,1484,879,4426,422,14,50,51,9,91,7,0.0815057892595194,0.5407184852383614,0.9215294687590792,5667.369042358765,9166.666666666666,12507.015377894275,2.2068468251167284,0.75,0.3572241183162685,0
17,2026,1476,878,4380,468,18,48,50,8,92,6,0.09275256365621072,0.5635975042861276,0.9094314706523495,5639.032197146971,9166.666666666666,12507.015377894275,2.2179365076550037,0.75,0.3439635535307517,0
18,1983,1458,869,4310,535,13,34,34,8,103,10,0.10486471626855622,0.5862128516966139,0.8965733379217758,5610.837036161236,9166.666666666666,12507.015377894275,2.22908191724121,0.75,0.32796317606444186,0
19,1950,1456,867,4273,567,12,42,42,8,78,12,0.1176214854340282,0.6076091782353397,0.8831942699031559,5582.782850980429,9166.666666666666,12507.015377894275,2.2402833339107637,0.75,0.3079584775086505,0
20,1919,1455,863,4237,593,20,54,54,8,85,13,0.13106653256384782,0.628425971984835,0.8692348541700672,5554.868936725527,9166.666666666666,12507.015377894275,2.251541039106295,0.75,0.30359212050984935,0
21,1893,1457,868,4218,604,16,55,55,8,71,13,0.1449546543284501,0.6478805150172801,0.8549388053432336,5527.0945920419,9166.666666666666,12507.015377894275,2.262855315684719,0.75,0.29147465437788017,0
22,1862,1458,866,4186,622,16,57,61,8,85,18,0.1596024146701127,0.6677631200930523,0.840004113149122,5499.45911908169,9166.666666666666,12507.015377894275,2.2742264479243404,0.75,0.28290993071593534,0
23,1829,1457,870,4156,638,14,51,54,8,79,20,0.17473926234378728,0.6871344493975219,0.8247006708403195,5471.961823486282,9166.666666666666,12507.015377894275,2.2856547215320004,0.75,0.2689655172413793,0
24,1795,1454,867,4116,673,13,41,41,8,80,12,0.1898429682550728,0.7043333007249359,0.8094844666034913,5444.60201436885,9166.666666666666,12507.015377894275,2.297140423650252,0.75,0.2502883506343714,0
25,1785,1464,869,4118,662,19,62,68,8,55,12,0.20529599797583445,0.721221969970022,0.7939659633522012,5417.379004297006,9166.666666666666,12507.015377894275,2.308683842864575,0.75,0.24626006904487918,0
26,1751,1467,869,4087,678,16,53,58,8,79,18,0.22096746523667476,0.7375603529881598,0.7783920712974473,5390.2921092755205,9166.666666666666,12507.015377894275,2.320285269210628,0.75,0.24050632911392406,0
27,1724,1473,874,4071,676,19,63,71,8,78,25,0.23682223619686585,0.7534447260290387,0.76271395508132,5363.340648729143,9166.666666666666,12507.015377894275,2.331944994181536,0.75,0.21739130434782608,0
28,1678,1462,862,4002,733,11,44,44,8,109,16,0.25315154473038665,0.769933440667571,0.7466337504762062,5336.523945485497,9166.666666666666,12507.015377894275,2.3436633107352116,0.75,0.21693735498839908,0
29,1639,1459,862,3960,752,12,48,48,8,88,29,0.2687006030152343,0.7833907519419375,0.731393943657228,5309.84132575807,9166.666666666666,12507.015377894275,2.3554405133017204,0.75,0.2099767981438515,0
30,1609,1448,853,3910,776,10,34,34,8,82,32,0.2843904422134081,0.7968399638542581,0.7159554724852,5283.292119129279,9166.666666666666,12507.015377894275,2.3672768977906737,0.75,0.20867526377491208,0
31,1577,1449,864,3890,778,11,54,54,8,73,25,0.30017104492170255,0.8102199647302982,0.7006543326860296,5256.875658533632,9166.666666666666,12507.015377894275,2.3791727615986673,0.75,0.2048611111111111,0
32,1546,1440,866,3852,795,14,47,48,8,85,29,0.31603202847038514,0.8235784307510878,0.6852451960747582,5230.591280240964,9166.666666666666,12507.015377894275,2.3911284036167513,0.75,0.197459584295612,0
33,1532,1457,866,3855,765,15,51,53,8,47,34,0.3323181442492863,0.8378504723374263,0.6694930361087532,5204.4383238397595,9166.666666666666,12507.015377894275,2.4031441242379405,0.75,0.19630484988452657,0
34,1504,1454,856,3814,780,9,35,35,8,74,32,0.3479752068795776,0.8504370170802863,0.6543329209652152,5178.416132220561,9166.666666666666,12507.015377894275,2.4152202253647643,0.75,0.19042056074766356,0
35,1473,1449,858,3780,783,10,44,44,8,73,34,0.36317397897056924,0.8619511619337424,0.6397247090230553,5152.524051559458,9166.666666666666,12507.015377894275,2.427357010416849,0.75,0.1853146853146853,0
36,1458,1437,857,3752,792,14,44,44,8,69,24,0.3781250071042399,0.8730219239309845,0.6252125548066834,5126.76143130166,9166.666666666666,12507.015377894275,2.439554784338542,0.75,0.1866977829638273,0
37,1426,1443,842,3711,803,12,48,48,8,84,33,0.39261627878670863,0.8832566199718137,0.6113325535207549,5101.1276241451515,9166.666666666666,12507.015377894275,2.4518138536065748,0.75,0.18171021377672208,0
38,1410,1442,847,3699,784,18,57,57,7,67,36,0.4071199577151212,0.8937984623877948,0.597420779339851,5075.6219860244255,9166.666666666666,12507.015377894275,2.4641345262377636,0.75,0.18299881936245574,0
39,1387,1438,848,3673,780,15,52,52,7,76,35,0.4213369303826571,0.9040252004580273,0.5838398317352422,5050.243876094303,9166.666666666666,12507.015377894275,2.4765171117967473,0.75,0.17806603773584906,0
40,1367,1435,852,3654,771,9,43,48,7,60,33,0.4346239800043162,0.9126435607482246,0.5711526803127198,5024.992656713832,9166.666666666666,12507.015377894275,2.4889619214037664,0.75,0.17488262910798122,0
41,1332,1424,844,3600,792,5,29,30,7,80,37,0.44808243247248747,0.9220484717333673,0.5583755313183557,4999.867693430263,9166.666666666666,12507.015377894275,2.5014692677424786,0.75,0.16824644549763032,0
42,1314,1406,829,3549,799,14,31,31,7,78,47,0.4610511753922495,0.9308838983218851,0.5458452820540205,4974.868354963111,9166.666666666666,12507.015377894275,2.5140394650678175,0.75,0.17611580217129072,0
43,1293,1406,825,3524,795,11,51,51,6,71,30,0.47379442458744686,0.9397244929867448,0.5337502212137446,4949.994013188296,9166.666666666666,12507.015377894275,2.5266728292138874,0.75,0.17696969696969697,0
44,1274,1402,835,3511,780,10,50,50,6,63,34,0.4856564745019323,0.9473054138973079,0.5225407443181548,4925.244043122354,9166.666666666666,12507.015377894275,2.539369677601897,0.75,0.17005988023952096,0
45,1269,1412,839,3520,728,17,57,57,6,48,49,0.4960265573229098,0.9525224640236428,0.5126312169783435,4900.617822906742,9166.666666666666,12507.015377894275,2.5521303292481377,0.75,0.17163289630512515,0
46,1243,1401,830,3474,748,9,31,31,6,77,32,0.5059819818979027,0.9575205042878107,0.503147893390675,4876.114733792208,9166.666666666666,12507.015377894275,2.5649551047719976,0.75,0.17349397590361446,0
47,1225,1393,827,3445,748,14,42,42,5,70,33,0.5156393381029767,0.9625205042878107,0.49393560369030826,4851.734160123247,9166.666666666666,12507.015377894275,2.577844326404018,0.75,0.17896009673518742,0
48,1214,1391,827,3432,732,7,30,30,5,42,33,0.5247685624727771,0.9670895043352528,0.48520970360654375,4827.475489322631,9166.666666666666,12507.015377894275,2.5907983179939875,0.75,0.17049576783555018,0
49,1208,1398,826,3432,694,12,48,48,5,44,39,0.5333695752361812,0.9712315097402554,0.4769799088827805,4803.338111876018,9166.666666666666,12507.015377894275,2.603817405019083,0.75,0.17070217917675545,0
50,1189,1380,817,3386,713,13,44,44,5,89,31,0.5411130615284665,0.9743538333212215,0.469503413190409,4779.3214213166375,9166.666666666666,12507.015377894275,2.6169019145920434,0.75,0.1664626682986536,0
51,1168,1367,806,3341,733,13,35,35,5,78,28,0.5483691091546468,0.977131611098999,0.46253014646653234,4755.424814210054,9166.666666666666,12507.015377894275,2.6300521754693906,0.75,0.1662531017369727,0
52,1156,1358,805,3319,721,16,51,51,4,73,38,0.5551764839166319,0.9796243619199129,0.45597176596561395,4731.647690139004,9166.666666666666,12507.015377894275,2.643268518059689,0.75,0.17515527950310558,0
53,1149,1357,809,3315,701,11,39,39,4,42,27,0.5612553681798926,0.9813305620458813,0.45011714673382924,4707.98945168831,9166.666666666666,12507.015377894275,2.656551274431848,0.75,0.18170580964153277,0
54,1148,1357,808,3313,661,17,53,53,4,54,45,0.5669425334811985,0.9828334046147518,0.44453602975741513,4684.449504429868,9166.666666666666,12507.015377894275,2.669900778323465,0.75,0.18564356435643564,0
55,1147,1361,810,3318,620,21,64,64,4,58,39,0.5721382943780101,0.9839445157258631,0.43945912334009263,4661.027256907719,9166.666666666666,12507.015377894275,2.683317365149211,0.75,0.19753086419753085,0
56,1134,1356,805,3295,615,9,35,35,4,54,28,0.5770797363689008,0.9850556268369742,0.4346682967341527,4637.72212062318,9166.666666666666,12507.015377894275,2.6968013720092574,0.75,0.19751552795031055,0
57,1126,1344,796,3266,613,11,41,41,4,67,32,0.5817796435388862,0.9861667379480851,0.42997114870366304,4614.533510020064,9166.340629274964,12507.015377894275,2.7103531376977466,0.75,0.1922110552763819,0
58,1126,1350,797,3273,568,16,49,49,4,39,39,0.5858875329582415,0.9866666666666667,0.4259105292441523,4591.460842469964,9166.340629274964,12507.015377894275,2.7239730027113027,0.75,0.20075282308657466,0
59,1132,1357,802,3291,530,23,60,60,4,41,23,0.5894752330119312,0.9866666666666667,0.4222907639442597,4568.503538257613,9166.340629274964,12507.015377894275,2.737661309257591,0.75,0.21072319201995013,0
60,1131,1363,810,3304,499,12,46,46,4,33,22,0.5931407404153536,0.9871506024752066,0.4187130360395173,4545.6610205663255,9166.340629274964,12507.015377894275,2.7514184012639102,0.75,0.21481481481481482,0
61,1132,1356,806,3294,487,12,34,34,4,40,22,0.5966513915080706,0.9877061580307622,0.4150902027401095,4522.932715463494,9166.340629274964,12507.015377894275,2.7652446243858395,0.75,0.21588089330024815,0
62,1127,1354,806,3287,479,11,35,35,3,41,17,0.5999752427472654,0.9882617135863176,0.41178188553240436,4500.318051886176,9166.340629274964,12507.015377894275,2.779140326015919,0.75,0.21339950372208435,0
63,1132,1358,802,3292,447,18,55,55,3,49,29,0.6031225862574318,0.9888172691418733,0.4085188310913567,4477.816461626746,9166.340629274964,12507.015377894275,2.793105855292381,0.75,0.22069825436408977,0
64,1134,1357,801,3292,428,16,48,48,3,45,19,0.606103164381347,0.9893728246974289,0.40544197903902846,4455.427379318612,9166.340629274964,12507.015377894275,2.8071415631079204,0.75,0.2209737827715356,0
65,1138,1365,813,3316,389,17,61,67,3,37,18,0.6089982988576608,0.9900456207802112,0.40258120773477746,4433.150242422019,9166.340629274964,12507.015377894275,2.8212478021185134,0.75,0.22509225092250923,0
66,1144,1374,813,3331,356,17,54,55,3,39,21,0.6120157596836967,0.9911567318913225,0.39950492725344067,4410.984491209909,9166.340629274964,12507.015377894275,2.8354249267522746,0.75,0.22509225092250923,0
67,1131,1366,807,3304,363,11,34,34,3,60,22,0.6148949759190538,0.9922678430024336,0.39665719495054985,4388.929568753859,9166.340629274964,12507.015377894275,2.8496732932183666,0.75,0.21437422552664187,0
68,1141,1363,803,3307,343,19,41,41,3,36,18,0.6176434459332166,0.9933789541135445,0.3936685199727846,4366.984920910089,9166.340629274964,12507.015377894275,2.8639932595159467,0.75,0.22789539227895392,0
69,1142,1367,802,3311,322,14,44,44,3,34,14,0.6202682483629797,0.9944900652246558,0.3910108406798389,4346.534033494655,9166.340629274964,12507.015377894275,2.8774686408790213,0.75,0.23192019950124687,0
70,1127,1347,798,3272,348,4,21,21,3,58,14,0.6227760715965539,0.995601176335767,0.3884823809495587,4325.11183004386,9166.340629274964,12507.015377894275,2.8917206928652854,0.75,0.21804511278195488,0
71,1127,1349,798,3274,331,11,38,38,3,33,15,0.6251732429559955,0.9967122874468779,0.38605448166254747,4305.230933931623,9166.340629274964,12507.015377894275,2.905074215489903,0.75,0.20300751879699247,0
72,1121,1328,793,3242,351,13,31,31,3,62,14,0.627161441167913,0.9973394627494492,0.38388302612799075,4285.672702869339,9166.340629274964,12507.015377894275,2.9183319037687108,0.75,0.2055485498108449,0
73,1113,1330,787,3230,351,14,40,40,3,49,12,0.6290040765780672,0.9978950183050047,0.38202606750677665,4265.9853938905335,9166.340629274964,12507.015377894275,2.931799859372704,0.75,0.2096569250317662,0
74,1111,1323,776,3210,366,11,22,22,3,39,5,0.6307516377625907,0.9984505738605601,0.3800589259558866,4246.202402801069,9166.340629274964,12507.015377894275,2.9454590694131397,0.75,0.21262886597938144,0
75,1113,1320,777,3210,357,16,42,42,3,40,10,0.6324094169491463,0.9990061294161158,0.3782508244454097,4227.74922080207,9165.397222868058,12507.015377894275,2.958315341022403,0.75,0.2097812097812098,0
76,1113,1322,775,3210,343,13,47,47,3,44,14,0.6339824519074563,0.9995616849716714,0.3765970502027548,4210.704313310059,9165.38446657408,12507.015377894275,2.9702905849644994,0.75,0.2064516129032258,0
77,1112,1325,786,3223,325,17,55,55,3,41,7,0.6354010480305753,1.0,0.37522924601429325,4194.10356377831,9165.38446657408,12507.015377894275,2.9820473404398187,0.75,0.2035623409669211,0
78,1111,1318,781,3210,329,18,48,48,3,59,10,0.636465055300723,1.0,0.3739513370681369,4178.347767880922,9164.096082675507,12507.015377894275,2.9932921031695967,0.75,0.20614596670934698,0
79,1105,1318,773,3196,337,11,37,37,4,47,6,0.6374569676124849,1.0,0.37283399101329595,4161.831528682769,9163.10054020413,12507.015377894275,3.0051709906318047,0.75,0.20827943078913325,0
80,1103,1309,778,3190,338,19,54,54,4,59,8,0.6383810626111629,1.0,0.3717269352432275,4145.463562731672,9159.524696090879,12507.015377894275,3.0170366205444874,0.75,0.2069408740359897,0
81,1107,1313,774,3194,331,15,38,38,4,32,5,0.6392414168122964,1.0,0.370635339304441,4129.7923823984165,9157.519054002614,12507.015377894275,3.0284852650705667,0.75,0.20930232558139536,0
82,1109,1308,778,3195,321,16,41,41,4,39,12,0.6400419134955664,1.0,0.3696322876647595,4115.433119620967,9154.208799382954,12507.015377894275,3.039052030335552,0.75,0.2236503856041131,0
83,1110,1303,771,3184,328,17,48,48,4,58,7,0.640786249554765,1.0,0.3685771576804865,4101.416011267262,9149.884379293238,12507.015377894275,3.0494383753160994,0.75,0.23346303501945526,0
84,1111,1300,768,3179,325,18,53,53,4,55,9,0.6414779415674212,1.0,0.3676278006897703,4087.8728266520393,9145.476031637108,12507.015377894275,3.0595412108594138,0.75,0.24088541666666666,0
85,1108,1298,775,3181,317,15,49,52,4,45,8,0.642120331313748,1.0,0.36690313846135053,4074.3053720008706,9141.596911185487,12507.015377894275,3.0697294964299995,0.75,0.24,0
86,1114,1310,772,3196,296,19,49,49,4,32,8,0.6427165909376538,1.0,0.3661678792923974,4061.994430768806,9141.596911185487,12507.015377894275,3.0790331181047668,0.75,0.25129533678756477,0
87,1117,1308,783,3208,281,17,54,66,5,40,6,0.6432697279052954,1.0,0.3655570487478055,4050.190826581865,9141.596911185487,12507.015377894275,3.0880064454764216,0.75,0.24904214559386972,0
88,1115,1311,777,3203,284,12,42,42,5,45,5,0.643782589881043,1.0,0.364926805803162,4037.9746766099393,9141.596911185487,12507.015377894275,3.0973486412238906,0.75,0.24967824967824967,0
89,1122,1313,779,3214,273,21,52,53,5,39,3,0.6442578696081661,1.0,0.3642679316094241,4026.6161242863573,9141.596911185487,12507.015377894275,3.106085852698688,0.75,0.25417201540436457,0
90,1124,1315,780,3219,265,12,46,49,5,39,6,0.6446981098528708,1.0,0.3637166211722674,4015.5995009563235,9141.596911185487,12507.015377894275,3.1146072647224163,0.75,0.24615384615384617,0
91,1127,1317,777,3221,256,15,42,43,5,36,8,0.6451057084459719,1.0,0.3631439466330992,4005.0767136574354,9141.596911185487,12507.015377894275,3.122790466221275,0.75,0.25225225225225223,0
92,1118,1310,774,3202,270,13,38,39,5,54,7,0.6454829234365025,1.0,0.36270485530634106,3993.194061113605,9141.596911185487,12507.015377894275,3.132083035905941,0.75,0.2454780361757106,0
93,1124,1315,774,3213,256,18,48,51,5,33,4,0.6458318783558312,1.0,0.36218143211850107,3982.13598525206,9141.596911185487,12507.015377894275,3.140780582133387,0.75,0.24935400516795866,0
94,1121,1311,777,3209,256,17,45,51,5,47,7,0.6461545675789977,1.0,0.36178384195764074,3970.6490545253714,9141.596911185487,12507.015377894275,3.1498667361800607,0.75,0.24967824967824967,0
95,1123,1305,771,3199,264,21,48,50,5,55,4,0.6464528617615606,1.0,0.3612150794761629,3959.368870893146,9141.596911185487,12507.015377894275,3.1588406601461636,0.75,0.25680933852140075,0
96,1120,1304,772,3196,267,14,43,43,4,45,3,0.6467285133248004,1.0,0.3608583932644242,3947.5333381392934,9141.596911185487,12507.015377894275,3.1683115268608657,0.75,0.25129533678756477,0
97,1114,1291,768,3173,290,12,35,35,4,57,3,0.6469831619591153,1.0,0.36040355353164033,3934.6940086787913,9141.596911185487,12507.015377894275,3.178650067910601,0.75,0.24869791666666666,0
98,1100,1276,755,3131,328,13,32,32,4,71,5,0.6472183401144164,1.0,0.35995929481044114,3919.782635681972,9141.596911185487,12507.015377894275,3.1907420743288943,0.75,0.24503311258278146,0
99,1102,1286,754,3142,310,19,51,51,4,36,7,0.6474354784468358,1.0,0.359608328736204,3905.6111138452757,9141.596911185487,12507.015377894275,3.2023196916757217,0.75,0.2480106100795756,0
100,1101,1283,752,3136,312,14,43,43,4,46,5,0.6476359111927008,1.0,0.3592016885505164,3891.4679308741224,9141.596911185487,12507.015377894275,3.2139582286329884,0.75,0.25132978723404253,0
101,1103,1279,755,3137,306,19,52,52,4,45,3,0.6478208814431642,1.0,0.3588034446712754,3877.421556236625,9141.596911185487,12507.015377894275,3.2256011363472745,0.75,0.247682119205298,0
102,1101,1274,755,3130,312,13,42,42,4,48,4,0.6479915462958391,1.0,0.3584415731397097,3863.0018364399293,9141.596911185487,12507.015377894275,3.2376415822314253,0.75,0.24900662251655628,0
103,1099,1275,755,3129,309,15,45,45,4,43,5,0.6481489818630284,1.0,0.35814192307626763,3848.33904452312,9141.596911185487,12507.015377894275,3.24997751840343,0.75,0.24900662251655628,0
104,1088,1273,753,3114,320,12,48,50,4,59,4,0.6482941881194754,1.0,0.3579467456088134,3831.982865222606,9141.596911185487,12507.015377894275,3.263849505018004,0.75,0.24833997343957503,0
105,1095,1274,752,3121,305,19,46,48,4,38,11,0.6484280935758762,1.0,0.35749050019588297,3817.3457534770178,9141.596911185487,12507.015377894275,3.276364307975587,0.75,0.25,0
106,1099,1275,755,3129,291,17,49,51,4,38,7,0.648551559767553,1.0,0.35715656992437567,3803.4773392978477,9141.596911185487,12507.015377894275,3.2883107383527017,0.75,0.24900662251655628,0
107,1103,1278,751,3132,281,16,42,44,4,35,7,0.6486653855506477,1.0,0.35677852000114724,3790.4955865258817,9141.596911185487,12507.015377894275,3.2995726000455208,0.75,0.2436750998668442,0
108,1099,1277,757,3133,268,12,47,57,5,40,11,0.6487703112008895,1.0,0.3566412957313767,3777.4710796150925,9141.596911185487,12507.015377894275,3.3109493399930106,0.75,0.23910171730515192,0
109,1097,1270,757,3124,272,14,47,50,5,53,7,0.6488670223124111,1.0,0.35634646300427153,3764.447742549298,9141.596911185487,12507.015377894275,3.3224037716152433,0.75,0.24174372523117568,0
110,1085,1265,754,3104,287,12,39,45,5,56,7,0.648956153496203,1.0,0.35621369321259955,3749.9632474280047,9141.596911185487,12507.015377894275,3.335236788379856,0.75,0.2413793103448276,0
111,1081,1266,756,3103,283,11,41,41,5,40,8,0.6490382918796367,1.0,0.3560493568895085,3735.3196993574406,9141.596911185487,12507.015377894275,3.348311894172208,0.75,0.23015873015873015,0
112,1089,1270,758,3117,267,17,45,46,5,31,7,0.6491139804100367,1.0,0.35570130904574593,3721.8969851106845,9141.596911185487,12507.015377894275,3.360387304626684,0.75,0.23350923482849603,0
113,1094,1273,754,3121,262,21,55,55,5,49,4,0.649183720966566,1.0,0.35534062940059,3709.00058311562,9141.596911185487,12507.015377894275,3.3720715587993197,0.75,0.23740053050397877,0
114,1088,1271,755,3114,266,12,41,42,5,47,7,0.6492479772857499,1.0,0.3552079911532095,3695.528014019318,9141.596911185487,12507.015377894275,3.384364921723712,0.75,0.23576158940397351,0
115,1092,1267,750,3109,267,16,43,44,5,43,4,0.649307177706775,1.0,0.35479279225202426,3682.5577172541607,9141.596911185487,12507.015377894275,3.3962849568641458,0.75,0.23866666666666667,0
116,1096,1270,758,3124,248,13,50,58,5,34,8,0.6493617177433435,1.0,0.354625443932245,3670.450914096423,9141.596911185487,12507.015377894275,3.4074874369960626,0.75,0.23746701846965698,0
117,1105,1284,762,3151,221,22,66,71,5,37,3,0.6494119624893138,1.0,0.3544336738043396,3659.425279443962,9141.596911185487,12507.015377894275,3.4177539976426776,0.75,0.24015748031496062,0
118,1102,1278,755,3135,230,13,37,40,5,49,8,0.6494582488656696,1.0,0.35415060502835555,3648.372787492319,9141.596911185487,12507.015377894275,3.4281078459887526,0.75,0.2370860927152318,0
119,1104,1275,757,3136,228,14,51,53,5,48,4,0.6495008877165351,1.0,0.3539159431794266,3637.515821551052,9141.596911185487,12507.015377894275,3.4383397877734128,0.75,0.23381770145310435,0
0,2147,1440,859,4446,277,18,43,43,27,70,0,0.005156694636928112,0.21872073484074592,1.0036922965670763,5833.333333333333,9166.666666666666,12500.0,2.142857142857143,0.75,0.25145518044237486,1
1,2149,1445,860,4454,285,27,65,65,19,54,0,0.00638763049202515,0.2376474281173434,1.0025083579971936,5833.333333333333,9166.666666666666,12500.0,2.142857142857143,0.75,0.313953488372093,1
2,2126,1429,840,4395,354,25,48,48,18,101,2,0.007875674115352123,0.2572606793471383,1.0009573600000228,5830.446632420091,9166.666666666666,12500.0,2.143918088623602,0.75,0.3333333333333333,1
3,2134,1434,850,4418,339,34,72,72,14,47,4,0.009674069323905096,0.27776837270172244,0.9990217374226494,5827.311556301594,9166.666666666666,12500.0,2.1450715101173254,0.75,0.36705882352941177,1
4,2133,1434,853,4420,347,30,67,67,14,64,3,0.01186893874784643,0.2999540717144087,0.9966215899888545,5822.483847108825,9166.666666666666,12500.0,2.14685009494821,0.75,0.37702227432590857,1
5,2123,1430,846,4399,372,20,45,45,13,61,4,0.014457531272586071,0.32209289533819635,0.9937266539574926,5815.213106318295,9166.666666666666,12500.0,2.149534294180657,0.75,0.3640661938534279,1
6,2127,1430,850,4407,366,27,61,61,12,51,8,0.017495614741828404,0.3442200715465219,0.9903776635918756,5807.783914805682,9166.666666666666,12500.0,2.1522839319372693,0.75,0.36504201680672266,1
7,2119,1433,848,4400,378,21,52,52,12,54,2,0.021182384934031014,0.36879542741497917,0.9862915628370502,5798.303704713591,9166.666666666666,12500.0,2.1558029100542675,0.75,0.357311320754717,1
8,2117,1443,859,4419,363,26,67,67,12,46,6,0.0255221038790194,0.3941198065674278,0.9814917813528736,5787.738014406922,9166.666666666666,12500.0,2.159738393286776,0.75,0.3538998835855646,1
9,2108,1436,854,4398,391,25,52,52,11,70,1,0.030466195659918795,0.41835662669341,0.9760474913029799,5775.046366125954,9166.666666666666,12500.0,2.164484786359441,0.75,0.3555035128805621,1
10,2088,1436,855,4379,416,17,48,48,10,65,2,0.03607231590958808,0.44172814873825,0.9697718384544403,5759.151830891264,9166.666666666666,12500.0,2.1704584923342,0.75,0.3444976076555024,1
11,2088,1446,862,4396,402,25,67,67,10,49,6,0.04240523239343758,0.4645253810936281,0.9628033817182721,5742.786221265159,9166.666666666666,12500.0,2.1766437959527942,0.75,0.3422273781902552,1
12,2075,1447,858,4380,421,21,51,51,10,67,7,0.04961570885356467,0.4878560757666215,0.954932147245888,5724.618909940909,9166.666666666666,12500.0,2.1835514637128965,0.75,0.3473193473193473,1
13,2059,1451,860,4370,424,21,55,55,9,62,13,0.057898035218125955,0.5128651814062593,0.9459792661697698,5705.020731555264,9166.666666666666,12500.0,2.1910525111435195,0.75,0.3395348837209302,1
14,2053,1453,863,4369,427,28,63,66,9,63,6,0.06707074454601718,0.5373095040631091,0.9361564732268047,5684.481714332532,9166.666666666666,12500.0,2.1989691634477784,0.75,0.34183082271147164,1
15,2027,1446,862,4335,460,18,53,54,9,86,9,0.07724981090219521,0.5619700441303767,0.9252566191426522,5660.964255079845,9166.666666666666,12500.0,2.2081043858885296,0.75,0.3236658932714617,1
16,2013,1463,866,4342,454,18,58,60,8,50,6,0.0881894622816898,0.585058716591368,0.9136183768118427,5635.713036892102,9166.666666666666,12500.0,2.2179979566335963,0.75,0.3083140877598152,1
17,1989,1468,861,4318,467,15,46,49,8,65,14,0.0999976159691251,0.6076210141603753,0.9010988273659777,5608.357560951341,9166.666666666666,12500.0,2.228816523224606,0.75,0.3042973286875726,1
18,1961,1467,866,4294,491,21,56,59,8,79,7,0.11274107540041836,0.6302431329196229,0.8877209553771287,5580.315773146584,9166.666666666666,12500.0,2.2400166062558857,0.75,0.2956120092378753,1
19,1947,1477,868,4292,486,24,65,75,8,61,9,0.12634845591104973,0.6526909703965282,0.873675860681155,5552.414194280852,9166.666666666666,12503.801843317971,2.2519576900796143,0.75,0.29838709677419356,1
20,1924,1477,877,4278,499,17,52,65,8,63,6,0.14070948292954363,0.6746611194158689,0.8589166153658856,5524.652123309447,9166.666666666666,12503.801843317971,2.2632740603815225,0.75,0.28506271379703535,1
21,1875,1469,876,4220,550,9,40,43,8,96,13,0.15582998174385446,0.6964882176089369,0.8435646524519826,5497.0288626929,9166.666666666666,12503.801843317971,2.2746472968658518,0.75,0.2671232876712329,1
22,1847,1469,867,4183,577,14,39,39,8,73,15,0.17177217678542084,0.7186803843318506,0.8274541883902112,5469.543718379435,9166.666666666666,12503.801843317971,2.2860776852923133,0.75,0.2664359861591695,1
23,1830,1480,878,4188,564,32,70,88,8,61,12,0.18858366999245382,0.7415753878523564,0.8106465380175595,5442.195999787537,9166.666666666666,12503.801843317971,2.2975655128565964,0.75,0.27107061503416857,1
24,1796,1485,879,4160,580,31,49,77,8,76,19,0.20589103772280873,0.763872981558869,0.7934784207064931,5414.9850197886,9166.666666666666,12503.801843317971,2.309111068197584,0.75,0.2821387940841866,1
25,1767,1479,876,4122,610,17,52,52,8,85,11,0.22341958536714088,0.7848916446356746,0.7761006054770702,5387.910094689657,9166.666666666666,12503.801843317971,2.3207146414046074,0.75,0.2785388127853881,1
26,1729,1486,880,4095,626,16,60,62,8,85,17,0.24119124812122206,0.8050646818589555,0.7586954048746782,5360.9705442162085,9166.666666666666,12503.801843317971,2.332376524024731,0.75,0.2636363636363636,1
27,1695,1474,870,4039,658,12,30,30,8,81,27,0.2589808391354939,0.8239418330084796,0.7411948548222724,5334.165691495127,9166.666666666666,12503.801843317971,2.3440970090700817,0.75,0.2597701149425287,1
28,1650,1470,877,3997,685,8,46,52,8,87,22,0.27697415241390183,0.8423873627598777,0.7237438224238453,5307.494863037651,9166.666666666666,12503.801843317971,2.3558763910252076,0.75,0.24629418472063855,1
29,1618,1472,873,3963,701,17,62,63,8,93,23,0.294843426820904,0.8596095849821,0.7063848544356798,5280.957388722463,9166.666666666666,12503.801843317971,2.3677149658544803,0.75,0.24971363115693013,1
30,1590,1467,875,3932,720,12,46,47,8,73,16,0.31224811148274495,0.8748949927113273,0.6894905173191783,5254.552601778851,9166.666666666666,12503.801843317971,2.379613031009528,0.75,0.23885714285714285,1
31,1549,1461,874,3884,743,5,33,36,8,78,30,0.32934047700503893,0.8889539286938388,0.67302202490481,5228.279838769957,9166.666666666666,12503.801843317971,2.3915708854367113,0.75,0.21739130434782608,1
32,1517,1464,870,3851,753,15,53,54,8,83,28,0.3457122017960793,0.9009248651941592,0.657251120561147,5202.138439576107,9166.666666666666,12503.801843317971,2.4035888295846344,0.75,0.2160919540229885,1
33,1495,1466,871,3832,748,15,52,54,8,67,28,0.36145849126406593,0.9113199892233134,0.6420602166931946,5176.127747378227,9166.666666666666,12503.801843317971,2.415667165411693,0.75,0.2227324913892078,1
34,1473,1467,876,3816,744,16,63,75,8,75,24,0.3765130357957497,0.9201822909319829,0.6275755033959319,5150.247108641335,9166.666666666666,12503.801843317971,2.4278061963936612,0.75,0.2237442922374429,1
35,1439,1455,867,3761,771,5,27,27,8,82,36,0.3903748466679152,0.9265092549551408,0.6142043927960751,5124.495873098129,9166.666666666666,12503.801843317971,2.4400062275313177,0.75,0.19492502883506344,1
36,1421,1452,863,3736,773,10,39,39,8,60,27,0.4038445458559698,0.9324036648415052,0.6011793503004512,5098.873393732638,9166.666666666666,12503.801843317971,2.4522675653581083,0.75,0.17149478563151796,1
37,1394,1449,859,3702,781,9,47,47,8,79,32,0.4166937275749563,0.9374229069632027,0.5888448616311025,5073.379026763974,9166.666666666666,12503.801843317971,2.464590517947848,0.75,0.1629802095459837,1
38,1363,1438,850,3651,797,5,26,26,8,70,36,0.4289139307308689,0.9416453419171618,0.5770986604196712,5048.012131630155,9166.666666666666,12503.801843317971,2.47697539492246,0.75,0.15176470588235294,1
39,1346,1437,850,3633,773,14,51,51,8,66,47,0.4408009056446979,0.9457873220978179,0.5656735337614033,5022.772070972004,9166.666666666666,12503.801843317971,2.4894225074597585,0.75,0.15411764705882353,1
40,1330,1432,855,3617,765,7,30,30,7,45,30,0.45236527965213214,0.949897563352322,0.554577163785346,4997.6582106171445,9166.666666666666,12503.801843317971,2.501932168301265,0.75,0.15204678362573099,1
41,1314,1432,852,3598,751,12,37,37,7,53,37,0.4635773911619345,0.9539334597261817,0.5438193039329347,4972.669919564059,9166.666666666666,12503.801843317971,2.5145046917600653,0.75,0.1467136150234742,1
42,1292,1431,845,3568,743,9,37,37,7,65,43,0.47484508884064486,0.9587344550698049,0.5330713762475037,4947.806569966238,9166.666666666666,12503.801843317971,2.527140393728709,0.75,0.14437869822485208,1
43,1287,1430,848,3565,713,23,61,61,7,59,35,0.4851929213814523,0.9623322867147625,0.523089021908638,4923.067537116407,9166.666666666666,12503.801843317971,2.5398395916871443,0.75,0.1650943396226415,1
44,1264,1420,840,3524,727,13,45,45,7,82,30,0.4950692286776271,0.9656656200480955,0.5136320403720687,4898.452199430825,9166.666666666666,12503.801843317971,2.5526026047106978,0.75,0.16428571428571428,1
45,1250,1410,838,3498,707,12,42,42,7,64,49,0.5046066975312434,0.968998953381429,0.5044564545980273,4873.959938433671,9166.666666666666,12503.801843317971,2.5654297534780883,0.75,0.1610978520286396,1
46,1231,1401,834,3466,708,12,41,41,6,71,35,0.5140140854934935,0.9727204603346524,0.4954706211836275,4849.590138741502,9166.666666666666,12503.801843317971,2.578321360279486,0.75,0.15707434052757793,1
47,1206,1389,825,3420,734,6,30,30,6,75,25,0.5231869826933337,0.9766093492235413,0.48674143738854686,4825.3421880477945,9166.666666666666,12503.801843317971,2.5912777490246093,0.75,0.16,1
48,1195,1381,818,3394,727,12,35,35,6,60,38,0.5316544343112569,0.979779392524843,0.47856447452399437,4801.215477107556,9166.666666666666,12503.801843317971,2.6042992452508633,0.75,0.16381418092909536,1
49,1185,1388,824,3397,691,11,50,50,7,45,38,0.5395892692049586,0.9825571703026208,0.471052849399913,4777.209399722018,9166.666666666666,12503.801843317971,2.6173861761315207,0.75,0.1650485436893204,1
50,1179,1381,820,3380,682,12,40,40,6,55,30,0.5472114874012107,0.9853349480803985,0.46365678917477954,4753.323352723408,9166.666666666666,12503.801843317971,2.6305388704839405,0.75,0.174390243902439,1
51,1147,1365,812,3324,715,3,23,23,6,77,27,0.5542206527410948,0.9875583986707064,0.45705727095608467,4729.556735959791,9166.666666666666,12503.801843317971,2.64375765877783,0.75,0.1625615763546798,1
52,1149,1368,808,3325,687,18,46,46,6,44,32,0.5606174314610415,0.9892250653373731,0.4507790003980472,4705.908952279992,9166.666666666666,12503.801843317971,2.6570428731435474,0.75,0.17698019801980197,1
53,1142,1364,812,3318,671,15,47,47,6,53,28,0.566639638709467,0.990744724519069,0.4449733714708486,4682.379407518592,9166.666666666666,12503.801843317971,2.6703948473804497,0.75,0.17980295566502463,1
54,1131,1353,803,3287,671,7,36,36,6,63,33,0.5719414030809519,0.9914992847310012,0.439756348196782,4658.967510480999,9166.666666666666,12503.801843317971,2.683813916965276,0.75,0.1793275217932752,1
55,1117,1342,792,3251,684,9,37,37,6,72,28,0.5768542384041673,0.9920548402865569,0.43487454621457433,4635.672672928595,9163.994096276112,12503.801843317971,2.6973004190605785,0.75,0.16414141414141414,1
56,1115,1339,796,3250,658,13,40,40,5,38,29,0.5815055819628315,0.9926103958421125,0.4302309455172966,4612.494309563952,9160.385929663273,12503.801843317971,2.7108546925231947,0.75,0.16331658291457288,1
57,1113,1343,802,3258,614,18,73,73,5,62,38,0.585908762631083,0.993165951397668,0.4259071482708996,4589.431838016132,9158.027192686834,12503.801843317971,2.7244770779127583,0.75,0.16957605985037408,1
58,1120,1347,801,3268,580,18,54,54,5,42,27,0.5898462325052566,0.9933333333333333,0.4218880109568151,4566.484678826051,9157.489955075256,12503.801843317971,2.73816791750026,0.75,0.1772784019975031,1
59,1124,1350,803,3277,543,16,51,51,5,41,32,0.5934581737755253,0.9933333333333333,0.41823559617836376,4543.652255431921,9157.489955075256,12503.801843317971,2.751927555276643,0.75,0.18929016189290163,1
60,1115,1340,799,3254,547,10,35,35,4,56,21,0.5968557050314749,0.9933333333333333,0.4147800381942582,4520.933994154761,9155.052124984826,12503.801843317971,2.7657563369614504,0.75,0.18773466833541927,1
61,1113,1336,788,3237,531,10,36,36,4,45,29,0.6000506433475374,0.9933333333333333,0.4113912353491405,4498.329324183987,9151.650247692482,12503.801843317971,2.779654610011508,0.75,0.18908629441624367,1
62,1107,1326,787,3220,528,10,39,39,4,54,22,0.6032109638333712,0.99359149894646,0.40808962619438416,4475.837677563068,9145.975097025535,12503.801843317971,2.7936227236296562,0.75,0.18678526048284624,1
63,1107,1332,786,3225,501,15,50,50,3,41,21,0.6063734537644239,0.9941470545020157,0.40486419326633494,4453.458489175252,9142.753005730216,12503.801843317971,2.807661028773524,0.75,0.20229007633587787,1
64,1096,1319,790,3205,499,9,37,37,3,57,25,0.6093682629282406,0.9947026100575711,0.40179531565627224,4431.191196729375,9135.742307609224,12503.801843317971,2.821769878164346,0.75,0.189873417721519,1
65,1096,1318,784,3198,480,11,40,40,3,43,25,0.6122046469989346,0.9952581656131267,0.3987350465357692,4409.0352407457285,9129.275081095933,12503.801843317971,2.835949626295825,0.75,0.18622448979591838,1
66,1087,1300,779,3166,488,11,35,35,3,64,24,0.6148913400421973,0.9958137211686824,0.39573608304360985,4386.990064542,9117.165458479772,12503.801843317971,2.85020062944304,0.75,0.1925545571245186,1
67,1082,1302,771,3155,487,15,44,44,3,53,13,0.6174365789825689,0.9963692767242378,0.39294357916902695,4365.05511421929,9106.259998351185,12503.801843317971,2.864523245671397,0.75,0.20233463035019456,1
68,1081,1292,759,3132,485,13,35,35,4,50,21,0.6198481316680939,0.9969248322797934,0.3900682529410562,4343.229838648193,9093.3516077117,12503.801843317971,2.8789178348456255,0.75,0.20553359683794467,1
69,1074,1287,763,3124,477,8,34,34,4,40,18,0.6221333269923534,0.9974803878353491,0.38756632462890284,4321.513689454952,9079.730446174837,12503.801843317971,2.8933847586388195,0.75,0.1913499344692005,1
70,1079,1290,771,3140,445,17,58,58,4,41,19,0.624299085729012,0.9980359433909045,0.38512445550430646,4299.906121007678,9067.632522782566,12503.801843317971,2.9079243805415267,0.75,0.1880674448767834,1
71,1073,1285,768,3126,442,11,46,46,3,56,16,0.6263519509564791,0.99859149894646,0.3827832591237424,4278.406590402639,9054.820794943296,12503.801843317971,2.9225370658708814,0.75,0.18229166666666666,1
72,1080,1293,768,3141,409,22,64,64,3,46,18,0.6282981171853821,0.9991470545020157,0.3805250682690987,4257.014557450626,9045.388165213932,12503.801843317971,2.9372231817797805,0.75,0.19791666666666666,1
73,1080,1297,771,3148,391,12,42,42,4,34,14,0.6301434575352789,0.9997026100575711,0.37849630298016185,4235.729484663373,9037.50728422378,12503.801843317971,2.951983097266111,0.75,0.19974059662775617,1
74,1088,1297,772,3157,371,17,51,55,4,40,13,0.6317304574464385,1.0,0.3765715017191392,4215.185235453342,9031.057331399425,12503.801843317971,2.9663706681619155,0.75,0.20854922279792745,1
75,1087,1295,778,3160,358,18,53,59,4,49,13,0.6330385753676682,1.0,0.37511297625098944,4195.371302424076,9026.564015453794,12503.801843317971,2.9803802671990685,0.75,0.21079691516709512,1
76,1086,1296,772,3154,353,14,39,39,3,45,14,0.6342604577979837,1.0,0.373659208609517,4176.816582176908,9022.679165118028,12503.801843317971,2.9936200446707515,0.75,0.2189119170984456,1
77,1085,1296,774,3155,344,19,50,50,4,49,12,0.6354010480305753,1.0,0.37238463442792785,4158.583479552639,9020.246798539993,12503.801843317971,3.006745423002323,0.75,0.22868217054263565,1
78,1087,1296,766,3149,341,18,46,46,4,50,11,0.636465055300723,1.0,0.3710595903325244,4141.149418042207,9018.982814912171,12503.801843317971,3.019403692327851,0.75,0.2402088772845953,1
79,1080,1289,766,3135,341,12,46,46,4,57,15,0.6374569676124849,1.0,0.3699533955434832,4123.738641231986,9016.360273809963,12503.801843317971,3.0321518726469057,0.75,0.2362924281984334,1
80,1091,1278,763,3132,334,21,45,45,3,46,11,0.6383810626111629,1.0,0.368550536681005,4109.104985042089,9010.51147800424,12503.801843317971,3.042950201767575,0.75,0.24770642201834864,1
81,1084,1273,764,3121,337,9,39,39,4,48,10,0.6392414168122964,1.0,0.367554171609206,4093.6742229080805,9004.226566083638,12503.801843317971,3.0544203477030645,0.75,0.2486910994764398,1
82,1087,1277,761,3125,330,17,45,45,4,39,5,0.6400419134955664,1.0,0.3665050210814962,4078.7800130308124,8999.519228263478,12503.801843317971,3.0655739714745716,0.75,0.24967148488830487,1
83,1111,1306,781,3198,247,33,102,119,4,25,10,0.640786249554765,1.0,0.3657443847933041,4068.445827051005,8999.519228263478,12503.801843317971,3.0733607807139705,0.75,0.2714468629961588,1
84,1107,1303,780,3190,251,16,50,55,5,55,6,0.6414779415674212,1.0,0.365015039332523,4057.639117383537,8999.519228263478,12503.801843317971,3.081546062031441,0.75,0.2641025641025641,1
85,1115,1306,771,3192,245,15,39,39,5,33,5,0.642120331313748,1.0,0.36410793689742155,4047.9934932531683,8999.519228263478,12503.801843317971,3.088888819648101,0.75,0.2710765239948119,1
86,1114,1310,769,3193,240,13,44,44,5,42,8,0.6427165909376538,1.0,0.3634708210021729,4038.488956806627,8999.519228263478,12503.801843317971,3.096158483296971,0.75,0.2665799739921977,1
87,1117,1308,767,3192,240,21,52,52,5,49,2,0.6432697279052954,1.0,0.3627673181713594,4029.0668684195193,8999.519228263478,12503.801843317971,3.1033989386785317,0.75,0.2711864406779661,1
88,1111,1303,769,3183,248,10,41,41,6,46,3,0.643782589881043,1.0,0.3622487908863505,4018.3122141108365,8999.519228263478,12503.801843317971,3.111704909192773,0.75,0.26527958387516254,1
89,1107,1293,766,3166,254,13,37,37,5,53,15,0.6442578696081661,1.0,0.3616464303571322,4008.0488012813885,8999.519228263478,12503.801843317971,3.1196730537114363,0.75,0.2584856396866841,1
90,1098,1292,764,3154,260,7,29,29,5,36,6,0.6446981098528708,1.0,0.36121513454739335,3996.531564427431,8999.519228263478,12503.801843317971,3.1286633526462206,0.75,0.24476439790575916,1
91,1095,1276,758,3129,281,14,35,40,5,57,6,0.6451057084459719,1.0,0.36055516036864,3984.711633809997,8999.519228263478,12503.801843317971,3.1379439699535836,0.75,0.24934036939313983,1
92,1095,1276,756,3127,279,13,45,45,5,42,4,0.6454829234365025,1.0,0.36003274012054487,3972.7919308237056,8999.519228263478,12503.801843317971,3.1473588501589296,0.75,0.23941798941798942,1
93,1108,1287,764,3159,242,23,67,75,5,30,5,0.6458318783558312,1.0,0.35954614379504307,3962.9364108570585,8999.519228263478,12503.801843317971,3.155186091066698,0.75,0.25523560209424084,1
94,1109,1289,760,3158,239,12,39,43,5,34,3,0.6461545675789977,1.0,0.35907386980285766,3952.9902175121624,8999.519228263478,12503.801843317971,3.163124914381223,0.75,0.25,1
95,1114,1291,772,3177,218,15,47,57,5,28,7,0.6464528617615606,1.0,0.35875691878948524,3943.844083283409,8999.519228263478,12503.801843317971,3.1704604896317434,0.75,0.22279792746113988,1
96,1114,1300,771,3185,207,13,52,54,5,42,6,0.6467285133248004,1.0,0.35844210714270125,3934.7191106985574,8999.519228263478,12503.801843317971,3.1778130767504993,0.75,0.2191958495460441,1
97,1122,1307,781,3210,183,21,57,66,5,32,4,0.6469831619591153,1.0,0.3581422679296856,3926.713992507826,8999.519228263478,12503.801843317971,3.1842914628300503,0.75,0.22407170294494239,1
98,1121,1305,781,3207,190,12,33,35,6,35,1,0.6472183401144164,1.0,0.35781506320304574,3917.898044465318,8999.519228263478,12503.801843317971,3.191456669216206,0.75,0.22279129321382843,1
99,1125,1308,779,3212,185,19,52,52,6,46,5,0.6474354784468358,1.0,0.35743794368679194,3909.4454008276875,8999.519228263478,12503.801843317971,3.198356943588656,0.75,0.220795892169448,1
100,1118,1298,776,3192,206,13,36,36,6,56,5,0.6476359111927008,1.0,0.35713559949736934,3899.811845338421,8999.519228263478,12503.801843317971,3.2062577219627135,0.75,0.22551546391752578,1
101,1119,1308,783,3210,191,19,58,62,6,39,2,0.6478208814431642,1.0,0.35697561933436883,3889.8261469953104,8999.519228263478,12503.801843317971,3.2144886097227023,0.75,0.23116219667943805,1
102,1130,1315,780,3225,176,21,51,53,6,36,6,0.6479915462958391,1.0,0.3565396764566578,3881.5270458680257,8999.519228263478,12503.801843317971,3.221361514569003,0.75,0.25,1
103,1134,1318,780,3232,166,14,46,46,7,35,6,0.6481489818630284,1.0,0.35624701065683545,3873.7158114560925,8999.519228263478,12503.801843317971,3.227857295658948,0.75,0.25,1
104,1133,1318,783,3234,162,14,45,52,7,40,6,0.6482941881194754,1.0,0.35606374890658776,3865.902213879879,8999.519228263478,12503.801843317971,3.2343813039101583,0.75,0.2503192848020434,1
105,1136,1320,779,3235,166,16,45,45,7,43,1,0.6484280935758762,1.0,0.35574809063610496,3857.764101336905,8999.519228263478,12503.801843317971,3.24120436472121,0.75,0.24261874197689345,1
106,1140,1318,778,3236,162,21,48,49,7,43,6,0.648551559767553,1.0,0.355436209791831,3850.1081525025916,8999.519228263478,12503.801843317971,3.247649506986039,0.75,0.2544987146529563,1
107,1132,1302,771,3205,197,9,26,26,7,54,0,0.6486653855506477,1.0,0.355127594245359,3840.3734704457265,8999.519228263478,12503.801843317971,3.2558817363840236,0.75,0.2490272373540856,1
108,1129,1308,778,3215,186,11,49,53,7,37,6,0.6487703112008895,1.0,0.3550771689925413,3830.093176765823,8999.519228263478,12503.801843317971,3.2646207980444832,0.75,0.2442159383033419,1
109,1134,1317,786,3237,163,24,58,74,7,34,6,0.6488670223124111,1.0,0.3549509033646829,3821.3462716080894,8999.519228263478,12503.801843317971,3.272093381387328,0.75,0.2455470737913486,1
110,1127,1309,777,3213,190,10,37,38,7,58,1,0.648956153496203,1.0,0.3546770022042653,3810.9505661595213,8999.519228263478,12503.801843317971,3.281019164706368,0.75,0.24581724581724582,1
111,1136,1310,779,3225,180,18,51,51,7,38,4,0.6490382918796367,1.0,0.35434602953090116,3801.5180984746976,8999.519228263478,12503.801843317971,3.2891601511340784,0.75,0.24390243902439024,1
112,1140,1317,784,3241,165,22,44,57,7,26,4,0.6491139804100367,1.0,0.35421184208291806,3793.3302133395214,8999.519228263478,12503.801843317971,3.296259787599678,0.75,0.2538265306122449,1
113,1129,1306,775,3210,193,15,35,36,7,63,7,0.649183720966566,1.0,0.35400905685179135,3783.5550931743774,8999.519228263478,12503.801843317971,3.304775940986065,0.75,0.25161290322580643,1
114,1141,1314,789,3244,163,24,66,72,7,32,3,0.6492479772857499,1.0,0.35385884121180683,3775.0420942147352,8999.519228263478,12503.801843317971,3.3122284550098366,0.75,0.2509505703422053,1
115,1136,1319,783,3238,166,15,40,47,7,42,6,0.649307177706775,1.0,0.35374081347736314,3766.4574334400545,8999.519228263478,12503.801843317971,3.31977781888743,0.75,0.2541507024265645,1
116,1132,1325,782,3239,163,27,50,67,7,44,4,0.6493617177433435,1.0,0.353688944098487,3758.45736106205,8999.519228263478,12503.801843317971,3.3268441389966164,0.75,0.2710997442455243,1
117,1135,1323,786,3244,159,22,50,60,7,43,4,0.6494119624893138,1.0,0.35352534331759766,3751.29672590329,8999.519228263478,12503.801843317971,3.333194560957353,0.75,0.27735368956743,1
118,1134,1320,784,3238,163,10,35,35,7,39,7,0.6494582488656696,1.0,0.3533516950933049,3744.0039952053803,8999.519228263478,12503.801843317971,3.3396870995144505,0.75,0.26403061224489793,1
119,1143,1325,790,3258,144,21,51,59,7,31,6,0.6495008877165351,1.0,0.3531877589558941,3738.293296504522,8999.519228263478,12503.801843317971,3.344788878660111,0.75,0.2772151898734177,1
0,2188,1472,873,4533,196,49,104,104,27,49,0,0.005937126979132328,0.25182270177863625,1.0036978175507276,5833.333333333333,9166.666666666666,12500.0,2.142857142857143,0.75,0.6735395189003437,2
1,2196,1473,872,4541,210,38,77,77,28,63,0,0.007196379998514438,0.2677364009294535,1.0025110812995648,5833.333333333333,9166.666666666666,12500.0,2.142857142857143,0.75,0.5986238532110092,2
2,2201,1478,877,4556,215,30,66,66,24,47,0,0.008710538214593312,0.2845317043016444,1.00104510412294,5833.333333333333,9166.666666666666,12500.0,2.142857142857143,0.75,0.5336374002280502,2
3,2207,1487,883,4577,213,38,83,83,21,61,1,0.010560598085962434,0.30322298165117917,0.999251702790056,5833.333333333333,9166.666666666666,12500.0,2.142857142857143,0.75,0.5266138165345413,2
4,2197,1483,883,4563,240,22,57,57,19,67,2,0.012730556469185243,0.3217290382272119,0.9971520021844795,5833.333333333333,9166.666666666666,12500.0,2.142857142857143,0.75,0.48108720271800676,2
5,2184,1478,876,4538,274,26,58,58,16,78,2,0.015317749668705295,0.3412573175763548,0.994504402337833,5830.416666666667,9166.666666666666,12500.0,2.143929107410848,0.75,0.4634703196347032,2
6,2174,1477,872,4523,297,18,47,47,14,57,1,0.01831596559708634,0.3603601863271144,0.9913021825389684,5824.864119008151,9166.666666666666,12500.0,2.1459728063370656,0.75,0.4344692005242464,2
7,2189,1489,885,4563,268,41,92,97,13,51,1,0.02189824151020738,0.38125883192778465,0.9875495719024225,5819.819906781381,9166.666666666666,12500.0,2.1478327852438746,0.75,0.4440677966101695,2
8,2166,1477,880,4523,316,22,46,51,13,81,0,0.026110136836528453,0.4032003838022559,0.9829690004545282,5810.63423532884,9166.666666666666,12500.0,2.151228160946632,0.75,0.4303030303030303,2
9,2161,1476,883,4520,328,28,72,74,12,72,0,0.03104106751923469,0.4262506694721337,0.9776007759889345,5799.60588871893,9166.666666666666,12500.0,2.1553188681862507,0.75,0.42400906002265004,2
10,2151,1470,874,4495,361,26,55,56,11,77,0,0.036636864718646994,0.4486414032385438,0.9715067490899889,5786.276928578095,9166.666666666666,12500.0,2.1602837462312263,0.75,0.42188475140420223,2
11,2121,1473,880,4474,387,19,58,62,10,75,1,0.04312064100737781,0.47236227857705465,0.9642618878198765,5768.543278234234,9166.666666666666,12500.0,2.166924888500842,0.75,0.4056818181818182,2
12,2103,1474,871,4448,414,18,39,41,9,59,2,0.05067004846641543,0.4982230744034597,0.9559306254958446,5748.068093534099,9166.666666666666,12500.0,2.174643688383064,0.75,0.3742824339839265,2
13,2083,1467,874,4424,436,20,53,54,9,75,9,0.05919208210935782,0.5243279467854213,0.9465472745562203,5725.3450080387875,9166.666666666666,12500.0,2.1832745419619464,0.75,0.3524027459954233,2
14,2055,1459,874,4388,471,14,41,44,8,75,7,0.06880739078620926,0.5512219264816565,0.9359917907659311,5699.379944600393,9166.666666666666,12500.0,2.1932210383416413,0.75,0.3340961098398169,2
15,2026,1455,867,4348,511,13,46,47,8,83,5,0.07948996020600942,0.5782664827678378,0.9243505961273182,5670.8830448773915,9166.666666666666,12500.0,2.2042422495895893,0.75,0.3079584775086505,2
16,2020,1468,875,4363,496,27,76,80,8,60,7,0.09110905216923793,0.6044276011314054,0.9118809076586515,5642.528629653005,9166.666666666666,12500.0,2.215318843808632,0.75,0.31085714285714283,2
17,1996,1467,870,4333,525,17,50,54,8,76,5,0.10331125214377741,0.6277558439109406,0.8989235685881704,5614.31598650474,9166.666666666666,12500.0,2.226451099305158,0.75,0.3022988505747126,2
18,1978,1476,881,4335,517,18,64,73,8,60,12,0.11633125821523235,0.6503129083490858,0.8852780677568346,5586.244406572217,9166.666666666666,12500.0,2.2376392957840783,0.75,0.2985244040862656,2
19,1957,1479,876,4312,532,18,53,56,8,75,15,0.13007561885917499,0.6719447522009572,0.8710018028136545,5558.3131845393555,9166.666666666666,12500.0,2.2488837143558573,0.75,0.273972602739726,2
20,1928,1484,879,4291,546,18,58,58,8,76,12,0.1445408575259574,0.6930314482686326,0.8561527230115401,5530.521618616659,9166.666666666666,12500.0,2.260184637543575,0.75,0.2684869169510808,2
21,1894,1476,878,4248,578,18,40,44,8,80,16,0.15949503467426338,0.7128693154848185,0.8408911472045537,5502.8690105235755,9166.666666666666,12500.0,2.2715423492900255,0.75,0.25740318906605925,2
22,1853,1476,879,4208,610,18,51,56,8,89,14,0.1751014386455841,0.7326097367914893,0.8251497715189055,5475.354665470958,9166.666666666666,12500.0,2.2829571349648496,0.75,0.24800910125142206,2
23,1829,1478,876,4183,617,20,56,56,8,77,22,0.19107458270008218,0.751370507214175,0.8090743415006258,5447.977892143604,9166.666666666666,12500.0,2.2944292813717078,0.75,0.25,2
24,1795,1479,879,4153,631,24,62,73,8,90,22,0.20688158817840396,0.7675480066511157,0.7932831139032176,5420.738002682886,9166.666666666666,12500.0,2.305959076755485,0.75,0.25597269624573377,2
25,1778,1486,891,4155,616,33,55,82,8,52,20,0.22298086289971175,0.7833503760023397,0.7772641365484171,5393.634312669472,9166.666666666666,12500.0,2.3175468108095325,0.75,0.2671156004489338,2
26,1746,1495,895,4136,623,27,51,72,8,70,20,0.23890661317201733,0.7974388707116914,0.7615379675545528,5366.666141106124,9166.666666666666,12500.0,2.3291927746829475,0.75,0.28044692737430166,2
27,1711,1485,889,4085,654,14,42,42,8,92,27,0.25454945337405294,0.8098434768550381,0.7460482535491968,5339.832810400593,9166.666666666666,12500.0,2.3408972609878873,0.75,0.28346456692913385,2
28,1694,1488,892,4074,649,16,52,52,8,61,22,0.2704955314852238,0.8226833277412076,0.7303245300021554,5313.13364634859,9166.666666666666,12500.0,2.352660563806922,0.75,0.2701793721973094,2
29,1664,1486,886,4036,665,15,50,50,8,86,28,0.2867312923940126,0.8359588338590138,0.7144115405331417,5286.567978116847,9166.666666666666,12500.0,2.3644829787004236,0.75,0.2697516930022573,2
30,1633,1495,888,4016,668,14,55,62,8,70,20,0.3032627489342509,0.8497187036889748,0.6983779027950807,5260.135138226263,9166.666666666666,12500.0,2.376364802713994,0.75,0.26463963963963966,2
31,1608,1494,887,3989,674,13,54,59,8,77,25,0.31942429025761687,0.8621882142364332,0.6826500221736055,5233.834462535132,9166.666666666666,12500.0,2.3883063343859234,0.75,0.2593010146561443,2
32,1575,1483,881,3939,699,19,50,51,8,98,31,0.3354151057643676,0.874090666672774,0.6671224839680828,5207.665290222456,9166.666666666666,12500.0,2.400307873754697,0.75,0.26220204313280365,2
33,1535,1476,883,3894,717,6,29,29,8,73,34,0.3510835482381027,0.8851623716956457,0.6520612558595325,5181.626963771344,9166.666666666666,12500.0,2.4123697223665292,0.75,0.2480181200453001,2
34,1498,1471,880,3849,733,9,44,44,8,87,35,0.3662577610479628,0.8951188234968881,0.6374803798646932,5155.7188289524875,9166.666666666666,12500.0,2.4244921832829442,0.75,0.23863636363636365,2
35,1468,1465,869,3802,756,7,35,35,8,80,30,0.3804957415521409,0.9030623489913814,0.62371865098744,5129.940234807725,9166.666666666666,12500.0,2.436675561088386,0.75,0.22669735327963175,2
36,1440,1453,865,3758,787,6,30,30,8,73,20,0.3943331555509932,0.910443593152779,0.6103619097057238,5104.290533633686,9166.666666666666,12500.0,2.4489201618978753,0.75,0.2069364161849711,2
37,1425,1452,868,3745,769,15,45,45,7,56,36,0.4076829513321127,0.917151644161336,0.5974830313095633,5078.769080965518,9166.666666666666,12500.0,2.461226293364699,0.75,0.18548387096774194,2
38,1404,1459,865,3728,761,13,48,48,7,64,31,0.42054077032343495,0.9232627552724469,0.5851605134376466,5053.37523556069,9166.666666666666,12500.0,2.4735942646881397,0.75,0.1699421965317919,2
39,1374,1451,860,3685,773,9,38,38,6,74,30,0.43295838555146643,0.9289603238260531,0.573273783741802,5028.108359382887,9166.666666666666,12500.0,2.4860243866212457,0.75,0.16511627906976745,2
40,1351,1445,855,3651,775,9,36,36,6,68,36,0.44474461049448094,0.9338953293401676,0.5619542674606586,5002.967817585973,9166.666666666666,12500.0,2.498516971478639,0.75,0.15789473684210525,2
41,1324,1435,852,3611,783,10,39,39,6,79,38,0.45656053726876034,0.9394944214160269,0.5506704314219374,4977.952978498043,9166.666666666666,12500.0,2.5110723331443605,0.75,0.15258215962441316,2
42,1321,1442,855,3618,753,16,54,54,6,46,28,0.46754229219500465,0.943989766902896,0.5400833101640774,4953.063213605553,9166.666666666666,12500.0,2.5236907870797594,0.75,0.1543859649122807,2
43,1293,1434,855,3582,761,7,33,33,6,68,33,0.4785968601864478,0.9492496501523283,0.5296040292202752,4928.297897537525,9166.666666666666,12500.0,2.5363726503314163,0.75,0.14736842105263157,2
44,1282,1435,855,3572,742,14,47,47,5,56,33,0.48925103726524627,0.9543168488210844,0.519403872600247,4903.656408049837,9166.666666666666,12500.0,2.5491182415391123,0.75,0.1415204678362573,2
45,1264,1431,856,3551,735,7,35,35,5,55,32,0.4995647366598733,0.9593168488210844,0.5095930719853486,4879.138126009589,9166.666666666666,12500.0,2.561927880943831,0.75,0.1425233644859813,2
46,1256,1428,853,3537,718,12,42,42,5,56,36,0.5093171863661988,0.963832046553421,0.5002019847355502,4854.74243537954,9166.666666666666,12500.0,2.5748018903958103,0.75,0.14654161781946073,2
47,1237,1414,847,3498,710,8,30,30,5,64,47,0.5190205434505515,0.968832046553421,0.4909150683970284,4830.468723202643,9166.666666666666,12500.0,2.587740593362623,0.75,0.1487603305785124,2
48,1220,1411,842,3473,709,10,41,41,5,65,30,0.5284272457398159,0.973832046553421,0.4819712314314948,4806.316379586629,9166.666666666666,12500.0,2.6007443149373097,0.75,0.1543942992874109,2
49,1205,1405,839,3449,709,11,37,37,5,59,27,0.5375435492588004,0.978832046553421,0.4732903648544781,4782.284797688696,9166.666666666666,12500.0,2.6138133818465428,0.75,0.1501787842669845,2
50,1192,1398,834,3424,703,10,38,38,5,62,35,0.5463768423075834,0.983832046553421,0.4648500611343697,4758.373373700252,9166.666666666666,12500.0,2.6269481224588374,0.75,0.1474820143884892,2
51,1177,1401,834,3412,674,11,47,47,5,57,44,0.554710562345398,0.9884313620688154,0.4569980129605961,4734.581506831751,9166.666666666666,12500.0,2.6401488667928015,0.75,0.1498800959232614,2
52,1171,1398,828,3397,666,10,39,39,6,53,28,0.5623746371904359,0.9923257037672936,0.449603106762404,4710.9085992975915,9166.666666666666,12500.0,2.6534159465254286,0.75,0.15217391304347827,2
53,1168,1400,827,3395,644,13,41,41,5,40,26,0.5688229885956666,0.9945622166847392,0.4433595061374136,4687.354056301104,9166.666666666666,12500.0,2.666749695000431,0.75,0.15598548972188633,2
54,1148,1392,824,3364,650,9,41,41,5,68,26,0.5749901178318838,0.9967844389069614,0.4375133302707544,4663.917286019599,9166.666666666666,12500.0,2.6801504472366133,0.75,0.14805825242718446,2
55,1154,1391,823,3368,615,23,62,62,5,52,30,0.5804223858927242,0.9981912223241959,0.43210073185327097,4640.597699589501,9166.666666666666,12500.0,2.693618539936295,0.75,0.16767922235722965,2
56,1152,1399,829,3380,568,17,61,61,5,45,36,0.5852076926210802,0.9989297737465028,0.4274811555348203,4617.394711091553,9166.666666666666,12500.0,2.7071543114937637,0.75,0.1700844390832328,2
57,1148,1387,829,3364,555,14,50,50,5,63,31,0.5896368192396981,0.9994853293020585,0.4230629823499997,4594.307737536095,9166.666666666666,12500.0,2.7207581020037828,0.75,0.17852834740651388,2
58,1148,1390,822,3360,530,18,52,52,5,51,29,0.5938049320522717,1.0,0.4188846379422,4571.336198848415,9166.666666666666,12500.0,2.7344302532701334,0.75,0.1873479318734793,2
59,1143,1392,824,3359,511,13,52,52,5,51,23,0.5974411145391194,1.0,0.41531457596133425,4548.479517854173,9166.666666666666,12500.0,2.7481711088142045,0.75,0.1929611650485437,2
60,1151,1394,830,3375,466,19,58,64,4,40,31,0.6008614480182632,1.0,0.41181632755880887,4525.737120264902,9166.666666666666,12500.0,2.7619810138836227,0.75,0.20240963855421687,2
61,1135,1385,824,3344,478,10,40,43,4,71,23,0.6040778288733599,1.0,0.4086590458476242,4503.108434663577,9166.666666666666,12500.0,2.7758603154609274,0.75,0.20266990291262135,2
62,1138,1375,816,3329,481,17,43,43,4,56,14,0.6071015749158251,1.0,0.40542194645549984,4480.592892490259,9166.666666666666,12500.0,2.789809362272289,0.75,0.21323529411764705,2
63,1139,1372,820,3331,464,19,51,51,3,49,18,0.6099434193547616,1.0,0.40251055245739253,4458.189928027808,9166.666666666666,12500.0,2.8038285047962703,0.75,0.22195121951219512,2
64,1133,1378,818,3329,446,14,56,56,3,53,18,0.6126135156043994,1.0,0.39986566082316766,4435.898978387669,9166.666666666666,12500.0,2.8179180952726335,0.75,0.2273838630806846,2
65,1129,1369,811,3309,433,11,39,39,3,56,33,0.6151214510476155,1.0,0.397214085864225,4413.71948349573,9166.666666666666,12500.0,2.8320784877111898,0.75,0.22688039457459927,2
66,1123,1360,804,3287,438,7,32,32,3,54,20,0.6174762678712276,1.0,0.39473143539453426,4391.6508860782515,9166.666666666666,12500.0,2.846310037900693,0.75,0.2263681592039801,2
67,1135,1368,803,3306,403,20,59,59,3,35,14,0.6196864891423735,1.0,0.3922979852084315,4369.69263164786,9166.666666666666,12500.0,2.8606131034177817,0.75,0.22291407222914073,2
68,1133,1364,806,3303,380,11,48,48,3,46,24,0.6217601484061834,1.0,0.39013405882511754,4347.844168489621,9166.666666666666,12500.0,2.874988043635962,0.75,0.21464019851116625,2
69,1140,1367,810,3317,355,18,51,53,3,34,11,0.623704821247119,1.0,0.3880222725125674,4326.104947647173,9166.666666666666,12500.0,2.889435219734635,0.75,0.21851851851851853,2
70,1143,1365,812,3320,340,17,45,48,3,41,14,0.625527657458816,1.0,0.3860480389033561,4305.743497048203,9166.666666666666,12500.0,2.903099083484504,0.75,0.21674876847290642,2
71,1141,1363,808,3312,341,15,41,41,3,49,10,0.6272354126960791,1.0,0.3842105038408593,4286.069032209112,9166.666666666666,12500.0,2.9164252619508764,0.75,0.2202970297029703,2
72,1134,1354,804,3292,342,10,34,34,3,52,20,0.6288344787229863,1.0,0.3825123234900386,4267.601117114446,9166.666666666666,12500.0,2.9290460042929034,0.75,0.21019900497512436,2
73,1128,1347,794,3269,352,8,29,29,3,46,10,0.6303309116087934,1.0,0.3808558709489541,4249.055648153515,9166.666666666666,12500.0,2.9418301465249215,0.75,0.21032745591939547,2
74,1129,1344,804,3277,335,18,60,61,3,49,9,0.6317304574464385,1.0,0.3793999555599762,4231.536173900965,9166.666666666666,12500.0,2.9540099591010964,0.75,0.208955223880597,2
75,1136,1346,803,3285,317,19,54,59,3,41,8,0.6330385753676682,1.0,0.37790751510756615,4215.851447859506,9166.666666666666,12500.0,2.965000108423309,0.75,0.20921544209215442,2
76,1142,1355,809,3306,290,21,64,72,3,42,8,0.6342604577979837,1.0,0.3766395633331112,4201.567891461535,9166.666666666666,12500.0,2.975079856594158,0.75,0.21631644004944375,2
77,1127,1338,803,3268,315,5,26,26,3,62,14,0.6354010480305753,1.0,0.3754474624703991,4186.175821560132,9166.666666666666,12500.0,2.986018870879966,0.75,0.21046077210460773,2
78,1132,1328,791,3251,321,19,46,46,3,60,11,0.636465055300723,1.0,0.37404634978155604,4172.567588375846,9166.666666666666,12500.0,2.9957573449075205,0.75,0.22882427307206069,2
79,1125,1331,796,3252,317,8,43,43,3,41,5,0.6374569676124849,1.0,0.3731302190688893,4158.168758316716,9166.666666666666,12500.0,3.006130998170496,0.75,0.21231155778894473,2
80,1126,1326,788,3240,322,17,44,44,3,54,8,0.6383810626111629,1.0,0.3719822449195948,4144.245193232049,9166.666666666666,12500.0,3.0162308013082098,0.75,0.22208121827411167,2
81,1133,1326,783,3242,311,15,46,46,3,40,8,0.6392414168122964,1.0,0.3708888130550753,4132.14336696436,9166.666666666666,12500.0,3.0250644495868513,0.75,0.21966794380587484,2
82,1136,1337,793,3266,280,17,58,58,4,34,11,0.6400419134955664,1.0,0.37015166158987134,4121.229461582912,9166.666666666666,12500.0,3.0330754733561736,0.75,0.21689785624211855,2
83,1127,1328,791,3246,294,9,28,28,4,45,7,0.640786249554765,1.0,0.36936891605597,4109.064121140165,9166.666666666666,12500.0,3.0420552299708468,0.75,0.20986093552465235,2
84,1122,1332,790,3244,288,14,47,47,4,45,8,0.6414779415674212,1.0,0.3686771138208572,4096.554443540124,9166.666666666666,12500.0,3.0513447757813417,0.75,0.21518987341772153,2
85,1124,1317,786,3227,296,15,38,38,4,52,10,0.642120331313748,1.0,0.36775028683953814,4085.074015022717,9166.231681786461,12500.0,3.0599200783221274,0.75,0.22519083969465647,2
86,1123,1319,790,3232,282,17,53,55,4,47,12,0.6427165909376538,1.0,0.36713219706201533,4073.87625435596,9166.231681786461,12500.0,3.0683308032821257,0.75,0.22278481012658227,2
87,1120,1311,786,3217,295,15,38,41,5,50,4,0.6432697279052954,1.0,0.3664212978408664,4062.1030969588455,9166.231681786461,12500.0,3.077223719249842,0.75,0.21882951653944022,2
88,1122,1306,786,3214,295,17,47,48,5,49,7,0.643782589881043,1.0,0.36572733309324534,4050.8118273334007,9165.80594548034,12500.0,3.085801200553074,0.75,0.21374045801526717,2
89,1125,1316,782,3223,283,17,52,52,5,40,5,0.6442578696081661,1.0,0.3651461631348428,4040.0200651616606,9165.80594548034,12500.0,3.0940440389866763,0.75,0.23017902813299232,2
90,1131,1317,785,3233,272,19,54,57,5,40,2,0.6446981098528708,1.0,0.364551301912952,4029.7849336207128,9165.80594548034,12500.0,3.1019025099110937,0.75,0.22929936305732485,2
91,1121,1316,782,3219,282,13,41,41,5,54,8,0.6451057084459719,1.0,0.36415208274817384,4018.1605540044993,9165.80594548034,12500.0,3.1108761912319554,0.75,0.23657289002557544,2
92,1122,1309,782,3213,285,16,39,41,5,42,5,0.6454829234365025,1.0,0.3635794707393951,4006.4578928518226,9165.80594548034,12500.0,3.1199629034669374,0.75,0.23529411764705882,2
93,1129,1312,782,3223,269,18,53,55,5,39,7,0.6458318783558312,1.0,0.36303364614040395,3996.1335590510125,9165.80594548034,12500.0,3.1280235796144047,0.75,0.2391304347826087,2
94,1122,1315,782,3219,269,12,41,45,5,42,6,0.6461545675789977,1.0,0.36272563490048615,3984.4950502523016,9165.80594548034,12500.0,3.137160378504797,0.75,0.23273657289002558,2
95,1130,1309,786,3225,257,21,56,64,5,47,8,0.6464528617615606,1.0,0.3621781276710324,3974.513874814641,9165.80594548034,12500.0,3.145038712585438,0.75,0.24681933842239187,2
96,1124,1312,781,3217,263,11,37,37,5,42,4,0.6467285133248004,1.0,0.3618526138879148,3963.3754600663137,9165.80594548034,12500.0,3.1538773265227955,0.75,0.24455825864276567,2
97,1117,1307,774,3198,280,9,37,37,5,53,4,0.6469831619591153,1.0,0.3614575153019122,3950.9408638416394,9165.80594548034,12500.0,3.1638033650156454,0.75,0.23901808785529716,2
98,1125,1309,777,3211,265,18,57,57,4,42,4,0.6472183401144164,1.0,0.36100364347228286,3939.7581547811264,9165.80594548034,12500.0,3.172783584401119,0.75,0.23938223938223938,2
99,1133,1319,776,3228,246,24,66,68,4,45,2,0.6474354784468358,1.0,0.3606059500413407,3929.554030211655,9165.80594548034,12500.0,3.1810225546960402,0.75,0.25128865979381443,2
100,1135,1312,786,3233,235,16,45,56,5,38,9,0.6476359111927008,1.0,0.3603078470587979,3920.2028393757323,9165.80594548034,12500.0,3.1886105163860723,0.75,0.24681933842239187,2
101,1140,1318,791,3249,218,13,43,48,5,26,5,0.6478208814431642,1.0,0.36004003065467854,3911.4952920550913,9165.80594548034,12500.0,3.1957088189239586,0.75,0.2402022756005057,2
102,1137,1321,786,3244,217,12,41,41,5,45,10,0.6479915462958391,1.0,0.35978946711057824,3902.6192065846585,9165.80594548034,12500.0,3.202977113142243,0.75,0.23282442748091603,2
103,1137,1319,792,3248,210,17,49,53,5,44,7,0.6481489818630284,1.0,0.3595760766250299,3894.0262283932725,9165.80594548034,12500.0,3.2100451478360146,0.75,0.2361111111111111,2
104,1140,1316,788,3244,208,17,46,46,5,45,6,0.6482941881194754,1.0,0.35921337707406437,3885.902173673327,9165.80594548034,12500.0,3.2167562232231397,0.75,0.23857868020304568,2
105,1133,1311,781,3225,228,9,31,33,5,48,2,0.6484280935758762,1.0,0.35896460985600726,3876.3561757124817,9165.80594548034,12500.0,3.224677876176452,0.75,0.22919334186939821,2
106,1124,1305,779,3208,249,13,38,38,5,54,0,0.648551559767553,1.0,0.35877878302589994,3864.851767950566,9165.80594548034,12500.0,3.234276694298275,0.75,0.23106546854942234,2
107,1135,1307,780,3222,236,24,59,59,4,45,3,0.6486653855506477,1.0,0.3583708977589905,3854.8806278116763,9165.80594548034,12500.0,3.242642563252588,0.75,0.23461538461538461,2
108,1131,1303,779,3213,244,13,42,42,5,49,4,0.6487703112008895,1.0,0.35815271439576724,3844.217815799885,9165.80594548034,12500.0,3.2516367695463333,0.75,0.2374839537869063,2
109,1121,1306,781,3208,248,16,51,51,5,52,2,0.6488670223124111,1.0,0.3581198271477484,3831.6127662239924,9165.80594548034,12500.0,3.262333842863405,0.75,0.24583866837387963,2
110,1136,1319,786,3241,214,27,72,79,4,39,5,0.648956153496203,1.0,0.35779827010738263,3821.3659055387284,9165.80594548034,12500.0,3.2710816783816403,0.75,0.25572519083969464,2
111,1143,1325,789,3257,194,21,66,71,5,47,6,0.6490382918796367,1.0,0.3575593335274997,3812.293807854587,9165.80594548034,12500.0,3.278865856101086,0.75,0.2509505703422053,2
112,1142,1321,788,3251,201,11,37,40,5,41,2,0.6491139804100367,1.0,0.35732913684257506,3802.7180691049266,9165.80594548034,12500.0,3.2871224668365215,0.75,0.24492385786802032,2
113,1132,1311,784,3227,225,8,37,37,5,59,3,0.649183720966566,1.0,0.35715661882180827,3791.4689639423273,9165.80594548034,12500.0,3.2968752003188335,0.75,0.23979591836734693,2
114,1134,1312,786,3232,218,16,50,52,5,42,4,0.6492479772857499,1.0,0.356939841141282,3780.4172352601977,9165.80594548034,12500.0,3.3065133349334266,0.75,0.24427480916030533,2
115,1135,1317,790,3242,207,11,46,51,5,34,4,0.649307177706775,1.0,0.3568061337122063,3769.417570229433,9165.80594548034,12500.0,3.316162183442882,0.75,0.23544303797468355,2
116,1130,1302,786,3218,226,14,38,40,5,61,9,0.6493617177433435,1.0,0.3565102318319692,3758.2270221039535,9165.80594548034,12500.0,3.3260364332653256,0.75,0.23282442748091603,2
117,1130,1305,783,3218,224,14,45,45,5,43,5,0.6494119624893138,1.0,0.35630268762831396,3747.0696961845615,9165.80594548034,12500.0,3.3359400847889416,0.75,0.24010217113665389,2
118,1130,1305,777,3212,230,15,43,43,5,48,4,0.6494582488656696,1.0,0.3560338954555797,3735.8227837935783,9165.80594548034,12500.0,3.345983126990502,0.75,0.24453024453024452,2
119,1131,1305,775,3211,230,19,48,48,5,46,3,0.6495008877165351,1.0,0.35579436774234846,3724.50744213993,9165.80594548034,12500.0,3.3561484825005685,0.75,0.23870967741935484,2
0,2154,1444,855,4453,262,28,55,55,27,67,0,0.004930929430670355,0.2091449241149076,1.0037211730439923,5833.333333333333,9166.666666666666,12500.0,2.142857142857143,1.25,0.3929824561403509,0
1,2157,1449,855,4461,271,31,72,72,21,60,0,0.005983738983188697,0.22262092048931914,1.0027144968048212,5833.333333333333,9166.666666666666,12500.0,2.142857142857143,1.25,0.41403508771929826,0
2,2164,1458,857,4479,267,35,83,83,19,60,0,0.007251696150073561,0.23687829773839517,1.0014987149870476,5833.333333333333,9166.666666666666,12500.0,2.142857142857143,1.25,0.4387397899649942,0
3,2164,1453,859,4476,286,31,65,65,18,67,1,0.008824710111582975,0.2533810008164549,0.9999878495897405,5833.333333333333,9166.666666666666,12500.0,2.142857142857143,1.25,0.43655413271245636,0
4,2170,1463,870,4503,273,33,77,77,16,50,2,0.010784547034970315,0.2725491186245993,0.9980207316263325,5832.504930966469,9166.666666666666,12500.0,2.1431614971525965,1.25,0.43586206896551727,0
5,2170,1464,870,4504,285,33,73,73,16,71,2,0.013125069302102967,0.29240756899103965,0.9956369903796012,5830.103311289013,9166.666666666666,12500.0,2.1440443389392185,1.25,0.43908045977011495,0
6,2170,1465,871,4506,292,26,60,60,15,55,3,0.01590313600980477,0.31288861214012875,0.9927469342052765,5826.258805219137,9166.666666666666,12500.0,2.145459104700697,1.25,0.42709529276693453,0
7,2157,1464,866,4487,320,22,56,56,14,71,1,0.019105446759807937,0.33263494293400325,0.9892764043012438,5819.415493754653,9166.666666666666,12500.0,2.1479820462063404,1.25,0.41397228637413397,0
8,2157,1468,869,4494,316,30,68,68,13,57,6,0.022877990300667134,0.3532886299143476,0.9852073683609642,5811.715736883463,9166.666666666666,12500.0,2.1508278391301934,1.25,0.412734944380514,0
9,2144,1466,866,4476,340,25,55,55,12,71,4,0.027341109368334105,0.3754434722691705,0.9803467848416205,5801.608822480593,9166.666666666666,12500.0,2.1545747709779883,1.25,0.40739030023094686,0
10,2161,1480,877,4518,304,43,95,95,11,51,3,0.03250301116652037,0.3980197719212552,0.974890355698045,5792.703472312753,9166.666666666666,12500.0,2.157887083249808,1.25,0.41919767803462216,0
11,2165,1487,884,4536,293,29,74,86,12,52,1,0.038462345590184355,0.4213332821116712,0.968638068122146,5783.125696313467,9166.666666666666,12500.0,2.1614608874865535,1.25,0.41402714932126694,0
12,2175,1508,891,4574,261,56,90,123,11,48,1,0.045388054354550254,0.44628684333514534,0.9619770645712529,5775.489309301162,9166.666666666666,12517.087542087544,2.16727741525369,1.25,0.44219977553310885,0
13,2180,1525,900,4605,239,62,82,125,12,51,3,0.05320373804504966,0.47128274148106225,0.9549125039623004,5770.491059753982,9166.666666666666,12547.684867190424,2.174457032730483,1.25,0.4722222222222222,0
14,2180,1539,908,4627,222,47,68,102,13,41,3,0.061903180516890415,0.49591170410579005,0.9463893805437077,5766.906724757665,9166.666666666666,12547.684867190424,2.175808534118037,1.25,0.4812775330396476,0
15,2170,1550,920,4640,216,47,70,111,14,55,5,0.07136408581324241,0.5191530954628159,0.9372101039336329,5763.8710018547745,9166.666666666666,12549.867073254285,2.1773330925025602,1.25,0.4923913043478261,0
16,2158,1561,920,4639,223,41,73,92,14,70,4,0.0815057892595194,0.5407184852383614,0.9273079961826306,5759.934817793869,9166.666666666666,12549.867073254285,2.178821023197108,1.25,0.5010869565217392,0
17,2135,1551,919,4605,261,27,45,57,14,77,8,0.09275256365621072,0.5635975042861276,0.9162602922471684,5753.219328900885,9166.666666666666,12552.079345796034,2.181748796320273,1.25,0.49510337323177367,0
18,2112,1562,925,4599,273,24,60,77,13,65,6,0.10486471626855622,0.5862128516966139,0.9042491881613112,5743.732920213248,9166.666666666666,12554.114818122378,2.185706576631053,1.25,0.4897297297297297,0
19,2100,1583,936,4619,259,51,79,121,12,58,5,0.1176214854340282,0.6076091782353397,0.8919813996645615,5735.285394442552,9166.666666666666,12569.244135980114,2.191563849317702,1.25,0.5149572649572649,0
20,2082,1595,934,4611,270,40,70,91,12,73,4,0.13106653256384782,0.628425971984835,0.8786964411840258,5725.6313635998,9166.666666666666,12569.244135980114,2.195259061889311,1.25,0.5267665952890792,0
21,2073,1612,949,4634,249,56,81,132,11,54,5,0.1449546543284501,0.6478805150172801,0.865091465787013,5717.834444404408,9166.666666666666,12569.244135980114,2.1982525479170945,1.25,0.5511064278187566,0
22,2044,1612,949,4605,281,22,56,64,12,81,5,0.1596024146701127,0.6677631200930523,0.8506096928246841,5706.152847152399,9166.666666666666,12569.244135980114,2.2027527955639457,1.25,0.5289778714436248,0
23,2037,1629,968,4634,255,70,96,158,11,64,5,0.17473926234378728,0.6871344493975219,0.8358154813121653,5697.345795005943,9166.666666666666,12569.244135980114,2.2061578475713715,1.25,0.5609504132231405,0
24,2012,1651,981,4644,253,56,73,128,12,62,3,0.1898429682550728,0.7043333007249359,0.8210967426758923,5688.763238713244,9166.666666666666,12569.244135980114,2.2094862465788228,1.25,0.5535168195718655,0
25,1993,1665,979,4637,268,43,87,107,12,90,0,0.20529599797583445,0.721221969970022,0.8059857349964396,5678.359055591378,9166.666666666666,12569.244135980114,2.213534581544893,1.25,0.5352400408580184,0
26,1969,1672,992,4633,275,42,74,117,11,73,3,0.22096746523667476,0.7375603529881598,0.7906499332148451,5666.834953961808,9166.666666666666,12569.244135980114,2.218036035652085,1.25,0.5231854838709677,0
27,1971,1694,1014,4679,235,66,95,155,11,48,4,0.23682223619686585,0.7534447260290387,0.7753151792120798,5659.318562721875,9166.666666666666,12569.244135980114,2.22098190739326,1.25,0.5305719921104537,0
28,1951,1707,1015,4673,249,42,67,93,12,70,1,0.25315154473038665,0.769933440667571,0.759493962411115,5650.271895998034,9166.666666666666,12569.244135980114,2.224537927968146,1.25,0.5310344827586206,0
29,1942,1732,1031,4705,224,59,83,139,12,49,3,0.2687006030152343,0.7833907519419375,0.7445275896067132,5643.656434535314,9166.666666666666,12569.244135980114,2.2271455184736166,1.25,0.553831231813773,0
30,1922,1743,1035,4700,233,45,68,106,13,70,6,0.2843904422134081,0.7968399638542581,0.72942985918455,5636.8945711149145,9166.666666666666,12569.244135980114,2.2298171408755048,1.25,0.5719806763285025,0
31,1907,1769,1049,4725,216,52,82,133,13,56,4,0.30017104492170255,0.8102199647302982,0.7143107240235597,5631.244375707152,9166.666666666666,12569.244135980114,2.2320544621013205,1.25,0.5653002859866539,0
32,1887,1775,1053,4715,236,35,72,90,13,81,2,0.31603202847038514,0.8235784307510878,0.6990348177927425,5623.297827642,9166.666666666666,12569.244135980114,2.2352086838072984,1.25,0.5584045584045584,0
33,1871,1797,1065,4733,225,60,88,142,12,67,2,0.3323181442492863,0.8378504723374263,0.6834245595297482,5616.5703381911135,9166.666666666666,12569.244135980114,2.237886001446961,1.25,0.5558685446009389,0
34,1844,1807,1071,4722,244,42,75,108,13,84,3,0.3479752068795776,0.8504370170802863,0.6683616622995996,5607.773300312019,9166.666666666666,12569.244135980114,2.24139662266318,1.25,0.5714285714285714,0
35,1835,1818,1074,4727,243,34,71,86,12,60,2,0.36317397897056924,0.8619511619337424,0.6536890415410077,5597.7738973186915,9166.666666666666,12569.244135980114,2.2454004692831067,1.25,0.5363128491620112,0
36,1830,1833,1085,4748,228,52,86,128,11,61,1,0.3781250071042399,0.8730219239309845,0.6393109766532784,5589.156915925734,9166.666666666666,12569.244135980114,2.2488622747672964,1.25,0.5271889400921659,0
37,1810,1850,1091,4751,230,47,75,119,13,67,3,0.39261627878670863,0.8832566199718137,0.6253987340240434,5580.371211240023,9166.666666666666,12569.244135980114,2.252402870737892,1.25,0.5279560036663611,0
38,1787,1866,1103,4756,232,38,67,108,14,60,5,0.4071199577151212,0.8937984623877948,0.6114743992141877,5570.631127957006,9166.666666666666,12569.244135980114,2.2563411303433054,1.25,0.5185856754306437,0
39,1788,1874,1114,4776,223,49,78,121,14,55,0,0.4213369303826571,0.9040252004580273,0.5978321390381477,5562.64452021822,9166.666666666666,12569.244135980114,2.259580688698588,1.25,0.4982046678635548,0
40,1781,1883,1119,4783,225,43,77,107,15,67,3,0.4346239800043162,0.9126435607482246,0.5850869886070154,5554.563519874691,9166.666666666666,12569.244135980114,2.2628680167228823,1.25,0.4968722073279714,0
41,1762,1906,1129,4797,219,45,76,120,15,57,2,0.44808243247248747,0.9220484717333673,0.5722245802829363,5546.203621243769,9166.666666666666,12569.244135980114,2.2662788808971617,1.25,0.4800708591674048,0
42,1751,1913,1135,4799,223,38,69,97,15,62,4,0.4610511753922495,0.9308838983218851,0.5597839762084375,5537.061095112296,9166.666666666666,12569.244135980114,2.27002085042466,1.25,0.4713656387665198,0
43,1748,1935,1145,4828,202,59,86,138,14,52,1,0.47379442458744686,0.9397244929867448,0.54763060155735,5530.5302025385745,9166.666666666666,12569.244135980114,2.272701472674481,1.25,0.4733624454148472,0
44,1736,1939,1153,4828,217,31,55,83,17,54,1,0.4856564745019323,0.9473054138973079,0.5362822012277393,5522.558062493026,9166.666666666666,12569.244135980114,2.275982252019281,1.25,0.4666088464874241,0
45,1731,1945,1157,4833,222,33,73,92,16,64,2,0.4960265573229098,0.9525224640236428,0.5263146629382338,5513.511370761747,9166.666666666666,12569.244135980114,2.2797167341732623,1.25,0.44165946413137425,0
46,1735,1966,1168,4869,200,63,91,139,16,55,2,0.5059819818979027,0.9575205042878107,0.5168164059372427,5507.583846367287,9166.666666666666,12569.244135980114,2.282170274043233,1.25,0.4554794520547945,0
47,1717,1962,1167,4846,239,18,57,59,18,79,1,0.5156393381029767,0.9625205042878107,0.5075202301849399,5497.208305575518,9166.666666666666,12569.244135980114,2.2864776878168898,1.25,0.442159383033419,0
48,1709,1974,1175,4858,239,34,76,99,16,62,2,0.5247685624727771,0.9670895043352528,0.4987184881639606,5485.722360575277,9166.666666666666,12569.244135980114,2.291265089591957,1.25,0.4238297872340426,0
49,1713,1990,1174,4877,230,36,65,85,16,41,1,0.5333695752361812,0.9712315097402554,0.4904124415813861,5475.197001357456,9166.666666666666,12569.244135980114,2.2956697508535022,1.25,0.4148211243611584,0
50,1705,1997,1185,4887,230,40,69,106,16,55,2,0.5411130615284665,0.9743538333212215,0.4829498395927434,5464.557858863863,9166.666666666666,12569.244135980114,2.3001392721264713,1.25,0.41265822784810124,0
51,1697,2003,1191,4891,236,40,82,112,16,75,3,0.5483691091546468,0.977131611098999,0.47593911984719584,5453.430546747109,9166.666666666666,12569.244135980114,2.3048325321530836,1.25,0.40302267002518893,0
52,1700,2023,1200,4923,214,53,85,124,16,50,3,0.5551764839166319,0.9796243619199129,0.46939720550358827,5444.757483745908,9166.666666666666,12569.244135980114,2.308503945952184,1.25,0.4083333333333333,0
53,1705,2030,1208,4943,208,46,77,112,17,55,1,0.5612553681798926,0.9813305620458813,0.4635538450364061,5437.699570531529,9166.666666666666,12569.244135980114,2.31150029032433,1.25,0.4064569536423841,0
54,1713,2049,1211,4973,189,51,84,119,19,49,3,0.5669425334811985,0.9828334046147518,0.4581251944099763,5433.0788158094965,9166.666666666666,12569.244135980114,2.313466187791235,1.25,0.4161849710982659,0
55,1706,2040,1203,4949,230,25,62,67,22,83,2,0.5721382943780101,0.9839445157258631,0.4531003357767222,5425.542976364137,9166.666666666666,12569.244135980114,2.3166794900965364,1.25,0.39068994181213634,0
56,1700,2030,1201,4931,259,25,63,63,20,77,5,0.5770797363689008,0.9850556268369742,0.44827676685976986,5415.288784604968,9166.666666666666,12569.244135980114,2.3210662692104256,1.25,0.38634471273938387,0
57,1685,2024,1197,4906,294,14,52,52,18,73,4,0.5817796435388862,0.9861667379480851,0.44364603659269825,5401.238607212247,9166.666666666666,12569.244135980114,2.3271040311376847,1.25,0.3717627401837928,0
58,1680,2024,1203,4907,301,24,75,84,16,73,7,0.5858875329582415,0.9866666666666667,0.43954713063004774,5385.450371283473,9166.666666666666,12569.244135980114,2.3339262771786684,1.25,0.33748960931005817,0
59,1678,2010,1195,4883,336,21,54,54,16,76,3,0.5894752330119312,0.9866666666666667,0.43586877361554033,5367.897589074878,9166.666666666666,12569.244135980114,2.341558110490394,1.25,0.3422594142259414,0
60,1679,2014,1198,4891,331,23,73,73,14,61,7,0.5931407404153536,0.9871506024752066,0.4321436459430178,5349.723032263137,9166.666666666666,12569.244135980114,2.349513060802859,1.25,0.332220367278798,0
61,1693,2029,1204,4926,306,33,83,84,14,46,2,0.5966513915080706,0.9877061580307622,0.42856199353008767,5332.119150519231,9166.666666666666,12569.244135980114,2.357269929865717,1.25,0.3280730897009967,0
62,1687,2029,1203,4919,322,25,81,83,14,85,2,0.5999752427472654,0.9882617135863176,0.42515170306979766,5312.400471173229,9166.666666666666,12569.244135980114,2.3660196937683486,1.25,0.31587697423108896,0
63,1702,2046,1210,4958,296,41,83,105,13,44,0,0.6031225862574318,0.9888172691418733,0.42191883508084704,5294.63921245507,9166.666666666666,12569.244135980114,2.373956681772068,1.25,0.3148760330578512,0
64,1710,2054,1217,4981,283,52,83,116,13,59,2,0.606103164381347,0.9893728246974289,0.4188940991231846,5279.487247968165,9166.666666666666,12569.244135980114,2.380769863743386,1.25,0.3122432210353328,0
65,1712,2060,1219,4991,281,28,68,74,14,54,2,0.6089982988576608,0.9900456207802112,0.4159503387080748,5263.7283764842805,9166.666666666666,12569.244135980114,2.3878975579616233,1.25,0.2969647251845775,0
66,1724,2066,1218,5008,264,37,76,89,14,53,8,0.6120157596836967,0.9911567318913225,0.4128862986086749,5249.832980850583,9166.666666666666,12569.244135980114,2.394217907851162,1.25,0.2857142857142857,0
67,1720,2057,1226,5003,277,16,53,67,14,55,3,0.6148949759190538,0.9922678430024336,0.409978124313278,5234.535872325218,9166.666666666666,12569.244135980114,2.4012146334564646,1.25,0.2765089722675367,0
68,1722,2073,1234,5029,255,49,73,112,14,44,7,0.6176434459332166,0.9933789541135445,0.4072575262990671,5221.946482252538,9166.666666666666,12569.244135980114,2.40700362952748,1.25,0.2941653160453809,0
69,1722,2062,1223,5007,282,34,82,86,15,101,7,0.6202682483629797,0.9944900652246558,0.4045702870015633,5208.69786891594,9166.666666666666,12569.244135980114,2.413125977413639,1.25,0.3131643499591169,0
70,1735,2062,1220,5017,273,28,66,66,14,52,9,0.6227760715965539,0.995601176335767,0.402000133321385,5196.617676376047,9166.666666666666,12569.244135980114,2.4187355927914824,1.25,0.31721311475409836,0
71,1735,2067,1233,5035,260,31,78,92,15,56,6,0.6251732429559955,0.9967122874468779,0.3996174727616726,5184.223129238426,9166.666666666666,12569.244135980114,2.4245183555258287,1.25,0.3219789132197891,0
72,1742,2085,1239,5066,238,47,84,112,14,51,3,0.627161441167913,0.9973394627494492,0.3976307643125505,5173.802317089755,9166.666666666666,12569.244135980114,2.42940169833359,1.25,0.3397901533494754,0
73,1754,2087,1242,5083,228,39,81,101,15,61,5,0.6290040765780672,0.9978950183050047,0.3957556561741553,5165.201982398859,9166.666666666666,12569.244135980114,2.4334467807476945,1.25,0.3438003220611916,0
74,1752,2082,1233,5067,252,21,58,59,15,71,4,0.6307516377625907,0.9984505738605601,0.39396025630933973,5155.089716677662,9166.666666666666,12569.244135980114,2.4382202496527463,1.25,0.34306569343065696,0
75,1764,2093,1243,5100,227,45,105,118,15,69,4,0.6324094169491463,0.9990061294161158,0.39228759747050973,5146.322698204196,9166.666666666666,12569.244135980114,2.4423738799679504,1.25,0.34352373290426386,0
76,1761,2095,1241,5097,236,29,65,80,15,65,6,0.6339824519074563,0.9995616849716714,0.3907039643823454,5137.297237793778,9166.666666666666,12569.244135980114,2.446664764404016,1.25,0.32554391619661566,0
77,1761,2083,1234,5078,262,36,74,87,15,89,4,0.6354010480305753,1.0,0.38921232862816957,5127.945449344848,9166.666666666666,12569.244135980114,2.4511267251460276,1.25,0.3338735818476499,0
78,1753,2079,1236,5068,276,25,89,89,15,94,6,0.636465055300723,1.0,0.38808725792436044,5116.567660290907,9166.666666666666,12569.244135980114,2.456577332794516,1.25,0.32362459546925565,0
79,1757,2078,1231,5066,281,27,79,79,14,74,4,0.6374569676124849,1.0,0.38696532995304805,5104.610353561937,9166.666666666666,12569.244135980114,2.4623317482419482,1.25,0.3338748984565394,0
80,1768,2082,1240,5090,257,28,85,94,13,58,10,0.6383810626111629,1.0,0.3859372664365693,5093.742473454354,9166.666666666666,12569.244135980114,2.467585316981328,1.25,0.31451612903225806,0
81,1775,2085,1249,5109,246,43,80,110,13,58,2,0.6392414168122964,1.0,0.38500061564835614,5084.117021722707,9166.666666666666,12569.244135980114,2.472257047246552,1.25,0.31945556445156126,0
82,1772,2085,1243,5100,261,26,66,66,13,71,3,0.6400419134955664,1.0,0.38409711339315117,5073.023488438908,9166.666666666666,12569.244135980114,2.4776633036737574,1.25,0.31938857602574416,0
83,1781,2088,1245,5114,247,31,89,90,12,70,7,0.640786249554765,1.0,0.3832315490809556,5062.532065417923,9166.666666666666,12569.244135980114,2.48279793067197,1.25,0.3188755020080321,0
84,1764,2078,1235,5077,284,30,67,84,12,98,6,0.6414779415674212,1.0,0.382445445426475,5050.593407415062,9166.666666666666,12569.244135980114,2.488666800524171,1.25,0.3076923076923077,0
85,1775,2087,1229,5091,275,30,74,74,11,57,3,0.642120331313748,1.0,0.3816449319902377,5039.182899687319,9166.666666666666,12569.244135980114,2.4943020299501404,1.25,0.3018714401952807,0
86,1781,2089,1238,5108,257,27,81,81,11,61,9,0.6427165909376538,1.0,0.38094035342058097,5028.325457851262,9166.666666666666,12569.244135980114,2.499687866535053,1.25,0.3045234248788368,0
87,1782,2086,1236,5104,263,22,65,68,11,64,4,0.6432697279052954,1.0,0.3802494671245729,5016.857520300678,9166.666666666666,12569.244135980114,2.5054018546707293,1.25,0.28640776699029125,0
88,1776,2078,1231,5085,280,30,81,87,11,95,8,0.643782589881043,1.0,0.3795945922243003,5004.462931132876,9166.666666666666,12569.244135980114,2.511607001380021,1.25,0.2883834281072299,0
89,1783,2080,1235,5098,264,22,72,78,10,52,6,0.6442578696081661,1.0,0.3789698276514474,4992.529588507465,9166.666666666666,12569.244135980114,2.517610344245899,1.25,0.2761133603238866,0
90,1797,2101,1245,5143,218,67,105,149,10,57,8,0.6446981098528708,1.0,0.3784742876516308,4985.492971122174,9166.666666666666,12569.244135980114,2.5211637462505396,1.25,0.3076305220883534,0
91,1795,2095,1239,5129,233,31,60,71,11,69,5,0.6451057084459719,1.0,0.37797524077652345,4978.329109822061,9166.666666666666,12569.244135980114,2.524791724030751,1.25,0.31234866828087166,0
92,1792,2091,1245,5128,240,24,70,74,11,68,2,0.6454829234365025,1.0,0.377527948815028,4969.819439994199,9166.666666666666,12569.244135980114,2.5291148476804195,1.25,0.3076305220883534,0
93,1788,2087,1239,5114,253,27,80,83,11,88,6,0.6458318783558312,1.0,0.37706345765628885,4960.291502132908,9166.666666666666,12569.244135980114,2.5339728785244544,1.25,0.29620661824051653,0
94,1792,2098,1232,5122,245,34,82,93,11,66,3,0.6461545675789977,1.0,0.3766245355716079,4951.271011472225,9166.666666666666,12569.244135980114,2.538589406004407,1.25,0.30438311688311687,0
95,1802,2096,1245,5143,224,46,84,115,12,57,6,0.6464528617615606,1.0,0.37623928958610364,4944.468225050321,9166.666666666666,12569.244135980114,2.542082093338196,1.25,0.3132530120481928,0
96,1791,2091,1234,5116,249,24,64,64,13,84,8,0.6467285133248004,1.0,0.3758706244463068,4935.786090627481,9166.666666666666,12569.244135980114,2.5465536603881067,1.25,0.31118314424635335,0
97,1795,2098,1242,5135,238,31,80,91,13,58,2,0.6469831619591153,1.0,0.3755324100100748,4926.9600297856205,9166.666666666666,12569.244135980114,2.5511155073297846,1.25,0.30998389694041867,0
98,1811,2102,1245,5158,222,51,80,105,13,54,3,0.6472183401144164,1.0,0.37517070484730825,4920.851865794171,9166.666666666666,12569.244135980114,2.554282160646097,1.25,0.3285140562248996,0
99,1805,2100,1252,5157,230,34,69,95,14,66,3,0.6474354784468358,1.0,0.3749226904659033,4914.238786295163,9166.666666666666,12569.244135980114,2.5577194521017668,1.25,0.33626198083067094,0
100,1811,2096,1252,5159,237,30,84,84,14,80,3,0.6476359111927008,1.0,0.37459949295471623,4907.172149615264,9166.666666666666,12569.244135980114,2.561402729057626,1.25,0.33626198083067094,0
101,1811,2104,1245,5160,238,28,76,76,13,67,3,0.6478208814431642,1.0,0.37431237420331276,4899.044795937498,9166.666666666666,12569.244135980114,2.565652011674415,1.25,0.3429718875502008,0
102,1824,2114,1258,5196,209,53,92,128,13,52,2,0.6479915462958391,1.0,0.37407805143481576,4893.567123803457,9166.666666666666,12569.244135980114,2.5685239045440627,1.25,0.32829888712241656,0
103,1833,2135,1263,5231,182,66,115,155,14,75,1,0.6481489818630284,1.0,0.3739194978891686,4891.0414117395585,9166.666666666666,12569.244135980114,2.56985027888155,1.25,0.35471100554235946,0
104,1842,2128,1261,5231,188,36,64,76,16,58,4,0.6482941881194754,1.0,0.3736919007596462,4889.16639140638,9166.666666666666,12569.244135980114,2.5708358296156377,1.25,0.3647898493259318,0
105,1831,2127,1264,5222,207,18,64,70,16,70,3,0.6484280935758762,1.0,0.37356473079545777,4884.541894455453,9166.666666666666,12569.244135980114,2.5732697983914785,1.25,0.35680379746835444,0
106,1824,2116,1260,5200,235,33,67,82,14,85,4,0.648551559767553,1.0,0.3733682903099201,4878.972603697289,9166.666666666666,12569.244135980114,2.5762071560834614,1.25,0.35714285714285715,0
107,1835,2132,1264,5231,204,36,99,110,14,59,5,0.6486653855506477,1.0,0.37319303522624303,4874.18939110544,9166.666666666666,12569.244135980114,2.5787352783042916,1.25,0.34810126582278483,0
108,1843,2141,1262,5246,199,36,78,91,14,61,2,0.6487703112008895,1.0,0.37301699226932433,4870.259441444343,9166.666666666666,12569.244135980114,2.580816132508237,1.25,0.358161648177496,0
109,1841,2142,1265,5248,202,31,82,100,14,72,1,0.6488670223124111,1.0,0.3728853265393626,4865.663327786436,9166.666666666666,12569.244135980114,2.5832539757119433,1.25,0.35731225296442687,0
110,1843,2136,1267,5246,210,44,88,114,13,86,3,0.648956153496203,1.0,0.3727294072542772,4861.7402524990985,9166.666666666666,12569.244135980114,2.585338476180232,1.25,0.35122336227308604,0
111,1864,2156,1277,5297,170,51,99,123,14,46,1,0.6490382918796367,1.0,0.3726170003900637,4860.870206554207,9166.666666666666,12569.244135980114,2.5858012252687264,1.25,0.3617854346123727,0
112,1851,2141,1272,5264,215,23,67,74,15,97,0,0.6491139804100367,1.0,0.3725089728318158,4857.257237011927,9166.666666666666,12569.244135980114,2.587724619607016,1.25,0.3577044025157233,0
113,1840,2135,1270,5245,244,16,62,62,13,80,2,0.649183720966566,1.0,0.37239393601887705,4851.171490590456,9166.666666666666,12569.244135980114,2.5909708944241547,1.25,0.3488188976377953,0
114,1837,2128,1259,5224,268,27,73,73,12,87,2,0.6492479772857499,1.0,0.3721917988073379,4843.690448785509,9166.666666666666,12569.244135980114,2.594972628593903,1.25,0.3312152501985703,0
115,1858,2138,1278,5274,227,37,110,120,12,59,2,0.649307177706775,1.0,0.3720304214541309,4837.633502540303,9166.666666666666,12569.244135980114,2.5982216572172825,1.25,0.30359937402190923,0
116,1851,2136,1272,5259,247,23,67,67,13,76,2,0.6493617177433435,1.0,0.3718791420229289,4829.63182029269,9166.666666666666,12569.244135980114,2.6025263630175397,1.25,0.294811320754717,0
117,1856,2143,1272,5271,238,32,80,91,12,62,3,0.6494119624893138,1.0,0.3717131025252904,4821.708638453662,9166.666666666666,12569.244135980114,2.6068029154103165,1.25,0.3058176100628931,0
118,1857,2152,1276,5285,227,47,89,114,12,72,6,0.6494582488656696,1.0,0.371608132634333,4815.044902728438,9166.666666666666,12569.244135980114,2.610410575581086,1.25,0.3158307210031348,0
119,1870,2168,1286,5324,190,67,92,149,12,46,3,0.6495008877165351,1.0,0.3715470277947922,4813.058784743207,9166.666666666666,12569.244135980114,2.611487766536956,1.25,0.33748055987558323,0
0,2156,1443,858,4457,256,23,47,47,27,53,0,0.005156694636928112,0.21872073484074592,1.0037141686834123,5833.333333333333,9166.666666666666,12500.0,2.142857142857143,1.25,0.32167832167832167,1
1,2158,1449,862,4469,263,36,72,72,22,57,0,0.00638763049202515,0.2376474281173434,1.0025168548803005,5833.333333333333,9166.666666666666,12500.0,2.142857142857143,1.25,0.41067285382830626,1
2,2137,1436,851,4424,321,22,48,48,19,87,0,0.007875674115352123,0.2572606793471383,1.0010180670985143,5831.934332619558,9166.666666666666,12500.0,2.1433711847686934,1.25,0.3807285546415981,1
3,2149,1450,861,4460,295,32,72,72,15,34,3,0.009674069323905096,0.27776837270172244,0.9991865791130307,5830.5483788897445,9166.666666666666,12500.0,2.1438806760025986,1.25,0.39372822299651566,1
4,2145,1441,858,4444,324,30,58,58,15,73,1,0.01186893874784643,0.2999540717144087,0.9968850892502658,5826.975533332135,9166.666666666666,12500.0,2.1451952095038096,1.25,0.4000000000000001,1
5,2152,1448,860,4460,314,34,70,70,14,49,3,0.014457531272586071,0.32209289533819635,0.9941697071977491,5822.927318751083,9166.666666666666,12500.0,2.1466865917675637,1.25,0.4116279069767442,1
6,2152,1451,865,4468,314,32,72,72,14,61,3,0.017495614741828404,0.3442200715465219,0.9909322934072433,5817.66569624512,9166.666666666666,12500.0,2.148628101485419,1.25,0.41420313790255986,1
7,2141,1451,862,4454,335,14,44,44,13,53,1,0.021182384934031014,0.36879542741497917,0.9869351739257388,5809.761628339213,9166.666666666666,12500.0,2.1515512683044915,1.25,0.3880510440835267,1
8,2138,1459,869,4466,332,27,69,69,12,55,1,0.0255221038790194,0.3941198065674278,0.9822071334828664,5800.32227299952,9166.666666666666,12500.0,2.155052669777929,1.25,0.38358266206367475,1
9,2148,1464,873,4485,319,33,69,74,12,47,3,0.030466195659918795,0.41835662669341,0.9769565010840772,5791.13962880554,9166.666666666666,12500.0,2.1584698006285516,1.25,0.38900343642611684,1
10,2132,1463,873,4468,342,23,58,64,12,73,4,0.03607231590958808,0.44172814873825,0.9713169591215065,5779.213605068726,9166.666666666666,12517.95532646048,2.1660309138740717,1.25,0.3823805060918463,1
11,2140,1478,882,4500,319,31,70,81,11,37,1,0.04240523239343758,0.4645253810936281,0.9645802257174674,5767.218652693017,9166.666666666666,12517.95532646048,2.1705359342696657,1.25,0.3820861678004535,1
12,2133,1486,887,4506,317,22,57,62,11,51,7,0.04961570885356467,0.4878560757666215,0.9569501076020238,5754.006049304266,9166.666666666666,12517.95532646048,2.175520014959676,1.25,0.3788049605411499,1
13,2112,1482,885,4479,347,18,47,52,10,71,4,0.057898035218125955,0.5128651814062593,0.9481534641380532,5737.736750106805,9166.666666666666,12517.95532646048,2.181688681731079,1.25,0.3593220338983051,1
14,2100,1488,888,4476,353,22,60,63,10,62,6,0.06707074454601718,0.5373095040631091,0.9384397373296626,5719.703863177898,9166.666666666666,12517.95532646048,2.1885670352705007,1.25,0.3581081081081081,1
15,2101,1513,896,4510,316,63,82,123,9,46,10,0.07724981090219521,0.5619700441303767,0.9279932536825636,5705.192806459236,9166.666666666666,12517.95532646048,2.194133616709334,1.25,0.38950892857142855,1
16,2098,1529,904,4531,299,56,78,121,10,56,5,0.0881894622816898,0.585058716591368,0.9173172343215841,5692.743379884072,9166.666666666666,12534.461302952894,2.2018314310890554,1.25,0.41482300884955753,1
17,2081,1530,906,4517,317,25,55,63,11,65,3,0.0999976159691251,0.6076210141603753,0.905351296166364,5677.990220987184,9166.666666666666,12534.461302952894,2.2075524640078776,1.25,0.40397350993377484,1
18,2057,1531,905,4493,345,36,69,86,10,91,4,0.11274107540041836,0.6302431329196229,0.8924193677208099,5660.942007873836,9166.666666666666,12534.461302952894,2.214200619882458,1.25,0.4088397790055249,1
19,2048,1548,911,4507,327,47,87,116,9,67,7,0.12634845591104973,0.6526909703965282,0.8787986411299799,5644.6146593458625,9166.666666666666,12536.910407356763,2.2210391964665357,1.25,0.442371020856202,1
20,2040,1562,934,4536,302,65,82,151,9,49,1,0.14070948292954363,0.6746611194158689,0.8645731037487276,5630.904587174551,9166.666666666666,12536.910407356763,2.2264469612772246,1.25,0.4721627408993576,1
21,2020,1591,939,4550,285,56,75,123,10,58,10,0.15582998174385446,0.6964882176089369,0.8497982697187612,5618.723845654378,9166.666666666666,12538.53927111576,2.231563539256924,1.25,0.4941427050053248,1
22,2007,1601,950,4558,281,51,69,110,11,59,5,0.17177217678542084,0.7186803843318506,0.8342366818096008,5607.235364308994,9166.666666666666,12538.53927111576,2.2361357168856677,1.25,0.5178947368421053,1
23,1970,1598,950,4518,322,15,53,56,11,89,6,0.18858366999245382,0.7415753878523564,0.8176779389558563,5590.6979411278935,9166.666666666666,12538.53927111576,2.2427502618011546,1.25,0.5010526315789474,1
24,1948,1611,959,4518,327,39,64,103,9,62,2,0.20589103772280873,0.763872981558869,0.8006687575560406,5573.303017459021,9166.666666666666,12538.53927111576,2.2497501449028205,1.25,0.5140771637122002,1
25,1927,1630,969,4526,315,51,69,114,9,56,8,0.22341958536714088,0.7848916446356746,0.7835380539563015,5556.657750857771,9166.666666666666,12538.53927111576,2.256489392239464,1.25,0.542827657378741,1
26,1905,1637,973,4515,326,32,61,79,9,70,7,0.24119124812122206,0.8050646818589555,0.7661343998530322,5538.499520684039,9166.666666666666,12538.53927111576,2.263887398435158,1.25,0.5508735868448099,1
27,1883,1655,980,4518,323,49,75,120,9,66,3,0.2589808391354939,0.8239418330084796,0.7487859490554631,5520.320979153808,9166.666666666666,12538.53927111576,2.2713424307145544,1.25,0.5326530612244897,1
28,1865,1667,990,4522,319,43,66,108,9,58,5,0.27697415241390183,0.8423873627598777,0.7312776506018367,5502.302772914792,9166.666666666666,12538.53927111576,2.2787803195485714,1.25,0.5141414141414141,1
29,1843,1680,1005,4528,318,43,62,113,9,53,1,0.294843426820904,0.8596095849821,0.7139522287364721,5484.262770499375,9166.666666666666,12538.53927111576,2.2862761679769132,1.25,0.5243781094527363,1
30,1838,1715,1014,4567,279,62,84,141,9,41,5,0.31224811148274495,0.8748949927113273,0.6972158438639607,5470.0611982235705,9166.666666666666,12538.53927111576,2.2922118815028454,1.25,0.5453648915187377,1
31,1821,1741,1030,4592,253,67,83,149,10,55,8,0.32934047700503893,0.8889539286938388,0.680925280999961,5458.809556897881,9166.666666666666,12538.53927111576,2.296936564726235,1.25,0.5563106796116505,1
32,1805,1759,1042,4606,245,47,82,127,11,66,3,0.3457122017960793,0.9009248651941592,0.6653216072050908,5448.142366333791,9166.666666666666,12538.53927111576,2.301433851765019,1.25,0.5326295585412668,1
33,1796,1781,1049,4626,225,52,79,127,11,54,6,0.36145849126406593,0.9113199892233134,0.6503647203584115,5439.727413767969,9166.666666666666,12538.53927111576,2.3049940405801723,1.25,0.5252621544327931,1
34,1788,1792,1064,4644,208,57,94,146,12,70,5,0.3765130357957497,0.9201822909319829,0.6361126168761627,5433.265181201236,9166.666666666666,12538.53927111576,2.307735561021085,1.25,0.5234962406015038,1
35,1763,1801,1079,4643,219,35,63,103,13,63,2,0.3903748466679152,0.9265092549551408,0.6229916165268278,5424.980959517286,9166.666666666666,12538.53927111576,2.311259590527934,1.25,0.5347544022242817,1
36,1749,1824,1090,4663,202,54,76,129,12,52,5,0.4038445458559698,0.9324036648415052,0.6102840294114321,5418.596666189222,9166.666666666666,12538.53927111576,2.313982760398706,1.25,0.5431192660550459,1
37,1750,1845,1094,4689,182,58,88,129,13,58,3,0.4166937275749563,0.9374229069632027,0.5981688882423918,5415.002985498692,9166.666666666666,12538.53927111576,2.3155184410228036,1.25,0.5475319926873857,1
38,1751,1858,1100,4709,167,56,81,114,13,55,2,0.4289139307308689,0.9416453419171618,0.5866759541511973,5413.088818645633,9166.666666666666,12538.53927111576,2.3163372505409825,1.25,0.5663636363636364,1
39,1721,1853,1099,4673,210,15,46,58,14,76,1,0.4408009056446979,0.9457873220978179,0.5754265062237458,5406.058833166873,9166.666666666666,12538.53927111576,2.319349392609306,1.25,0.5359417652411284,1
40,1702,1863,1112,4677,218,34,77,108,13,72,0,0.45236527965213214,0.949897563352322,0.5644594572495807,5396.99242199875,9166.666666666666,12538.53927111576,2.3232456692003605,1.25,0.5215827338129496,1
41,1700,1875,1114,4689,216,37,72,99,13,57,0,0.4635773911619345,0.9539334597261817,0.5537748729435158,5388.534406692345,9166.666666666666,12538.53927111576,2.326892309631241,1.25,0.5152603231597845,1
42,1688,1870,1110,4668,244,16,52,52,13,71,4,0.47484508884064486,0.9587344550698049,0.542974839058006,5377.2863317497595,9166.666666666666,12538.53927111576,2.3317596455823733,1.25,0.4756756756756757,1
43,1687,1885,1121,4693,222,43,80,118,12,48,2,0.4851929213814523,0.9623322867147625,0.533109614453885,5367.528909092252,9166.666666666666,12538.53927111576,2.335998461019236,1.25,0.4495985727029438,1
44,1675,1897,1125,4697,225,40,77,105,13,69,2,0.4950692286776271,0.9656656200480955,0.523702298375426,5357.217603556364,9166.666666666666,12538.53927111576,2.3404946744728288,1.25,0.44177777777777777,1
45,1673,1918,1126,4717,209,51,75,116,14,47,2,0.5046066975312434,0.968998953381429,0.5146420158347608,5349.026557395902,9166.666666666666,12538.53927111576,2.344078709756859,1.25,0.4404973357015986,1
46,1654,1919,1137,4710,224,32,69,101,16,73,5,0.5140140854934935,0.9727204603346524,0.5057126833393225,5339.024962381433,9166.666666666666,12538.53927111576,2.348469872207347,1.25,0.41424802110817943,1
47,1647,1899,1132,4678,269,18,46,46,16,76,1,0.5231869826933337,0.9766093492235413,0.49684689150597794,5326.181908157473,9166.666666666666,12538.53927111576,2.354132751626824,1.25,0.4010600706713781,1
48,1638,1910,1132,4680,274,17,61,62,14,56,4,0.5316544343112569,0.979779392524843,0.4886810391205229,5310.884911776699,9166.666666666666,12538.53927111576,2.3609133843800674,1.25,0.36837455830388693,1
49,1636,1920,1136,4692,272,36,74,92,14,61,3,0.5395892692049586,0.9825571703026208,0.48100165509621867,5295.3521814976,9166.666666666666,12538.53927111576,2.3678385953112726,1.25,0.3477112676056338,1
50,1633,1922,1140,4695,278,21,61,67,15,56,4,0.5472114874012107,0.9853349480803985,0.47358743115923513,5278.372640278312,9166.666666666666,12538.53927111576,2.3754554908526964,1.25,0.3157894736842105,1
51,1632,1944,1147,4723,256,53,87,128,14,54,3,0.5542206527410948,0.9875583986707064,0.46683631713844614,5263.7005536172,9166.666666666666,12538.53927111576,2.3820768570315636,1.25,0.3469921534437663,1
52,1641,1964,1168,4773,214,74,114,180,15,62,5,0.5606174314610415,0.9892250653373731,0.4607449801989799,5254.393309511613,9166.666666666666,12538.53927111576,2.3862962919845065,1.25,0.375,1
53,1650,1980,1169,4799,198,48,87,112,17,58,4,0.566639638709467,0.990744724519069,0.4549992084834244,5247.389348316151,9166.666666666666,12538.53927111576,2.389481404717812,1.25,0.3840889649272883,1
54,1649,1983,1171,4803,203,36,82,103,19,72,4,0.5719414030809519,0.9914992847310012,0.44993500558864086,5239.872817628023,9166.666666666666,12538.53927111576,2.392909085299457,1.25,0.4005123825789923,1
55,1660,2005,1183,4848,174,63,95,142,20,48,2,0.5768542384041673,0.9920548402865569,0.44530835983486844,5235.975769360169,9166.666666666666,12538.53927111576,2.394690087087236,1.25,0.41335587489433645,1
56,1651,1989,1181,4821,214,31,64,76,23,87,6,0.5815055819628315,0.9926103958421125,0.4408614146956811,5229.646005923308,9166.666666666666,12538.53927111576,2.397588528346681,1.25,0.40643522438611346,1
57,1661,1992,1189,4842,207,32,90,99,21,66,4,0.585908762631083,0.993165951397668,0.4366220534544139,5222.588795452949,9166.666666666666,12538.53927111576,2.4008283558591574,1.25,0.38772077375946173,1
58,1661,2002,1190,4853,210,30,72,83,20,59,4,0.5898462325052566,0.9933333333333333,0.4328405390650248,5214.542430060383,9166.666666666666,12538.53927111576,2.4045329843007086,1.25,0.38571428571428573,1
59,1657,2010,1187,4854,220,32,78,94,19,71,2,0.5934581737755253,0.9933333333333333,0.42934999911903476,5205.33276302427,9166.666666666666,12538.53927111576,2.408787265279643,1.25,0.3984835720303286,1
60,1656,2001,1183,4840,245,24,62,69,19,72,4,0.5968557050314749,0.9933333333333333,0.42599075170861933,5194.53549453439,9166.666666666666,12538.53927111576,2.413794127368774,1.25,0.4057480980557904,1
61,1664,2015,1193,4872,224,40,86,110,19,50,4,0.6000506433475374,0.9933333333333333,0.42287597837660007,5184.619905318008,9166.666666666666,12538.53927111576,2.4184105103355087,1.25,0.4056999161777033,1
62,1661,2000,1186,4847,264,22,58,58,20,82,4,0.6032109638333712,0.99359149894646,0.4197100472108926,5172.39259363379,9166.666666666666,12538.53927111576,2.4241275278578556,1.25,0.40893760539629004,1
63,1673,2009,1186,4868,256,27,76,76,19,50,1,0.6063734537644239,0.9941470545020157,0.4165407868396368,5159.694517906785,9166.666666666666,12538.53927111576,2.4300933374254234,1.25,0.38701517706576727,1
64,1681,2029,1202,4912,222,64,101,155,18,51,2,0.6093682629282406,0.9947026100575711,0.4136528864106613,5150.237337413638,9166.666666666666,12538.53927111576,2.434555623297237,1.25,0.3735440931780366,1
65,1668,2011,1187,4866,277,28,54,68,19,92,2,0.6122046469989346,0.9952581656131267,0.4108150984015423,5138.211128761876,9166.666666666666,12538.53927111576,2.4402538075809073,1.25,0.36141533277169335,1
66,1677,2017,1190,4884,271,27,75,76,17,52,0,0.6148913400421973,0.9958137211686824,0.4081071847835416,5125.433594911836,9166.666666666666,12538.53927111576,2.4463372783842376,1.25,0.35294117647058826,1
67,1690,2023,1203,4916,249,37,88,104,16,55,5,0.6174365789825689,0.9963692767242378,0.4055535496637877,5113.603224918203,9166.666666666666,12538.53927111576,2.4519969030871236,1.25,0.32751454696591853,1
68,1693,2031,1202,4926,245,46,90,107,15,75,4,0.6198481316680939,0.9969248322797934,0.40315300212495364,5102.660643923948,9166.666666666666,12538.53927111576,2.45725517452276,1.25,0.3402662229617304,1
69,1689,2018,1198,4905,276,23,71,77,16,88,2,0.6221333269923534,0.9974803878353491,0.4008180970480096,5089.604762214649,9166.666666666666,12538.53927111576,2.4635585388087864,1.25,0.333889816360601,1
70,1690,2027,1198,4915,274,26,77,77,15,64,4,0.624299085729012,0.9980359433909045,0.3986157736681523,5075.468417529828,9166.666666666666,12538.53927111576,2.4704201148823466,1.25,0.330550918196995,1
71,1686,2015,1194,4895,300,26,60,68,13,78,5,0.6263519509564791,0.99859149894646,0.39647455137217685,5060.516782273285,9166.666666666666,12538.53927111576,2.4777191363217255,1.25,0.32663316582914576,1
72,1701,2031,1208,4940,260,42,108,121,13,61,6,0.6282981171853821,0.9991470545020157,0.39448294412531987,5047.3232920909295,9166.666666666666,12538.53927111576,2.4841957896304048,1.25,0.33774834437086093,1
73,1708,2031,1207,4946,255,42,78,98,12,68,7,0.6301434575352789,0.9997026100575711,0.39257521308020416,5035.966814683725,9166.666666666666,12538.53927111576,2.4897978347586114,1.25,0.3396851698425849,1
74,1731,2050,1216,4997,207,58,100,137,12,43,3,0.6317304574464385,1.0,0.39097461718160875,5029.448151027941,9166.666666666666,12538.53927111576,2.493024859706144,1.25,0.3667763157894737,1
75,1723,2045,1214,4982,229,37,69,95,13,80,2,0.6330385753676682,1.0,0.3896828247126254,5022.478289167687,9166.666666666666,12538.53927111576,2.496484514061208,1.25,0.3756177924217463,1
76,1721,2036,1209,4966,248,23,59,59,14,72,8,0.6342604577979837,1.0,0.3884138906169277,5014.564709540149,9166.666666666666,12538.53927111576,2.5004242635978633,1.25,0.34325889164598844,1
77,1744,2055,1218,5017,206,38,106,110,15,50,1,0.6354010480305753,1.0,0.3872291471213593,5008.135780425354,9166.666666666666,12538.53927111576,2.503634050842533,1.25,0.34893267651888343,1
78,1736,2051,1218,5005,228,20,60,68,16,69,3,0.636465055300723,1.0,0.38614935754098595,4999.550404801767,9166.666666666666,12538.53927111576,2.5079333651828466,1.25,0.34318555008210183,1
79,1749,2073,1231,5053,191,58,92,138,16,43,4,0.6374569676124849,1.0,0.38519383965516285,4995.053645696056,9166.666666666666,12538.53927111576,2.5101911131463988,1.25,0.3566206336311942,1
80,1755,2070,1230,5055,202,44,72,95,19,67,3,0.6383810626111629,1.0,0.38425163983959243,4991.450402663712,9166.666666666666,12538.53927111576,2.512003177357929,1.25,0.35528455284552846,1
81,1754,2074,1226,5054,219,23,67,67,20,65,1,0.6392414168122964,1.0,0.38337562595639824,4985.527997024987,9166.666666666666,12538.53927111576,2.5149872347719,1.25,0.3564437194127243,1
82,1763,2084,1233,5080,203,34,71,90,17,40,2,0.6400419134955664,1.0,0.3825607010711316,4980.186722891579,9166.666666666666,12538.53927111576,2.5176845706370776,1.25,0.3609083536090835,1
83,1768,2075,1228,5071,224,28,64,66,17,69,1,0.640786249554765,1.0,0.38172631896138953,4973.895960715295,9166.666666666666,12538.53927111576,2.520868825996231,1.25,0.36400651465798045,1
84,1770,2086,1231,5087,217,33,77,92,17,56,3,0.6414779415674212,1.0,0.3810203087351598,4967.414823554363,9166.666666666666,12538.53927111576,2.524157880203769,1.25,0.35580828594638503,1
85,1774,2086,1236,5096,220,27,78,90,17,64,0,0.642120331313748,1.0,0.3803154365342447,4959.8814923475275,9166.666666666666,12538.53927111576,2.527991705136735,1.25,0.3422330097087379,1
86,1781,2076,1239,5096,231,34,68,82,17,65,3,0.6427165909376538,1.0,0.37961139987406195,4952.455302966681,9166.666666666666,12538.53927111576,2.531782419844308,1.25,0.3220338983050847,1
87,1786,2102,1247,5135,206,51,86,126,17,47,3,0.6432697279052954,1.0,0.37908916440219353,4947.328289823227,9166.666666666666,12538.53927111576,2.534406155521928,1.25,0.33119486768243783,1
88,1788,2094,1244,5126,224,24,57,61,18,62,5,0.643782589881043,1.0,0.3784963197180593,4941.451012606745,9166.666666666666,12538.53927111576,2.5374205348038754,1.25,0.3327974276527331,1
89,1795,2095,1245,5135,225,25,77,80,17,66,5,0.6442578696081661,1.0,0.37794043281958195,4935.1184705018995,9166.666666666666,12538.53927111576,2.5406764490175644,1.25,0.3220883534136546,1
90,1806,2108,1250,5164,209,32,77,86,16,47,2,0.6446981098528708,1.0,0.37744486375015357,4929.264905665919,9166.666666666666,12538.53927111576,2.543693534649233,1.25,0.3304,1
91,1810,2111,1253,5174,209,37,77,96,16,62,1,0.6451057084459719,1.0,0.3769839208684874,4923.468929991798,9166.666666666666,12538.53927111576,2.546688005835887,1.25,0.3128491620111732,1
92,1813,2112,1251,5176,213,33,68,78,15,61,4,0.6454829234365025,1.0,0.37653587846149317,4917.608468704888,9166.666666666666,12538.53927111576,2.5497229702018016,1.25,0.30455635491606714,1
93,1809,2110,1255,5174,223,30,65,93,15,63,3,0.6458318783558312,1.0,0.3761538968551816,4911.486398983334,9166.666666666666,12538.53927111576,2.5529011489701383,1.25,0.30916334661354583,1
94,1809,2105,1260,5174,233,39,94,104,15,91,2,0.6461545675789977,1.0,0.3757603905244051,4904.505262081082,9166.666666666666,12538.53927111576,2.5565349818373733,1.25,0.3119047619047619,1
95,1801,2101,1243,5145,268,25,74,74,14,100,5,0.6464528617615606,1.0,0.375340116411961,4895.605919363135,9166.666666666666,12538.53927111576,2.5611823087155035,1.25,0.3137570394207562,1
96,1801,2096,1245,5142,278,20,58,58,13,57,2,0.6467285133248004,1.0,0.37493794558796123,4885.56144533434,9166.666666666666,12538.53927111576,2.5664479735670778,1.25,0.3028112449799197,1
97,1801,2089,1243,5133,296,25,75,75,13,81,1,0.6469831619591153,1.0,0.3745204672895251,4874.287437457576,9166.666666666666,12538.53927111576,2.5723840524382067,1.25,0.3016894609814964,1
98,1793,2080,1241,5114,320,21,61,61,13,77,5,0.6472183401144164,1.0,0.37413199987112034,4861.2736318488205,9166.666666666666,12538.53927111576,2.5792704177294277,1.25,0.29170024174053183,1
99,1791,2084,1240,5115,321,23,68,68,13,64,8,0.6474354784468358,1.0,0.3737569318162467,4847.552370594798,9166.666666666666,12538.53927111576,2.586571183258258,1.25,0.2693548387096774,1
100,1796,2094,1245,5135,304,23,81,84,13,56,5,0.6476359111927008,1.0,0.37339318193394483,4833.647671864158,9166.666666666666,12538.53927111576,2.59401183584407,1.25,0.2674698795180723,1
101,1803,2094,1241,5138,305,25,59,64,12,52,4,0.6478208814431642,1.0,0.37297774512771914,4819.79429887159,9166.666666666666,12538.53927111576,2.6014677170042884,1.25,0.26833199033037874,1
102,1819,2104,1260,5183,265,53,102,134,12,56,6,0.6479915462958391,1.0,0.3726705216777531,4808.935272178029,9166.666666666666,12538.53927111576,2.6073420750029963,1.25,0.28095238095238095,1
103,1827,2119,1265,5211,243,51,97,127,13,66,4,0.6481489818630284,1.0,0.372417849715645,4800.2526662584505,9166.666666666666,12538.53927111576,2.6120581858639755,1.25,0.2909090909090909,1
104,1825,2119,1255,5199,266,28,69,70,15,80,3,0.6482941881194754,1.0,0.3721215904893191,4790.2317345615165,9166.666666666666,12538.53927111576,2.6175224844865466,1.25,0.2892430278884462,1
105,1838,2132,1265,5235,240,52,93,113,14,55,2,0.6484280935758762,1.0,0.37188398975239895,4782.241082685919,9166.666666666666,12538.53927111576,2.621896105679716,1.25,0.30434782608695654,1
106,1837,2121,1261,5219,260,35,100,103,15,109,4,0.648551559767553,1.0,0.37160213795349656,4773.029990696523,9166.666666666666,12538.53927111576,2.626955895009163,1.25,0.3021411578112609,1
107,1827,2118,1252,5197,286,25,71,73,14,89,6,0.6486653855506477,1.0,0.37135773866051647,4761.8913996761685,9166.666666666666,12538.53927111576,2.633100635593756,1.25,0.30431309904153353,1
108,1828,2114,1259,5201,287,21,73,74,14,67,7,0.6487703112008895,1.0,0.37110372991384066,4750.198789731466,9166.666666666666,12538.53927111576,2.6395820103824703,1.25,0.3034154090548054,1
109,1815,2099,1247,5161,327,17,47,47,13,82,8,0.6488670223124111,1.0,0.3708124451482779,4736.575833696656,9166.666666666666,12538.53927111576,2.6471737625131757,1.25,0.29991980753809144,1
110,1809,2095,1246,5150,340,18,63,65,12,70,6,0.648956153496203,1.0,0.3705417671060654,4721.737555847967,9166.666666666666,12538.53927111576,2.655492628044633,1.25,0.29775280898876405,1
111,1810,2099,1241,5150,338,28,76,76,11,69,6,0.6490382918796367,1.0,0.3702409269659134,4706.578880668672,9166.666666666666,12538.53927111576,2.6640452840629725,1.25,0.3029814665592264,1
112,1806,2092,1244,5142,346,22,63,66,11,67,7,0.6491139804100367,1.0,0.36996139319209487,4690.644479116092,9166.666666666666,12538.53927111576,2.6730952062004345,1.25,0.30144694533762056,1
113,1818,2106,1249,5173,315,39,105,115,11,69,6,0.649183720966566,1.0,0.3696741657948893,4675.618516293161,9166.666666666666,12538.53927111576,2.6816856908711917,1.25,0.311449159327462,1
114,1813,2097,1245,5155,328,26,67,77,11,80,11,0.6492479772857499,1.0,0.36938972604209125,4660.466865723853,9166.666666666666,12538.53927111576,2.6904041231002944,1.25,0.29076305220883536,1
115,1810,2098,1247,5155,331,24,70,73,11,66,4,0.649307177706775,1.0,0.36913929861413036,4644.379819307235,9166.666666666666,12538.53927111576,2.699723054301367,1.25,0.268644747393745,1
116,1805,2097,1243,5145,338,28,76,89,10,78,5,0.6493617177433435,1.0,0.3688698772968521,4627.802418466529,9166.666666666666,12538.53927111576,2.7093938196416207,1.25,0.26950925181013674,1
117,1803,2094,1243,5140,349,23,62,62,10,66,3,0.6494119624893138,1.0,0.3685832107151386,4610.423220443291,9166.666666666666,12538.53927111576,2.7196070016995497,1.25,0.24617860016090104,1
118,1815,2101,1239,5155,330,39,85,92,10,62,6,0.6494582488656696,1.0,0.36824237604270516,4594.405564512473,9166.666666666666,12538.53927111576,2.7290884740268386,1.25,0.25020177562550444,1
119,1824,2109,1252,5185,300,50,95,129,10,62,7,0.6495008877165351,1.0,0.36803320895921793,4580.895669396427,9166.666666666666,12538.53927111576,2.7371370526689645,1.25,0.26757188498402557,1
0,2167,1452,864,4483,236,31,65,65,27,51,0,0.005937126979132328,0.25182270177863625,1.0037058107341972,5833.333333333333,9166.666666666666,12500.0,2.142857142857143,1.25,0.4305555555555556,2
1,2157,1451,853,4461,276,26,54,54,24,70,0,0.007196379998514438,0.2677364009294535,1.0025217457878162,5833.333333333333,9166.666666666666,12500.0,2.142857142857143,1.25,0.40093786635404455,2
2,2160,1454,857,4471,280,31,73,73,19,60,2,0.008710538214593312,0.2845317043016444,1.0010569214752836,5833.333333333333,9166.666666666666,12500.0,2.142857142857143,1.25,0.41073512252042005,2
3,2162,1453,860,4475,291,30,65,65,17,60,1,0.010560598085962434,0.30322298165117917,0.9992621494147855,5833.105158730159,9166.666666666666,12500.0,2.1429409653778975,1.25,0.4116279069767442,2
4,2168,1462,864,4494,281,32,77,77,16,54,3,0.012730556469185243,0.3217290382272119,0.997100150024871,5831.917344329438,9166.666666666666,12500.0,2.143377428377677,1.25,0.4166666666666667,2
5,2163,1465,867,4495,287,31,70,70,15,63,2,0.015317749668705295,0.3412573175763548,0.994396687080597,5828.547030064088,9166.666666666666,12500.0,2.1446168205427614,1.25,0.41753171856978083,2
6,2152,1466,864,4482,309,31,71,71,14,79,0,0.01831596559708634,0.3603601863271144,0.9911468572472966,5822.29259755166,9166.666666666666,12500.0,2.14692061427081,1.25,0.42063492063492064,2
7,2156,1476,876,4508,293,33,78,79,13,51,2,0.02189824151020738,0.38125883192778465,0.9872690964109206,5815.332949376033,9166.666666666666,12500.0,2.1494899963279335,1.25,0.4195205479452055,2
8,2143,1468,870,4481,325,27,59,63,13,83,5,0.026110136836528453,0.4032003838022559,0.9826998222499833,5805.952292166062,9166.666666666666,12500.0,2.152962919944447,1.25,0.4168582375478927,2
9,2149,1484,875,4508,304,32,76,76,12,47,4,0.03104106751923469,0.4262506694721337,0.9774259699873752,5796.454693907779,9166.666666666666,12500.0,2.1564905895215256,1.25,0.4169142857142857,2
10,2151,1485,877,4513,305,33,69,79,12,61,3,0.036636864718646994,0.4486414032385438,0.9715741292534146,5786.259037687643,9166.666666666666,12503.506271379702,2.160896390904833,1.25,0.41919767803462216,2
11,2137,1485,877,4499,326,29,68,73,11,78,0,0.04312064100737781,0.47236227857705465,0.9646309098849664,5773.269573295914,9166.666666666666,12503.506271379702,2.165758261005912,1.25,0.41733181299885974,2
12,2111,1481,872,4464,364,18,53,53,10,82,1,0.05067004846641543,0.4982230744034597,0.9564695451028938,5756.319574173336,9166.666666666666,12503.506271379702,2.1721355303966643,1.25,0.4048165137614679,2
13,2113,1499,885,4497,336,42,89,113,9,54,2,0.05919208210935782,0.5243279467854213,0.9474940098211543,5739.85682925806,9166.666666666666,12506.755770184694,2.1789316601824247,1.25,0.41694915254237286,2
14,2088,1494,884,4466,366,21,48,57,9,77,8,0.06880739078620926,0.5512219264816565,0.9372938374538763,5720.711462915435,9166.666666666666,12506.755770184694,2.1862238379369168,1.25,0.4061085972850679,2
15,2062,1492,881,4435,395,12,38,38,9,67,9,0.07948996020600942,0.5782664827678378,0.9259625777637769,5698.590755166311,9166.666666666666,12506.755770184694,2.1947102902320434,1.25,0.3870601589103292,2
16,2065,1507,891,4463,369,55,88,114,8,59,5,0.09110905216923793,0.6044276011314054,0.913882238318495,5678.4874584504305,9166.666666666666,12506.755770184694,2.2024801255082087,1.25,0.40852974186307517,2
17,2055,1516,898,4469,357,42,69,98,9,60,12,0.10331125214377741,0.6277558439109406,0.9013408281189546,5659.3785234761435,9166.666666666666,12506.755770184694,2.209916816538136,1.25,0.41759465478841873,2
18,2047,1536,911,4494,331,60,81,132,9,54,8,0.11633125821523235,0.6503129083490858,0.8882092576972245,5642.936539555308,9166.666666666666,12506.755770184694,2.216355913719046,1.25,0.4434687156970362,2
19,2049,1558,925,4532,294,62,87,136,9,47,6,0.13007561885917499,0.6719447522009572,0.874594569156789,5630.104458512734,9166.666666666666,12506.755770184694,2.2214074112380713,1.25,0.4681081081081081,2
20,2036,1570,926,4532,292,38,67,90,10,64,9,0.1445408575259574,0.6930314482686326,0.8603768567830714,5617.421601799573,9166.666666666666,12508.754690113405,2.2267786854570706,1.25,0.4794816414686825,2
21,2014,1588,936,4538,287,44,67,111,10,59,7,0.15949503467426338,0.7128693154848185,0.8460304304695997,5604.858693688812,9166.666666666666,12523.82934320149,2.2344594266584425,1.25,0.48717948717948717,2
22,1989,1593,942,4524,304,33,61,91,10,72,4,0.1751014386455841,0.7326097367914893,0.8307122313788001,5590.442703424259,9166.666666666666,12525.371555732076,2.240497259378051,1.25,0.4840764331210191,2
23,1973,1611,953,4537,294,54,85,134,10,68,3,0.19107458270008218,0.751370507214175,0.8151037270228976,5576.984138754238,9166.666666666666,12525.371555732076,2.245904102307513,1.25,0.5047219307450157,2
24,1961,1627,970,4558,271,52,71,123,10,47,9,0.20688158817840396,0.7675480066511157,0.7997578291698384,5565.435383965116,9166.666666666666,12525.371555732076,2.2505645455555223,1.25,0.5309278350515464,2
25,1942,1637,971,4550,284,40,70,98,11,76,4,0.22298086289971175,0.7833503760023397,0.7841162135951414,5553.069980190463,9166.666666666666,12525.371555732076,2.2555760327915895,1.25,0.5283213182286303,2
26,1905,1642,976,4523,317,20,57,70,10,83,3,0.23890661317201733,0.7974388707116914,0.7685330597484276,5536.207884066583,9166.666666666666,12525.371555732076,2.2624460312952794,1.25,0.5245901639344263,2
27,1892,1656,980,4528,313,35,65,92,9,59,7,0.25454945337405294,0.8098434768550381,0.7532291690142215,5519.491101877802,9166.666666666666,12525.882795387412,2.2693908848092796,1.25,0.5459183673469388,2
28,1864,1661,979,4504,340,21,55,65,9,77,4,0.2704955314852238,0.8226833277412076,0.7375624713643109,5499.526557892202,9166.666666666666,12525.882795387412,2.277629294727544,1.25,0.5117466802860061,2
29,1854,1681,1001,4536,311,59,90,150,9,56,4,0.2867312923940126,0.8359588338590138,0.7217736669279626,5482.0246003938755,9166.666666666666,12525.882795387412,2.2849008730255322,1.25,0.5174825174825175,2
30,1842,1697,1008,4547,301,54,75,124,9,58,2,0.3032627489342509,0.8497187036889748,0.705759408676837,5465.893762228902,9166.666666666666,12525.882795387412,2.291644027541355,1.25,0.5079365079365079,2
31,1823,1714,1018,4555,292,42,68,105,9,57,7,0.31942429025761687,0.8621882142364332,0.6901653372481832,5450.025872063377,9166.666666666666,12525.882795387412,2.2983162079274897,1.25,0.48330058939096265,2
32,1811,1729,1026,4566,273,46,67,114,9,49,10,0.3354151057643676,0.874090666672774,0.6747912723870918,5436.128829124728,9166.666666666666,12525.882795387412,2.3041916755685508,1.25,0.4873294346978557,2
33,1788,1748,1036,4572,274,47,75,121,10,67,1,0.3510835482381027,0.8851623716956457,0.6597870872677694,5421.869871118785,9166.666666666666,12525.882795387412,2.3102514617900147,1.25,0.4855212355212355,2
34,1780,1760,1046,4586,263,45,74,116,10,54,1,0.3662577610479628,0.8951188234968881,0.6452314394665459,5408.658873459251,9166.666666666666,12525.882795387412,2.3158943997842023,1.25,0.49235181644359466,2
35,1765,1779,1053,4597,254,50,79,129,10,63,3,0.3804957415521409,0.9030623489913814,0.6316474491282645,5396.741034551976,9166.666666666666,12525.882795387412,2.3210086819419304,1.25,0.4852801519468186,2
36,1754,1793,1061,4608,247,41,71,98,10,59,5,0.3943331555509932,0.910443593152779,0.6184400542687845,5385.138041327689,9166.666666666666,12525.882795387412,2.3260096025874937,1.25,0.471253534401508,2
37,1749,1810,1081,4640,220,62,92,149,10,59,4,0.4076829513321127,0.917151644161336,0.6057948097334989,5376.594023429717,9166.666666666666,12525.882795387412,2.329705895740512,1.25,0.482886216466235,2
38,1734,1813,1083,4630,235,22,52,61,12,62,7,0.42054077032343495,0.9232627552724469,0.5935421253276908,5366.256311891023,9166.666666666666,12525.882795387412,2.3341939086344903,1.25,0.4838411819021237,2
39,1720,1828,1084,4632,231,37,74,101,11,66,7,0.43295838555146643,0.9289603238260531,0.5817377558207719,5355.9528797309285,9166.666666666666,12525.882795387412,2.338684278345758,1.25,0.48523985239852396,2
40,1718,1849,1096,4663,200,61,82,139,10,48,7,0.44474461049448094,0.9338953293401676,0.5706293002039748,5349.953317048514,9166.666666666666,12525.882795387412,2.341306933552412,1.25,0.5164233576642335,2
41,1706,1863,1108,4677,196,36,67,103,13,52,2,0.45656053726876034,0.9394944214160269,0.559517909413991,5343.913864224533,9166.666666666666,12525.882795387412,2.343952974100766,1.25,0.490072202166065,2
42,1685,1859,1106,4650,231,20,58,67,13,83,3,0.46754229219500465,0.943989766902896,0.5490817477976183,5334.432274271211,9166.666666666666,12525.882795387412,2.348119190827799,1.25,0.4602169981916817,2
43,1667,1859,1097,4623,263,20,65,65,12,90,5,0.4785968601864478,0.9492496501523283,0.5384976697525938,5321.592809142448,9166.666666666666,12525.882795387412,2.353784523661423,1.25,0.4439380127620784,2
44,1667,1881,1118,4666,226,49,81,128,12,36,4,0.48925103726524627,0.9543168488210844,0.528405460456825,5311.733205516187,9166.666666666666,12525.882795387412,2.358153602741078,1.25,0.43828264758497315,2
45,1661,1890,1129,4680,222,41,80,110,13,64,1,0.4995647366598733,0.9593168488210844,0.5186122790161434,5301.79275687122,9166.666666666666,12525.882795387412,2.3625749571507937,1.25,0.4286979627989371,2
46,1667,1903,1133,4703,212,43,82,106,14,58,0,0.5093171863661988,0.963832046553421,0.5093275825748621,5293.216161346526,9166.666666666666,12525.882795387412,2.3664030361837685,1.25,0.42541924095322153,2
47,1665,1913,1133,4711,208,35,76,94,14,63,5,0.5190205434505515,0.968832046553421,0.50011857762908,5284.997969890469,9166.666666666666,12525.882795387412,2.370082801686868,1.25,0.412180052956752,2
48,1664,1938,1138,4740,190,58,84,132,15,53,2,0.5284272457398159,0.973832046553421,0.49128649197145485,5279.698680417145,9166.666666666666,12525.882795387412,2.3724616788922037,1.25,0.4253075571177504,2
49,1653,1938,1148,4739,201,34,78,101,18,74,3,0.5375435492588004,0.978832046553421,0.48268575908938893,5272.3247677431455,9166.666666666666,12525.882795387412,2.3757798214598984,1.25,0.397212543554007,2
50,1665,1965,1166,4796,158,76,101,165,17,43,2,0.5463768423075834,0.983832046553421,0.4744393330875213,5270.566362115725,9166.666666666666,12525.882795387412,2.3765724468288907,1.25,0.43739279588336194,2
51,1655,1968,1159,4782,189,32,66,82,21,78,2,0.554710562345398,0.9884313620688154,0.4666037091036222,5266.447832116913,9166.666666666666,12525.882795387412,2.378431002202196,1.25,0.4357204486626402,2
52,1646,1967,1170,4783,206,20,65,76,20,63,1,0.5623746371904359,0.9923257037672936,0.4593654802110607,5259.239310246922,9166.666666666666,12525.882795387412,2.381690974012612,1.25,0.39658119658119656,2
53,1642,1979,1175,4796,205,31,73,92,17,57,2,0.5688229885956666,0.9945622166847392,0.453251717926923,5251.343324941024,9166.666666666666,12525.882795387412,2.3852721142600375,1.25,0.39063829787234045,2
54,1641,1977,1171,4789,222,26,59,66,17,62,3,0.5749901178318838,0.9967844389069614,0.44732437463469726,5241.9327818921265,9166.666666666666,12525.882795387412,2.3895542572879145,1.25,0.39709649871904357,2
55,1646,1984,1170,4800,217,35,87,97,16,69,3,0.5804223858927242,0.9981912223241959,0.4420882369223536,5232.496176798194,9166.666666666666,12525.882795387412,2.393863726251607,1.25,0.41025641025641024,2
56,1636,1981,1173,4790,238,38,62,93,15,68,0,0.5852076926210802,0.9989297737465028,0.43749380252117187,5222.414600112725,9166.666666666666,12525.882795387412,2.3984849450897756,1.25,0.3998294970161978,2
57,1636,1987,1181,4804,235,34,91,107,15,74,1,0.5896368192396981,0.9994853293020585,0.4332104059924064,5211.36459840519,9166.666666666666,12525.882795387412,2.403570611662951,1.25,0.3911939034716342,2
58,1637,1988,1181,4806,245,21,70,70,15,65,0,0.5938049320522717,1.0,0.4291190576019551,5198.650976628133,9166.666666666666,12525.882795387412,2.409448691920409,1.25,0.37256562235393736,2
59,1641,1982,1181,4804,256,28,71,82,14,70,2,0.5974411145391194,1.0,0.4254957791392129,5185.559302308612,9166.666666666666,12525.882795387412,2.415531684269985,1.25,0.36663844199830653,2
60,1646,1993,1185,4824,245,39,77,94,14,57,5,0.6008614480182632,1.0,0.42213425815043587,5173.668040987652,9166.666666666666,12525.882795387412,2.4210835902405954,1.25,0.3493670886075949,2
61,1643,1990,1176,4809,269,21,60,60,14,72,2,0.6040778288733599,1.0,0.4189139076088307,5159.96259847274,9166.666666666666,12525.882795387412,2.4275142612651606,1.25,0.34098639455782315,2
62,1648,1994,1184,4826,262,34,83,94,14,64,2,0.6071015749158251,1.0,0.41589810129934873,5146.5015901984725,9166.666666666666,12525.882795387412,2.433863582057954,1.25,0.3032094594594595,2
63,1640,1981,1175,4796,297,16,51,51,14,75,3,0.6099434193547616,1.0,0.4129998571265016,5130.711799979329,9166.666666666666,12525.882795387412,2.4413538089272286,1.25,0.2919148936170213,2
64,1647,1988,1175,4810,290,28,84,84,13,67,3,0.6126135156043994,1.0,0.41026169386287853,5114.758492976269,9166.666666666666,12525.882795387412,2.448968570576364,1.25,0.2987234042553191,2
65,1660,2005,1184,4849,258,42,84,107,14,41,3,0.6151214510476155,1.0,0.40772416926675803,5100.816909346821,9166.666666666666,12525.882795387412,2.455662106286304,1.25,0.30574324324324326,2
66,1660,2013,1189,4862,245,49,83,123,14,63,7,0.6174762678712276,1.0,0.40539223237960087,5089.121829397745,9166.666666666666,12525.882795387412,2.4613053519431554,1.25,0.32380151387720774,2
67,1660,1998,1196,4854,258,22,69,77,14,74,6,0.6196864891423735,1.0,0.40313721647925504,5076.520448549074,9166.666666666666,12525.882795387412,2.467415018286285,1.25,0.3110367892976589,2
68,1660,1996,1184,4840,276,24,69,69,13,81,7,0.6217601484061834,1.0,0.400984232518685,5063.257275939639,9166.666666666666,12525.882795387412,2.4738783973924887,1.25,0.30236486486486486,2
69,1669,2003,1191,4863,261,31,91,91,13,66,3,0.623704821247119,1.0,0.3989799222279127,5050.071216429547,9166.666666666666,12525.882795387412,2.480337852392375,1.25,0.2980688497061293,2
70,1676,2005,1182,4863,262,26,77,79,13,70,5,0.625527657458816,1.0,0.39704793505162717,5036.926908851207,9166.666666666666,12525.882795387412,2.486810514041039,1.25,0.30456852791878175,2
71,1681,2018,1191,4890,234,49,87,121,13,55,9,0.6272354126960791,1.0,0.3953465106553373,5026.6475737056335,9166.666666666666,12525.882795387412,2.4918959628103305,1.25,0.3198992443324937,2
72,1673,1998,1193,4864,269,19,46,57,14,70,3,0.6288344787229863,1.0,0.3936869054235214,5014.649663073505,9166.666666666666,12525.882795387412,2.4978580034462934,1.25,0.30259849119865884,2
73,1689,2015,1202,4906,226,43,98,121,13,52,10,0.6303309116087934,1.0,0.392161377473194,5005.69680686875,9166.666666666666,12525.882795387412,2.502325506051338,1.25,0.31863560732113144,2
74,1699,2024,1199,4922,217,34,76,87,14,57,4,0.6317304574464385,1.0,0.39072150167714403,4997.953824262207,9166.666666666666,12525.882795387412,2.506202185098513,1.25,0.3194328607172644,2
75,1707,2030,1204,4941,209,32,76,83,16,57,5,0.6330385753676682,1.0,0.38939869891061774,4990.802704952296,9166.666666666666,12525.882795387412,2.509793220829622,1.25,0.3313953488372093,2
76,1710,2022,1203,4935,223,35,77,91,17,78,4,0.6342604577979837,1.0,0.38812738842578826,4983.472463479397,9166.666666666666,12525.882795387412,2.5134849017791097,1.25,0.33748960931005817,2
77,1722,2051,1218,4991,179,62,96,149,15,38,1,0.6354010480305753,1.0,0.3870813002755173,4980.300685430987,9166.666666666666,12525.882795387412,2.515085651761896,1.25,0.3497536945812808,2
78,1737,2062,1212,5011,166,45,88,105,18,59,2,0.636465055300723,1.0,0.3860174792741662,4978.859019443099,9166.666666666666,12525.882795387412,2.5158139136842785,1.25,0.3481848184818482,2
79,1741,2058,1215,5014,170,35,76,92,19,67,6,0.6374569676124849,1.0,0.3850592032992923,4977.3431463558145,9166.666666666666,12525.882795387412,2.5165801165544104,1.25,0.35802469135802467,2
80,1748,2071,1224,5043,160,46,86,115,20,56,0,0.6383810626111629,1.0,0.3842177114082928,4976.622397820455,9166.666666666666,12525.882795387412,2.516944584920328,1.25,0.37336601307189543,2
81,1767,2075,1229,5071,145,49,82,107,20,49,2,0.6392414168122964,1.0,0.3833576685433573,4976.622397820455,9166.666666666666,12525.882795387412,2.516944584920328,1.25,0.386493083807974,2
82,1759,2069,1227,5055,178,25,64,66,22,77,2,0.6400419134955664,1.0,0.3826088372997692,4974.71744588602,9166.666666666666,12525.882795387412,2.5179083901028463,1.25,0.3863080684596577,2
83,1759,2066,1224,5049,197,23,69,70,18,71,1,0.640786249554765,1.0,0.38185099073191775,4970.829748961728,9166.666666666666,12525.882795387412,2.519877651815319,1.25,0.3660130718954248,2
84,1760,2081,1234,5075,181,45,86,120,16,57,3,0.6414779415674212,1.0,0.38122816807105897,4967.88521204129,9166.666666666666,12525.882795387412,2.5213712194933264,1.25,0.3841166936790924,2
85,1765,2069,1227,5061,203,28,66,66,16,74,2,0.642120331313748,1.0,0.38050887479907014,4963.960786325631,9166.666666666666,12525.882795387412,2.523364574090277,1.25,0.3740831295843521,2
86,1765,2068,1226,5059,214,27,75,80,15,72,1,0.6427165909376538,1.0,0.379874993983684,4958.441346712758,9166.666666666666,12525.882795387412,2.5261734322402654,1.25,0.36867862969004894,2
87,1759,2064,1223,5046,234,26,72,72,12,81,1,0.6432697279052954,1.0,0.3792685939671491,4950.937221012523,9166.666666666666,12525.882795387412,2.530002348287851,1.25,0.36467702371218313,2
88,1771,2065,1218,5054,229,30,80,85,11,66,2,0.643782589881043,1.0,0.37862754238180196,4943.942090175584,9166.666666666666,12525.882795387412,2.533582021577149,1.25,0.3620689655172414,2
89,1777,2068,1219,5064,224,28,79,79,12,63,1,0.6442578696081661,1.0,0.37806444959454666,4936.485328244884,9166.666666666666,12525.882795387412,2.5374091003002857,1.25,0.3338802296964725,2
90,1762,2051,1220,5033,263,15,61,65,12,89,1,0.6446981098528708,1.0,0.3775424233116802,4925.992838513335,9166.666666666666,12525.882795387412,2.54281384606473,1.25,0.30901639344262294,2
91,1750,2037,1217,5004,300,16,58,62,11,86,2,0.6451057084459719,1.0,0.37699909207531307,4913.09294055943,9166.666666666666,12525.882795387412,2.5494903000880647,1.25,0.2941659819227609,2
92,1769,2058,1227,5054,253,40,93,103,10,40,4,0.6454829234365025,1.0,0.37648405450113503,4902.114450841683,9166.666666666666,12525.882795387412,2.5551999899220514,1.25,0.28687856560717195,2
93,1779,2065,1225,5069,237,42,73,92,10,51,4,0.6458318783558312,1.0,0.3759987713123639,4893.230738215419,9166.666666666666,12525.882795387412,2.5598389827730976,1.25,0.2816326530612245,2
94,1781,2070,1230,5081,230,48,96,123,11,82,4,0.6461545675789977,1.0,0.37561261004165597,4885.6869057043805,9166.666666666666,12525.882795387412,2.563791548075373,1.25,0.2991869918699187,2
95,1779,2073,1225,5077,238,34,92,95,12,93,5,0.6464528617615606,1.0,0.3752251983773943,4877.4783674652,9166.666666666666,12525.882795387412,2.5681062737131213,1.25,0.3093877551020408,2
96,1795,2084,1236,5115,208,53,96,127,12,56,2,0.6467285133248004,1.0,0.3748802153472979,4872.429835247172,9166.666666666666,12525.882795387412,2.570767198077464,1.25,0.3131067961165049,2
97,1806,2094,1246,5146,187,43,95,120,13,62,1,0.6469831619591153,1.0,0.3745984829858622,4869.060939957172,9166.666666666666,12525.882795387412,2.5725459076915125,1.25,0.32263242375601925,2
98,1805,2096,1244,5145,197,42,76,100,14,73,1,0.6472183401144164,1.0,0.37434525365641913,4866.1267674189085,9166.666666666666,12525.882795387412,2.5740970990016754,1.25,0.33520900321543406,2
99,1818,2112,1247,5177,175,44,93,110,15,57,1,0.6474354784468358,1.0,0.37410819601176915,4864.56178192587,9166.666666666666,12525.882795387412,2.5749252156539457,1.25,0.3488372093023256,2
100,1804,2097,1234,5135,227,28,74,77,16,111,1,0.6476359111927008,1.0,0.37385204038727954,4859.964503758335,9166.666666666666,12525.882795387412,2.5773609633775774,1.25,0.35089141004862234,2
101,1799,2081,1235,5115,259,29,80,80,15,98,1,0.6478208814431642,1.0,0.37357330024143964,4853.24830281217,9166.666666666666,12525.882795387412,2.5809276620216206,1.25,0.351417004048583,2
102,1790,2069,1227,5086,293,24,76,76,14,101,5,0.6479915462958391,1.0,0.37328265568615604,4844.500472537965,9166.666666666666,12525.882795387412,2.5855881047783815,1.25,0.3610431947840261,2
103,1794,2084,1237,5115,274,30,99,104,13,69,2,0.6481489818630284,1.0,0.37305604131696973,4835.087484389949,9166.666666666666,12525.882795387412,2.5906217490018846,1.25,0.3694421988682296,2
104,1805,2092,1244,5141,255,28,88,96,13,58,2,0.6482941881194754,1.0,0.37277752729569813,4825.847199954711,9166.666666666666,12525.882795387412,2.59558213851134,1.25,0.35771704180064307,2
105,1809,2098,1243,5150,255,29,80,88,14,66,0,0.6484280935758762,1.0,0.3725068678780163,4815.956323623608,9166.666666666666,12525.882795387412,2.6009128724744586,1.25,0.3475462590506838,2
106,1805,2093,1241,5139,272,31,72,81,14,78,3,0.648551559767553,1.0,0.3722404083737668,4805.00375628684,9166.666666666666,12525.882795387412,2.6068414158883053,1.25,0.33440773569701854,2
107,1811,2103,1242,5156,259,29,78,83,13,56,4,0.6486653855506477,1.0,0.3719814402322251,4794.163482112029,9166.666666666666,12525.882795387412,2.6127358489388097,1.25,0.33011272141706927,2
108,1809,2103,1249,5161,263,35,79,96,13,73,3,0.6487703112008895,1.0,0.37176230328839444,4783.014910731125,9166.666666666666,12525.882795387412,2.6188257885804336,1.25,0.31385108086469177,2
109,1818,2109,1242,5169,259,32,76,81,13,62,3,0.6488670223124111,1.0,0.37146777560723787,4772.4259239634375,9166.666666666666,12525.882795387412,2.6246363998008015,1.25,0.30676328502415456,2
110,1818,2107,1250,5175,259,37,66,96,13,58,5,0.648956153496203,1.0,0.37127104103120206,4762.770246549787,9166.666666666666,12525.882795387412,2.629957387606787,1.25,0.3008,2
111,1808,2105,1249,5162,275,15,59,59,13,69,7,0.6490382918796367,1.0,0.37108358367833283,4751.379115395714,9166.666666666666,12525.882795387412,2.6362625442369496,1.25,0.277822257806245,2
112,1824,2110,1245,5179,259,34,84,85,12,62,6,0.6491139804100367,1.0,0.37077981847865243,4741.245582448304,9166.666666666666,12525.882795387412,2.6418970664074406,1.25,0.28353413654618476,2
113,1809,2100,1239,5148,295,15,55,55,13,85,7,0.649183720966566,1.0,0.37057768953125775,4728.829658764771,9166.666666666666,12525.882795387412,2.6488335802434735,1.25,0.2736077481840194,2
114,1808,2097,1243,5148,297,25,70,71,11,66,5,0.6492479772857499,1.0,0.3703455973613503,4715.74452801125,9166.666666666666,12525.882795387412,2.656183497851589,1.25,0.2735317779565567,2
115,1816,2103,1245,5164,285,26,76,80,10,58,4,0.649307177706775,1.0,0.37008939381652645,4703.011792905098,9166.666666666666,12525.882795387412,2.6633747366493514,1.25,0.26987951807228916,2
116,1819,2096,1236,5151,299,31,62,70,9,69,2,0.6493617177433435,1.0,0.36978618792295165,4690.261504864933,9166.666666666666,12525.882795387412,2.670615014193782,1.25,0.27427184466019416,2
117,1838,2116,1253,5207,242,62,112,147,9,53,7,0.6494119624893138,1.0,0.3696287058635689,4681.737856553207,9166.666666666666,12525.882795387412,2.675477179452595,1.25,0.2968874700718276,2
118,1833,2124,1251,5208,240,35,67,90,11,61,7,0.6494582488656696,1.0,0.3695235211917057,4673.864024703549,9166.666666666666,12525.882795387412,2.6799844259872097,1.25,0.3005595523581135,2
119,1827,2113,1251,5191,261,28,69,84,12,83,5,0.6495008877165351,1.0,0.36936802905978666,4665.425291979702,9166.666666666666,12525.882795387412,2.6848319309539828,1.25,0.2997601918465228,2
0,2141,1433,856,4430,269,25,53,53,27,73,0,0.004930929430670355,0.2091449241149076,1.003697617386647,5833.333333333333,9166.666666666666,12500.0,2.142857142857143,2.0,0.35046728971962615,0
1,2155,1446,855,4456,260,39,83,83,21,53,0,0.005983738983188697,0.22262092048931914,1.002712760565127,5833.333333333333,9166.666666666666,12500.0,2.142857142857143,2.0,0.44912280701754387,0
2,2154,1456,865,4475,256,29,79,79,20,55,0,0.007251696150073561,0.23687829773839517,1.0014450449015138,5833.333333333333,9166.666666666666,12500.0,2.142857142857143,2.0,0.4300578034682081,0
3,2152,1452,861,4465,282,26,59,59,18,68,1,0.008824710111582975,0.2533810008164549,0.9999475465899893,5833.233618233618,9166.666666666666,12500.0,2.1428937735199383,2.0,0.4146341463414634,0
4,2172,1463,865,4500,262,43,82,82,16,47,1,0.010784547034970315,0.2725491186245993,0.9980882582520698,5833.233618233618,9166.666666666666,12500.0,2.1428937735199383,2.0,0.4494797687861271,0
5,2169,1463,869,4501,276,40,85,85,17,83,1,0.013125069302102967,0.29240756899103965,0.9957340562372701,5831.718109204165,9166.666666666666,12500.0,2.1434506548372645,2.0,0.46490218642117376,0
6,2171,1464,869,4504,285,30,61,61,15,55,0,0.01590313600980477,0.31288861214012875,0.9929041040762825,5828.770476329186,9166.666666666666,12500.0,2.1445346065285777,2.0,0.45766891336511595,0
7,2172,1463,869,4504,295,25,58,58,14,54,0,0.019105446759807937,0.33263494293400325,0.9895853568134216,5824.398898471939,9166.666666666666,12500.0,2.1461442146895946,2.0,0.4436133486766398,0
8,2168,1474,871,4513,294,33,87,87,14,74,2,0.022877990300667134,0.3532886299143476,0.98559290944963,5818.236433302412,9166.666666666666,12500.0,2.1484173328626732,2.0,0.4439341752774588,0
9,2171,1475,870,4516,299,31,67,67,13,62,3,0.027341109368334105,0.3754434722691705,0.9809343419333623,5811.36120924291,9166.666666666666,12500.0,2.1509590524366096,2.0,0.4427586206896552,0
10,2185,1497,887,4569,254,38,96,110,13,41,3,0.03250301116652037,0.3980197719212552,0.975592748919372,5805.095835439195,9166.666666666666,12500.0,2.1532805580382446,2.0,0.44152915855283387,0
11,2208,1526,902,4636,195,85,112,172,13,41,1,0.038462345590184355,0.4213332821116712,0.9698496455235669,5804.76245914902,9166.666666666666,12500.0,2.153404224198436,2.0,0.49223946784922396,0
12,2225,1544,905,4674,167,68,97,132,16,55,2,0.045388054354550254,0.44628684333514534,0.9636082487676031,5804.76245914902,9166.666666666666,12516.436464088398,2.1562357722943433,2.0,0.538121546961326,0
13,2246,1563,924,4733,125,78,97,159,19,38,2,0.05320373804504966,0.47128274148106225,0.9564510710001826,5804.76245914902,9166.666666666666,12532.04137188778,2.1589240662442166,2.0,0.5692640692640693,0
14,2233,1578,934,4745,131,51,77,124,25,60,2,0.061903180516890415,0.49591170410579005,0.948111168612784,5804.76245914902,9166.666666666666,12533.812495507791,2.159229181851009,2.0,0.5867237687366167,0
15,2255,1608,949,4812,84,92,109,179,23,40,1,0.07136408581324241,0.5191530954628159,0.9393587662468347,5804.76245914902,9166.666666666666,12548.367038574228,2.1617365270126525,2.0,0.6469968387776607,0
16,2270,1642,967,4879,46,90,112,191,34,41,1,0.0815057892595194,0.5407184852383614,0.9296280714112808,5804.76245914902,9166.666666666666,12549.223493821948,2.161884070560515,2.0,0.6835573940020683,0
17,2265,1663,983,4911,46,62,85,147,34,51,0,0.09275256365621072,0.5635975042861276,0.9188172965924148,5804.76245914902,9166.666666666666,12549.657546313088,2.1619588457979506,2.0,0.6948118006103764,0
18,2273,1692,1000,4965,22,81,100,174,34,42,0,0.10486471626855622,0.5862128516966139,0.9071809989865205,5804.76245914902,9166.666666666666,12549.657546313088,2.1619588457979506,2.0,0.734,0
19,2276,1722,1018,5016,3,77,89,169,34,36,0,0.1176214854340282,0.6076091782353397,0.8952868588360293,5804.76245914902,9169.62640340689,12561.541504932584,2.164006123133264,2.0,0.7721021611001965,0
20,2253,1755,1037,5045,0,57,78,210,34,41,0,0.13106653256384782,0.628425971984835,0.8871571661128311,5874.419608658809,9177.411442347675,12621.211855417925,2.1485036303525957,2.0,0.781099324975892,0
21,2239,1779,1052,5070,4,60,73,187,34,43,0,0.1449546543284501,0.6478805150172801,0.8778993617393426,5944.912643962714,9184.850355950746,12655.956180069343,2.128871682062805,2.0,0.7975285171102662,0
22,2243,1794,1070,5107,0,61,88,159,34,50,0,0.1596024146701127,0.6677631200930523,0.8653294070721419,5964.8279687985305,9186.959697281098,12689.784249859062,2.127435077128488,2.0,0.805607476635514,0
23,2199,1844,1094,5137,2,54,65,241,34,33,0,0.17473926234378728,0.6871344493975219,0.8538140272461985,6036.405904424113,9186.959697281098,12710.802429987712,2.10569047728747,2.0,0.7595978062157221,0
24,2166,1885,1118,5169,1,44,57,260,34,22,0,0.1898429682550728,0.7043333007249359,0.8421413119664019,6108.842775277202,9186.959697281098,12730.857756898713,2.0840048148597217,2.0,0.721824686940966,0
25,2156,1917,1124,5197,1,52,79,223,34,45,0,0.20529599797583445,0.721221969970022,0.8298993818363852,6182.148888580528,9186.959697281098,12739.375199099057,2.0606710431434014,2.0,0.6948398576512456,0
26,2140,1945,1145,5230,1,62,88,253,34,54,0,0.22096746523667476,0.7375603529881598,0.8172069858087271,6256.3346752434945,9186.959697281098,12747.274724331686,2.037498852926305,2.0,0.6917030567685589,0
27,2093,1986,1182,5261,0,52,69,314,34,34,0,0.23682223619686585,0.7534447260290387,0.8036610825242475,6331.410691346417,9186.959697281098,12747.274724331686,2.013338787476586,2.0,0.6362098138747885,0
28,2071,2021,1198,5290,3,49,79,272,34,48,0,0.25315154473038665,0.769933440667571,0.7897536368033051,6407.387619642574,9186.959697281098,12747.274724331686,1.9894652050163892,2.0,0.5934891485809682,0
29,2042,2062,1220,5324,0,49,77,335,34,40,0,0.2687006030152343,0.7833907519419375,0.7763388843729899,6484.2762710782845,9186.959697281098,12747.274724331686,1.9658747085142185,2.0,0.5721311475409836,0
30,2017,2089,1238,5344,13,44,70,336,34,49,0,0.2843904422134081,0.7968399638542581,0.7634534320225856,6562.087586331224,9186.959697281098,12783.560181624533,1.9480935012590486,2.0,0.5339256865912763,0
31,2004,2128,1255,5387,0,43,78,326,34,31,0,0.30017104492170255,0.8102199647302982,0.7501556512888906,6640.832637367199,9186.959697281098,12808.923579913175,1.9288128882873572,2.0,0.499601593625498,0
32,2001,2150,1268,5419,0,44,81,298,34,47,0,0.31603202847038514,0.8235784307510878,0.7364777764967689,6720.522629015605,9186.959697281098,12813.610756996046,1.906639031564861,2.0,0.4842271293375394,0
33,1944,2198,1304,5446,0,37,60,382,34,26,0,0.3323181442492863,0.8378504723374263,0.7213495869273551,6801.168900563793,9186.959697281098,12817.46270133404,1.8845970286477547,2.0,0.4532208588957055,0
34,1889,2251,1336,5476,0,39,51,378,34,17,0,0.3479752068795776,0.8504370170802863,0.7066179359198296,6882.782927370558,9186.959697281098,12817.46270133404,1.8622500283080579,2.0,0.4258982035928144,0
35,1854,2292,1357,5503,3,40,62,362,34,31,0,0.36317397897056924,0.8619511619337424,0.6925673684900228,6965.376322499005,9186.959697281098,12817.46270133404,1.8401680121621125,2.0,0.4089904200442152,0
36,1823,2337,1377,5537,0,38,72,391,34,35,0,0.3781250071042399,0.8730219239309845,0.6787072329013856,7048.960838368994,9186.959697281098,12819.752531271968,1.8186726845595917,2.0,0.39869281045751637,0
37,1793,2375,1404,5572,0,42,61,387,37,24,0,0.39261627878670863,0.8832566199718137,0.6653513239771583,7133.548368429422,9186.959697281098,12830.63653769453,1.79863314510888,2.0,0.3839031339031339,0
38,1748,2425,1435,5608,0,42,56,408,40,16,0,0.4071199577151212,0.8937984623877948,0.6518894139680601,7219.150948850575,9198.893273795093,12840.740105142333,1.7787050300128189,2.0,0.3616724738675958,0
39,1709,2473,1464,5646,0,45,62,444,42,20,0,0.4213369303826571,0.9040252004580273,0.6405723521291767,7305.780760236782,9236.291443214719,12920.310593006985,1.7685051080821421,2.0,0.34972677595628415,0
40,1713,2486,1480,5679,7,57,90,400,47,50,0,0.4346239800043162,0.9126435607482246,0.63097149466108,7393.450129359623,9292.125307980861,12973.0394281298,1.7546665225499327,2.0,0.35135135135135137,0
41,1713,2519,1502,5734,1,54,88,392,50,32,0,0.44808243247248747,0.9220484717333673,0.6202384967994719,7482.171530911939,9332.562099416386,13016.190763005256,1.7396274208937872,2.0,0.34953395472703064,0
42,1738,2533,1510,5781,4,63,101,343,52,52,0,0.4610511753922495,0.9308838983218851,0.6107750374258883,7571.9575892828825,9402.32235634112,13033.25835089317,1.721253479990438,2.0,0.36026490066225164,0
43,1760,2558,1521,5839,0,65,105,333,56,45,0,0.47379442458744686,0.9397244929867448,0.6001488514667789,7662.821080354277,9438.652518252798,13033.25835089317,1.700843359674346,2.0,0.37212360289283364,0
44,1757,2592,1549,5898,0,73,114,404,60,54,0,0.4856564745019323,0.9473054138973079,0.5907706499927318,7754.774933318528,9503.528688493998,13049.261744943135,1.6827389391891632,2.0,0.3841187863137508,0
45,1779,2613,1556,5948,4,76,123,359,62,65,0,0.4960265573229098,0.9525224640236428,0.5832603076812305,7847.832232518351,9571.810069128436,13049.261744943135,1.66278551303277,2.0,0.4074550128534704,0
46,1810,2630,1571,6011,0,72,113,349,64,45,0,0.5059819818979027,0.9575205042878107,0.57537616850493,7942.006219308571,9607.258521627795,13049.261744943135,1.6430686887675592,2.0,0.4245703373647358,0
47,1867,2632,1574,6073,3,76,137,302,66,74,0,0.5156393381029767,0.9625205042878107,0.5679597038238899,8037.310293940274,9628.195920898333,13049.261744943135,1.623585660837509,2.0,0.44663278271918677,0
48,1897,2655,1582,6134,1,74,128,316,63,63,0,0.5247685624727771,0.9670895043352528,0.5600313038809563,8133.758017467558,9628.195920898333,13049.261744943135,1.6043336569540603,2.0,0.4671302149178255,0
49,1949,2664,1577,6190,1,74,127,245,61,66,0,0.5333695752361812,0.9712315097402554,0.5531701995499235,8231.36311367717,9628.195920898333,13049.261744943135,1.5853099377016404,2.0,0.4889029803424223,0
50,1969,2683,1591,6243,3,67,109,299,59,52,0,0.5411130615284665,0.9743538333212215,0.5466226904526365,8330.139471041295,9634.059682409608,13049.261744943135,1.566511796147866,2.0,0.5003142677561282,0
51,1990,2696,1605,6291,10,70,114,304,60,61,0,0.5483691091546468,0.977131611098999,0.5408479317898163,8430.10114469379,9650.526205783697,13049.261744943135,1.547936557458366,2.0,0.5115264797507788,0
52,2047,2703,1605,6355,0,76,143,221,57,76,0,0.5551764839166319,0.9796243619199129,0.5359197204872458,8531.262358430116,9650.526205783697,13049.261744943135,1.5295815785161717,2.0,0.5233644859813084,0
53,2089,2701,1606,6396,10,70,115,204,54,71,0,0.5612553681798926,0.9813305620458813,0.5315952617936669,8633.637506731278,9650.526205783697,13049.261744943135,1.511444247545624,2.0,0.5330012453300125,0
54,2133,2708,1604,6445,9,74,134,198,53,80,0,0.5669425334811985,0.9828334046147518,0.52771089382857,8737.241156812053,9650.526205783697,13049.261744943135,1.4935219837407352,2.0,0.5405236907730673,0
55,2176,2709,1608,6493,7,68,137,182,50,85,0,0.5721382943780101,0.9839445157258631,0.5243319288939448,8842.088050693797,9650.526205783697,13049.261744943135,1.4758122368979598,2.0,0.5410447761194029,0
56,2192,2730,1623,6545,2,64,103,202,48,50,0,0.5770797363689008,0.9850556268369742,0.5205175333660538,8948.193107302122,9650.526205783697,13049.261744943135,1.4583124870533202,2.0,0.5304990757855823,0
57,2213,2739,1628,6580,13,65,118,188,47,82,0,0.5817796435388862,0.9861667379480851,0.5172380311119962,9055.571424589747,9650.526205783697,13049.261744943135,1.4410202441238342,2.0,0.5221130221130221,0
58,2243,2733,1620,6596,38,80,136,150,45,116,0,0.5858875329582415,0.9866666666666667,0.5132983083176087,9055.571424589747,9650.526205783697,13049.261744943135,1.4410202441238342,2.0,0.5296296296296297,0
59,2258,2767,1640,6665,6,68,127,207,43,52,0,0.5894752330119312,0.9866666666666667,0.5103696773284961,9137.72125854072,9650.526205783697,13049.261744943135,1.4280652009106132,2.0,0.5182926829268293,0
60,2290,2773,1644,6707,1,64,120,146,42,73,0,0.5931407404153536,0.9871506024752066,0.5067425526004162,9139.397172483334,9650.526205783697,13049.261744943135,1.4278033330504032,2.0,0.5109489051094891,0
61,2284,2799,1663,6746,0,56,88,183,42,45,0,0.5966513915080706,0.9877061580307622,0.5034488779829452,9213.15258784376,9650.526205783697,13049.261744943135,1.4163731274961087,2.0,0.49428743235117256,0
62,2292,2816,1674,6782,1,58,108,182,41,68,0,0.5999752427472654,0.9882617135863176,0.5008023439710643,9291.199084635022,9650.526205783697,13049.261744943135,1.4044755285163215,2.0,0.48566308243727596,0
63,2319,2798,1660,6777,41,59,103,108,40,103,0,0.6031225862574318,0.9888172691418733,0.49801133653578544,9291.199084635022,9650.526205783697,13049.261744943135,1.4044755285163215,2.0,0.4831325301204819,0
64,2329,2816,1668,6813,40,36,107,108,39,67,0,0.606103164381347,0.9893728246974289,0.49459591100116984,9291.199084635022,9650.526205783697,13049.261744943135,1.4044755285163215,2.0,0.4568345323741007,0
65,2344,2826,1673,6843,46,60,103,140,40,69,0,0.6089982988576608,0.9900456207802112,0.4914528002745036,9291.199084635022,9650.526205783697,13049.261744943135,1.4044755285163215,2.0,0.44949193066347876,0
66,2362,2845,1688,6895,30,73,130,179,40,74,0,0.6120157596836967,0.9911567318913225,0.4880429495069798,9291.199084635022,9650.526205783697,13049.261744943135,1.4044755285163215,2.0,0.44490521327014215,0
67,2365,2847,1692,6904,55,60,113,155,41,97,0,0.6148949759190538,0.9922678430024336,0.4847848315562414,9291.199084635022,9650.526205783697,13049.261744943135,1.4044755285163215,2.0,0.4391252955082742,0
68,2392,2881,1711,6984,11,98,154,231,43,67,0,0.6176434459332166,0.9933789541135445,0.48167661982120497,9291.199084635022,9650.526205783697,13049.261744943135,1.4044755285163215,2.0,0.45412039742840443,0
69,2404,2884,1710,6998,34,47,122,134,45,100,0,0.6202682483629797,0.9944900652246558,0.4788956830552041,9291.199084635022,9650.526205783697,13049.261744943135,1.4044755285163215,2.0,0.443859649122807,0
70,2411,2875,1706,6992,85,58,118,145,48,121,0,0.6227760715965539,0.995601176335767,0.4762792559635313,9291.199084635022,9650.526205783697,13049.261744943135,1.4044755285163215,2.0,0.4320046893317702,0
71,2421,2889,1716,7026,97,46,133,139,51,94,0,0.6251732429559955,0.9967122874468779,0.47352673299128184,9291.199084635022,9650.526205783697,13049.261744943135,1.4044755285163215,2.0,0.4166666666666667,0
72,2441,2930,1739,7110,61,108,141,247,54,51,0,0.627161441167913,0.9973394627494492,0.4711990204567877,9291.199084635022,9657.574712978367,13049.261744943135,1.4044755285163215,2.0,0.43645773433007473,0
73,2463,2935,1741,7139,81,70,134,172,56,98,0,0.6290040765780672,0.9978950183050047,0.4693995156208057,9291.199084635022,9657.574712978367,13049.261744943135,1.4044755285163215,2.0,0.44399770246984493,0
74,2471,2948,1750,7169,108,57,109,142,59,77,0,0.6307516377625907,0.9984505738605601,0.4673680646468897,9291.199084635022,9657.574712978367,13049.261744943135,1.4044755285163215,2.0,0.44114285714285717,0
75,2477,2952,1744,7173,160,39,107,107,61,98,0,0.6324094169491463,0.9990061294161158,0.46562067033879,9291.199084635022,9657.574712978367,13049.261744943135,1.4044755285163215,2.0,0.43119266055045874,0
76,2483,2941,1748,7172,198,38,106,112,42,102,0,0.6339824519074563,0.9995616849716714,0.46396268077453984,9291.199084635022,9657.574712978367,13049.261744943135,1.4044755285163215,2.0,0.43135011441647597,0
77,2494,2951,1757,7202,198,54,118,145,35,83,0,0.6354010480305753,1.0,0.46236587249227623,9291.199084635022,9657.574712978367,13049.261744943135,1.4044755285163215,2.0,0.4257256687535572,0
78,2501,2961,1762,7224,203,52,96,131,34,67,0,0.636465055300723,1.0,0.46115148917923093,9291.199084635022,9657.574712978367,13049.261744943135,1.4044755285163215,2.0,0.4125993189557321,0
79,2513,2969,1757,7239,217,59,109,134,34,89,0,0.6374569676124849,1.0,0.46020515246685967,9291.199084635022,9657.574712978367,13049.261744943135,1.4044755285163215,2.0,0.41320432555492315,0
80,2520,2983,1765,7268,211,52,112,146,34,72,0,0.6383810626111629,1.0,0.45909267493293715,9291.199084635022,9657.574712978367,13049.261744943135,1.4044755285163215,2.0,0.38526912181303113,0
81,2518,2970,1759,7247,257,51,107,126,33,120,0,0.6392414168122964,1.0,0.45820223786031905,9289.017290884141,9657.574712978367,13049.261744943135,1.4048054101211698,2.0,0.38885730528709495,0
82,2532,2985,1767,7284,242,54,137,154,29,93,0,0.6400419134955664,1.0,0.45727627470553645,9285.655296161702,9657.574712978367,13049.261744943135,1.4053140385619471,2.0,0.38483305036785515,0
83,2534,2980,1768,7282,268,40,98,110,29,95,0,0.640786249554765,1.0,0.4563919076150057,9279.141726018308,9657.574712978367,13049.261744943135,1.406300510353622,2.0,0.38122171945701355,0
84,2542,3002,1784,7328,241,78,133,196,26,80,0,0.6414779415674212,1.0,0.45538535198559466,9276.080909595568,9657.574712978367,13049.261744943135,1.406764545514521,2.0,0.3609865470852018,0
85,2575,3015,1793,7383,210,80,134,173,28,76,1,0.642120331313748,1.0,0.45495676454095224,9276.080909595568,9657.574712978367,13049.261744943135,1.406764545514521,2.0,0.36475181260457334,0
86,2558,3019,1788,7365,250,51,105,141,32,114,1,0.6427165909376538,1.0,0.4540511865093209,9274.923063054484,9657.574712978367,13049.261744943135,1.4069401607139216,2.0,0.3624161073825503,0
87,2566,3013,1786,7365,272,52,111,127,29,105,1,0.6432697279052954,1.0,0.45355419670071345,9272.05602843243,9657.574712978367,13049.261744943135,1.4073752040462264,2.0,0.37010078387458006,0
88,2556,2991,1769,7316,340,32,87,87,27,130,2,0.643782589881043,1.0,0.453019392002868,9263.814928157246,9657.574712978367,13049.261744943135,1.408627206625218,2.0,0.3702656868287168,0
89,2556,2990,1771,7317,358,30,99,99,23,95,1,0.6442578696081661,1.0,0.4523060247994654,9252.360894288106,9657.574712978367,13049.261744943135,1.4103710278961368,2.0,0.35629587803500845,0
90,2576,3012,1777,7365,316,45,125,125,21,67,5,0.6446981098528708,1.0,0.45174378787529335,9241.835568380497,9657.574712978367,13049.261744943135,1.4119772688435568,2.0,0.35115362971299946,0
91,2568,3008,1780,7356,332,26,89,102,21,91,7,0.6451057084459719,1.0,0.4509725934202262,9228.028874689086,9657.574712978367,13049.261744943135,1.4140898259145072,2.0,0.33202247191011236,0
92,2573,3001,1773,7347,348,36,96,97,20,97,5,0.6454829234365025,1.0,0.45051119701293657,9212.91399980813,9657.574712978367,13049.261744943135,1.41640980749575,2.0,0.32430908065425834,0
93,2574,3014,1789,7377,332,52,123,157,20,88,1,0.6458318783558312,1.0,0.44968067204298107,9197.419553535725,9657.574712978367,13049.261744943135,1.4187959643448758,2.0,0.3219675796534377,0
94,2577,3012,1783,7372,351,45,127,129,20,127,1,0.6461545675789977,1.0,0.4491770752082923,9179.77359771765,9657.574712978367,13049.261744943135,1.4215232659101251,2.0,0.31800336511497473,0
95,2579,2999,1777,7355,380,32,79,79,18,93,3,0.6464528617615606,1.0,0.44872798089504856,9160.407962333493,9657.574712978367,13049.261744943135,1.4245284487983663,2.0,0.31457512661789533,0
96,2584,3003,1779,7366,380,41,119,125,17,105,3,0.6467285133248004,1.0,0.44815775281700965,9140.3600569456,9657.574712978367,13049.261744943135,1.4276529221654928,2.0,0.2934232715008432,0
97,2591,3008,1785,7384,363,49,122,142,18,96,9,0.6469831619591153,1.0,0.44761436679578614,9121.713350239675,9657.574712978367,13049.261744943135,1.4305713459632299,2.0,0.2750700280112045,0
98,2602,3033,1803,7438,317,94,141,220,19,78,2,0.6472183401144164,1.0,0.4470105361598919,9109.507226436299,9657.574712978367,13049.261744943135,1.432488214848049,2.0,0.2961730449251248,0
99,2623,3050,1805,7478,279,83,149,198,21,97,7,0.6474354784468358,1.0,0.44683362337511606,9103.151024502828,9657.574712978367,13049.261744943135,1.4334884382142639,2.0,0.31301939058171746,0
100,2625,3043,1811,7479,289,56,130,151,23,123,6,0.6476359111927008,1.0,0.44652406061868344,9096.402136674316,9657.574712978367,13049.261744943135,1.4345519853758357,2.0,0.3252346769740475,0
101,2637,3059,1817,7513,267,54,118,145,23,78,5,0.6478208814431642,1.0,0.4462500601172875,9091.11287494276,9657.574712978367,13049.261744943135,1.4353866159675523,2.0,0.33736929003852506,0
102,2649,3069,1817,7535,259,69,119,158,24,90,3,0.6479915462958391,1.0,0.44612086041840976,9088.708250473766,9657.574712978367,13049.261744943135,1.4357663801413052,2.0,0.35057787561915243,0
103,2656,3082,1837,7575,241,67,129,175,25,87,1,0.6481489818630284,1.0,0.4457676678681944,9087.834879960932,9657.574712978367,13049.261744943135,1.4359043619638512,2.0,0.36908002177463256,0
104,2667,3088,1831,7586,248,54,94,113,26,76,1,0.6482941881194754,1.0,0.4457554521934014,9087.24634638965,9657.574712978367,13049.261744943135,1.4359973580035705,2.0,0.3801201529219006,0
105,2659,3071,1821,7551,297,33,89,89,24,118,4,0.6484280935758762,1.0,0.44562274012748815,9082.558160453846,9657.574712978367,13049.261744943135,1.4367385833828865,2.0,0.37177375068643603,0
106,2662,3070,1829,7561,301,35,105,107,22,92,5,0.648551559767553,1.0,0.4453621702198954,9075.947046690795,9657.574712978367,13049.261744943135,1.4377851344671584,2.0,0.3646801530891197,0
107,2671,3098,1834,7603,271,57,125,156,21,77,3,0.6486653855506477,1.0,0.44507259550516154,9070.729920667358,9657.574712978367,13049.261744943135,1.4386120917579988,2.0,0.37731733914940024,0
108,2685,3113,1840,7638,251,69,125,159,22,85,2,0.6487703112008895,1.0,0.4449602842393009,9068.381111556726,9657.574712978367,13049.261744943135,1.4389847079004192,2.0,0.391304347826087,0
109,2704,3132,1855,7691,209,94,138,205,22,78,4,0.6488670223124111,1.0,0.44485090984494413,9068.381111556726,9657.574712978367,13049.261744943135,1.4389847079004192,2.0,0.4123989218328841,0
110,2701,3130,1861,7692,230,55,109,144,27,105,2,0.648956153496203,1.0,0.44467204054326886,9068.381111556726,9657.574712978367,13049.261744943135,1.4389847079004192,2.0,0.3901128425577646,0
111,2725,3156,1870,7751,190,68,136,166,26,72,2,0.6490382918796367,1.0,0.4446550381527516,9068.381111556726,9657.574712978367,13049.261744943135,1.4389847079004192,2.0,0.3802139037433155,0
112,2718,3146,1869,7733,233,46,112,124,30,126,1,0.6491139804100367,1.0,0.44454719327179715,9068.381111556726,9657.574712978367,13049.261744943135,1.4389847079004192,2.0,0.3750668806848582,0
113,2714,3137,1865,7716,269,36,96,100,26,108,2,0.649183720966566,1.0,0.4444798164954856,9066.691122909333,9657.574712978367,13049.261744943135,1.439252927892383,2.0,0.36621983914209116,0
114,2722,3148,1866,7736,265,57,122,140,22,99,3,0.6492479772857499,1.0,0.44441280120666304,9064.963843483023,9657.574712978367,13049.261744943135,1.4395271696890992,2.0,0.3595927116827438,0
115,2708,3129,1854,7691,325,37,101,101,22,141,2,0.649307177706775,1.0,0.44428919141993006,9058.338630857863,9657.574712978367,13049.261744943135,1.4405800309219965,2.0,0.34573894282632145,0
116,2699,3127,1843,7669,352,39,114,114,18,123,0,0.6493617177433435,1.0,0.44407690442389114,9047.910553417752,9657.574712978367,13049.261744943135,1.442240356809663,2.0,0.33966359196961476,0
117,2688,3112,1852,7652,378,32,98,99,16,109,1,0.6494119624893138,1.0,0.4436902182111354,9033.836025890214,9657.574712978367,13049.261744943135,1.444487337111837,2.0,0.33747300215982723,0
118,2675,3095,1830,7600,435,37,105,105,15,151,4,0.6494582488656696,1.0,0.44351704475523857,9016.393429807276,9657.574712978367,13049.261744943135,1.4472817592235503,2.0,0.34262295081967215,0
119,2651,3070,1824,7545,498,23,79,79,14,131,3,0.6495008877165351,1.0,0.44304711722893864,8993.997489987867,9657.574712978367,13049.261744943135,1.4508856333871112,2.0,0.32510964912280704,0
0,2154,1443,857,4454,248,22,59,59,27,57,0,0.005156694636928112,0.21872073484074592,1.0037137626472556,5833.333333333333,9166.666666666666,12500.0,2.142857142857143,2.0,0.3080513418903151,1
1,2151,1444,858,4453,268,28,70,70,22,68,0,0.00638763049202515,0.2376474281173434,1.0025221164601341,5833.333333333333,9166.666666666666,12500.0,2.142857142857143,2.0,0.34965034965034963,1
2,2141,1435,849,4425,305,24,52,52,19,74,4,0.007875674115352123,0.2572606793471383,1.0011065513177733,5833.1229426077,9166.666666666666,12500.0,2.1429344320337385,2.0,0.3486454652532391,1
3,2138,1444,856,4438,304,21,61,61,16,46,2,0.009674069323905096,0.27776837270172244,0.9992038764122074,5830.823537488685,9166.666666666666,12500.0,2.143779505524824,2.0,0.33294392523364486,1
4,2145,1443,865,4453,303,36,83,83,15,67,0,0.01186893874784643,0.2999540717144087,0.9968978997346798,5827.699264088352,9166.666666666666,12500.0,2.144928801839163,2.0,0.36346820809248553,1
5,2146,1449,861,4456,307,26,64,64,14,56,2,0.014457531272586071,0.32209289533819635,0.9941777979264835,5823.358599010166,9166.666666666666,12500.0,2.14652760730289,2.0,0.36469221835075494,1
6,2161,1462,871,4494,277,38,85,85,14,44,3,0.017495614741828404,0.3442200715465219,0.9910281025045942,5819.526863263944,9166.666666666666,12500.0,2.1479409398222526,2.0,0.3837953091684435,1
7,2140,1460,862,4462,316,18,48,48,14,75,2,0.021182384934031014,0.36879542741497917,0.9870472253421092,5811.8241909647595,9166.666666666666,12500.0,2.150787702668791,2.0,0.37064965197215777,1
8,2157,1479,874,4510,278,36,90,96,12,40,0,0.0255221038790194,0.3941198065674278,0.9824745357192431,5804.889600571552,9166.666666666666,12500.0,2.1533570593262006,2.0,0.37986270022883295,1
9,2154,1483,875,4512,284,33,74,79,13,69,2,0.030466195659918795,0.41835662669341,0.9772535327973454,5796.41993534789,9166.666666666666,12500.0,2.15650352103928,2.0,0.3867428571428571,1
10,2169,1496,887,4552,254,50,91,118,12,49,0,0.03607231590958808,0.44172814873825,0.9718843741249226,5789.5456687303495,9166.666666666666,12517.277339346112,2.162048294558346,2.0,0.4083222301937071,1
11,2177,1511,901,4589,227,58,79,123,13,41,2,0.04240523239343758,0.4645253810936281,0.9656284119511944,5785.369681962638,9166.666666666666,12520.028083977844,2.164084366641637,2.0,0.4328523862375139,1
12,2204,1534,912,4650,177,77,93,144,14,32,3,0.04961570885356467,0.4878560757666215,0.9591032848522306,5785.369681962638,9166.666666666666,12536.17233071771,2.166874896482833,2.0,0.48793859649122806,1
13,2189,1555,911,4655,185,44,68,95,18,59,1,0.057898035218125955,0.5128651814062593,0.9512151123072976,5785.369681962638,9166.666666666666,12538.62176943875,2.1672982814790718,2.0,0.5060373216245884,1
14,2200,1576,929,4705,150,78,96,159,17,45,1,0.06707074454601718,0.5373095040631091,0.9430596371368423,5785.369681962638,9166.666666666666,12567.532133087983,2.172295432091481,2.0,0.5543595263724435,1
15,2213,1611,948,4772,99,93,108,192,20,38,1,0.07724981090219521,0.5619700441303767,0.9342027608860543,5785.369681962638,9166.666666666666,12608.681521000542,2.1794080956159663,2.0,0.619198312236287,1
16,2220,1623,962,4805,94,63,87,138,30,52,0,0.0881894622816898,0.585058716591368,0.92489449716587,5785.369681962638,9166.666666666666,12662.104583245447,2.188642261310073,2.0,0.6382536382536382,1
17,2236,1662,976,4874,54,92,103,182,32,31,0,0.0999976159691251,0.6076210141603753,0.9146911874965132,5785.369681962638,9166.666666666666,12714.62118094317,2.19771974478731,2.0,0.6967213114754098,1
18,2236,1685,1001,4922,39,76,93,174,34,44,0,0.11274107540041836,0.6302431329196229,0.9035539454042527,5785.369681962638,9166.666666666666,12765.403454151372,2.2064974506211357,2.0,0.7172827172827173,1
19,2242,1726,1016,4984,7,91,103,189,34,37,0,0.12634845591104973,0.6526909703965282,0.8917790369583483,5785.369681962638,9166.666666666666,12827.823261592537,2.217286701934803,2.0,0.7785433070866141,1
20,2236,1745,1034,5015,7,68,86,163,34,52,0,0.14070948292954363,0.6746611194158689,0.8793264655095029,5786.735815769471,9166.666666666666,12889.00974546698,2.227336819203506,2.0,0.7959381044487428,1
21,2206,1783,1060,5049,4,56,72,208,34,35,0,0.15582998174385446,0.6964882176089369,0.8685618651134854,5856.176645558705,9166.666666666666,12924.028941756551,2.206905584304406,2.0,0.7981132075471699,1
22,2210,1803,1069,5082,0,69,95,159,34,57,0,0.17177217678542084,0.7186803843318506,0.8550367800993295,5878.912390182639,9166.666666666666,12970.719867643422,2.206312835908831,2.0,0.8091674462114126,1
23,2166,1852,1092,5110,2,51,60,237,34,28,0,0.18858366999245382,0.7415753878523564,0.8421577324074356,5949.459338864831,9166.666666666666,13004.16817089185,2.1857730980598773,2.0,0.7857142857142857,1
24,2151,1884,1106,5141,0,52,76,224,34,40,0,0.20589103772280873,0.763872981558869,0.8286390997203708,6020.852850931209,9166.666666666666,13036.949021579414,2.1652993926870456,2.0,0.7531645569620253,1
25,2121,1917,1133,5171,1,51,79,272,34,46,0,0.22341958536714088,0.7848916446356746,0.8141847014481778,6093.103085142384,9166.666666666666,13045.394847335672,2.1410100346317753,2.0,0.7413945278022948,1
26,2091,1954,1156,5201,0,52,76,286,34,41,0,0.24119124812122206,0.8050646818589555,0.7996860364982351,6166.220322164093,9166.666666666666,13075.72877583882,2.120541935363375,2.0,0.7041522491349481,1
27,2061,1992,1180,5233,0,58,77,270,34,43,0,0.2589808391354939,0.8239418330084796,0.7849248985620226,6240.214966030062,9166.666666666666,13104.982948693238,2.1000851765576987,2.0,0.6601694915254237,1
28,2046,2022,1196,5264,0,51,74,270,34,40,0,0.27697415241390183,0.8423873627598777,0.7693176659689823,6315.097545622423,9166.666666666666,13104.982948693238,2.07518298078824,2.0,0.6413043478260869,1
29,2002,2070,1222,5294,0,40,56,327,34,22,0,0.294843426820904,0.8596095849821,0.7536929518168852,6390.878716169892,9166.666666666666,13121.669817325124,2.053187112458465,2.0,0.5851063829787234,1
30,1961,2112,1251,5324,0,44,57,347,34,23,0,0.31224811148274495,0.8748949927113273,0.7389433647871845,6467.56926076393,9166.666666666666,13168.849090577185,2.0361357659464354,2.0,0.5459632294164668,1
31,1943,2143,1269,5355,1,41,68,328,34,35,0,0.32934047700503893,0.8889539286938388,0.7239597173572881,6545.180091893098,9166.666666666666,13184.020766992018,2.014309855785608,2.0,0.4988179669030733,1
32,1887,2201,1294,5382,1,40,53,389,34,19,0,0.3457122017960793,0.9009248651941592,0.7090359793166009,6623.722252995814,9166.666666666666,13198.407040039152,1.9925966904892036,2.0,0.46754250386398766,1
33,1843,2239,1331,5413,1,44,76,407,34,42,0,0.36145849126406593,0.9113199892233134,0.6947574248595098,6703.206920031765,9166.666666666666,13211.674860189094,1.9709483860191634,2.0,0.44552967693463563,1
34,1780,2305,1358,5443,0,37,63,416,34,28,0,0.3765130357957497,0.9201822909319829,0.680640678021137,6783.645403072146,9166.666666666666,13224.166605785915,1.9494189068014987,2.0,0.41310751104565535,1
35,1703,2370,1399,5472,0,35,49,456,34,15,0,0.3903748466679152,0.9265092549551408,0.6682545669328777,6865.0491479090115,9179.275668073136,13263.886368528956,1.932089061965264,2.0,0.3895639742673338,1
36,1683,2397,1420,5500,0,38,70,400,34,36,0,0.4038445458559698,0.9324036648415052,0.6564213172355065,6947.4297376839195,9180.064541993712,13293.403186081458,1.9134275103173781,2.0,0.373943661971831,1
37,1634,2443,1456,5533,0,46,67,443,39,28,0,0.4166937275749563,0.9374229069632027,0.6452075221466438,7030.798894536127,9206.796829816774,13312.46680273842,1.8934500904419256,2.0,0.36126373626373626,1
38,1636,2464,1471,5571,0,45,81,372,40,41,0,0.4289139307308689,0.9416453419171618,0.6356511819353197,7115.16848127056,9248.167631155951,13331.091586341436,1.8736157297516158,2.0,0.3528212100611829,1
39,1629,2497,1487,5613,0,48,83,386,45,38,0,0.4408009056446979,0.9457873220978179,0.625712614293478,7200.550503045806,9285.226968487688,13331.091586341436,1.851398942442308,2.0,0.34229993275050435,1
40,1623,2527,1507,5657,0,56,95,413,51,44,0,0.45236527965213214,0.949897563352322,0.6168027006750647,7286.957109082356,9351.167879914867,13331.091586341436,1.8294455952987236,2.0,0.3410749834107498,1
41,1612,2559,1532,5703,0,56,90,417,53,37,0,0.4635773911619345,0.9539334597261817,0.6077295403249575,7374.400594391344,9405.550091868321,13331.091586341436,1.8077525645244303,2.0,0.34595300261096606,1
42,1640,2570,1544,5754,1,62,106,367,59,48,0,0.47484508884064486,0.9587344550698049,0.5983588440649513,7462.89340152404,9430.655957094086,13331.091586341436,1.7863167633640615,2.0,0.3549222797927461,1
43,1667,2593,1554,5814,0,64,111,371,62,48,0,0.4851929213814523,0.9623322867147625,0.5906390515478575,7552.448122342329,9488.17095644059,13331.091586341436,1.7651351416640924,2.0,0.36743886743886744,1
44,1713,2601,1561,5875,2,76,111,336,68,45,0,0.4950692286776271,0.9656656200480955,0.5843857330325508,7643.077499810437,9574.983525614512,13331.091586341436,1.7442046854388265,2.0,0.3888532991672005,1
45,1749,2619,1570,5938,4,77,123,334,68,57,0,0.5046066975312434,0.968998953381429,0.5773935593912358,7734.794429808162,9628.952944020439,13331.091586341436,1.7235224164415281,2.0,0.40764331210191085,1
46,1803,2630,1572,6005,0,77,145,299,68,73,0,0.5140140854934935,0.9727204603346524,0.5700809224100121,7827.61196296586,9653.629424188766,13331.091586341436,1.7030853917406406,2.0,0.43256997455470736,1
47,1838,2650,1583,6071,0,79,126,284,68,58,0,0.5231869826933337,0.9766093492235413,0.5626199336174599,7921.54330652145,9678.036713676338,13331.091586341436,1.6828907033010283,2.0,0.4573594440934934,1
48,1882,2658,1593,6133,0,85,130,288,68,62,0,0.5316544343112569,0.979779392524843,0.5574589147859395,8016.601826199708,9764.272462933941,13331.091586341436,1.662935477570186,2.0,0.4839924670433145,1
49,1906,2688,1605,6199,0,78,120,292,68,52,0,0.5395892692049586,0.9825571703026208,0.551730751000271,8112.801048114105,9821.027296624745,13331.091586341436,1.6432168750693537,2.0,0.5003115264797507,1
50,1961,2693,1607,6261,0,86,141,221,68,73,0,0.5472114874012107,0.9853349480803985,0.5463415870798927,8210.154660691474,9852.441455233406,13331.091586341436,1.6237320899894798,2.0,0.5252022401991289,1
51,2000,2703,1618,6321,3,87,126,238,68,61,0,0.5542206527410948,0.9875583986707064,0.5419714346061132,8308.676516619773,9916.571627250933,13331.091586341436,1.604478349791976,2.0,0.5457354758961681,1
52,2054,2715,1619,6388,1,91,154,194,68,84,0,0.5606174314610415,0.9892250653373731,0.536447480917101,8360.826203889617,9918.65355941577,13331.091586341436,1.594470601498636,2.0,0.567016676961087,1
53,2102,2727,1613,6442,3,93,151,184,66,87,0,0.566639638709467,0.990744724519069,0.5305368952464878,8367.969897449173,9918.65355941577,13331.091586341436,1.5931094100141518,2.0,0.5920644761314321,1
54,2132,2735,1634,6501,0,80,117,225,62,52,0,0.5719414030809519,0.9914992847310012,0.5274710027971774,8453.282371037802,9978.600668496993,13337.063654298106,1.5777378619212892,2.0,0.5954712362301101,1
55,2181,2738,1635,6554,2,82,138,182,59,81,0,0.5768542384041673,0.9920548402865569,0.5238944569262992,8453.282371037802,10038.822143093867,13343.018428896048,1.5784422953397614,2.0,0.6061162079510704,1
56,2200,2741,1638,6579,24,75,123,179,55,90,0,0.5815055819628315,0.9926103958421125,0.5203016538813859,8453.282371037802,10110.306174684127,13343.018428896048,1.5784422953397614,2.0,0.6043956043956044,1
57,2217,2744,1628,6589,58,61,125,150,52,107,0,0.585908762631083,0.993165951397668,0.5162671576968366,8453.282371037802,10137.984243191497,13349.116221101884,1.5791636473469683,2.0,0.5982800982800983,1
58,2246,2758,1632,6636,56,70,131,151,51,78,0,0.5898462325052566,0.9933333333333333,0.5120954939903243,8453.282371037802,10137.984243191497,13349.116221101884,1.5791636473469683,2.0,0.5925245098039216,1
59,2288,2762,1633,6683,54,81,139,162,49,88,0,0.5934581737755253,0.9933333333333333,0.5085102353397786,8453.282371037802,10137.984243191497,13349.116221101884,1.5791636473469683,2.0,0.5933864053888549,1
60,2297,2769,1639,6705,74,55,130,148,47,103,0,0.5968557050314749,0.9933333333333333,0.5047005036905141,8453.282371037802,10137.984243191497,13349.116221101884,1.5791636473469683,2.0,0.5729103111653447,1
61,2317,2797,1661,6775,46,90,124,208,46,50,0,0.6000506433475374,0.9933333333333333,0.5010702571325009,8453.282371037802,10137.984243191497,13354.565168000083,1.579808242743056,2.0,0.5725466586393738,1
62,2328,2815,1673,6816,49,80,134,194,46,91,0,0.6032109638333712,0.99359149894646,0.4974506021371133,8453.282371037802,10137.984243191497,13354.565168000083,1.579808242743056,2.0,0.5648535564853556,1
63,2334,2812,1666,6812,96,41,98,101,45,100,0,0.6063734537644239,0.9941470545020157,0.4940318527040478,8453.282371037802,10137.984243191497,13354.565168000083,1.579808242743056,2.0,0.5396158463385354,1
64,2338,2812,1670,6820,123,49,102,127,44,85,0,0.6093682629282406,0.9947026100575711,0.4906638401000027,8453.282371037802,10137.984243191497,13354.565168000083,1.579808242743056,2.0,0.5131736526946108,1
65,2341,2823,1678,6842,136,46,119,139,39,93,0,0.6122046469989346,0.9952581656131267,0.48738364048176597,8453.282371037802,10137.984243191497,13354.565168000083,1.579808242743056,2.0,0.4827175208581645,1
66,2353,2825,1678,6856,148,41,87,103,33,66,0,0.6148913400421973,0.9958137211686824,0.48448092299650486,8453.282371037802,10137.984243191497,13354.565168000083,1.579808242743056,2.0,0.45947556615017876,1
67,2368,2847,1691,6906,124,78,114,182,31,59,0,0.6174365789825689,0.9963692767242378,0.48159473003316244,8453.282371037802,10139.07388954851,13354.565168000083,1.579808242743056,2.0,0.4535777646363099,1
68,2394,2864,1709,6967,99,86,131,205,39,67,0,0.6198481316680939,0.9969248322797934,0.4793920849354297,8453.282371037802,10164.81807436862,13354.565168000083,1.579808242743056,2.0,0.45523698069046226,1
69,2394,2891,1715,7000,112,73,133,192,52,94,0,0.6221333269923534,0.9974803878353491,0.4767999943507524,8453.282371037802,10172.616609992609,13354.565168000083,1.579808242743056,2.0,0.4606413994169096,1
70,2407,2879,1706,6992,160,51,115,116,49,114,0,0.624299085729012,0.9980359433909045,0.4746147372801007,8453.282371037802,10172.616609992609,13354.565168000083,1.579808242743056,2.0,0.45193434935521687,1
71,2420,2897,1711,7028,156,71,122,177,40,78,0,0.6263519509564791,0.99859149894646,0.4723240310408208,8453.282371037802,10172.616609992609,13354.565168000083,1.579808242743056,2.0,0.44476914085330216,1
72,2450,2929,1734,7113,104,98,150,228,44,54,0,0.6282981171853821,0.9991470545020157,0.47012397660838734,8453.282371037802,10172.616609992609,13354.565168000083,1.579808242743056,2.0,0.46366782006920415,1
73,2472,2945,1747,7164,115,69,123,168,63,71,0,0.6301434575352789,0.9997026100575711,0.4680970357966122,8453.282371037802,10172.616609992609,13354.565168000083,1.579808242743056,2.0,0.44819690898683456,1
74,2476,2944,1757,7177,160,46,105,128,58,92,0,0.6317304574464385,1.0,0.4662634106330496,8453.282371037802,10172.616609992609,13354.565168000083,1.579808242743056,2.0,0.4262948207171315,1
75,2489,2951,1761,7201,175,65,121,158,43,93,0,0.6330385753676682,1.0,0.464858489782578,8453.282371037802,10172.616609992609,13354.565168000083,1.579808242743056,2.0,0.4389551391254969,1
76,2502,2966,1771,7239,175,67,125,175,41,84,0,0.6342604577979837,1.0,0.46394514256166036,8453.282371037802,10200.287773448244,13354.565168000083,1.579808242743056,2.0,0.44664031620553357,1
77,2511,2986,1767,7264,186,54,107,131,41,77,0,0.6354010480305753,1.0,0.4627110387768367,8453.282371037802,10200.287773448244,13354.565168000083,1.579808242743056,2.0,0.45217883418222976,1
78,2528,2993,1770,7291,191,54,108,138,38,75,0,0.636465055300723,1.0,0.46162541365037546,8453.282371037802,10200.287773448244,13354.565168000083,1.579808242743056,2.0,0.45875706214689266,1
79,2547,3005,1789,7341,173,74,125,182,37,70,0,0.6374569676124849,1.0,0.46049013138875344,8453.282371037802,10200.287773448244,13354.565168000083,1.579808242743056,2.0,0.45164896590273895,1
80,2547,3013,1791,7351,200,49,103,125,41,89,0,0.6383810626111629,1.0,0.45940195156104374,8453.282371037802,10200.287773448244,13354.565168000083,1.579808242743056,2.0,0.4304857621440536,1
81,2566,3024,1794,7384,198,63,126,151,36,88,0,0.6392414168122964,1.0,0.45855025332092886,8453.282371037802,10200.287773448244,13354.565168000083,1.579808242743056,2.0,0.4241917502787068,1
82,2559,3010,1790,7359,254,34,95,103,36,115,0,0.6400419134955664,1.0,0.45762091659814536,8450.854204183099,10200.287773448244,13354.565168000083,1.5802621658517892,2.0,0.41564245810055866,1
83,2568,3018,1796,7382,257,51,124,132,30,97,0,0.640786249554765,1.0,0.45672317799430273,8446.217452318857,10200.287773448244,13354.565168000083,1.581129688335655,2.0,0.40311804008908686,1
84,2560,3018,1787,7365,297,36,105,105,29,116,0,0.6414779415674212,1.0,0.4557997434991102,8436.498679328874,10200.287773448244,13354.565168000083,1.5829511359637223,2.0,0.37045327364297703,1
85,2539,2989,1775,7303,380,45,114,118,25,173,1,0.642120331313748,1.0,0.45484604090062014,8421.075796913705,10200.287773448244,13354.565168000083,1.5858502512107164,2.0,0.35943661971830987,1
86,2537,2978,1770,7285,414,40,109,109,22,122,1,0.6427165909376538,1.0,0.4539678306221152,8402.69196304963,10200.287773448244,13354.565168000083,1.589319854485448,2.0,0.35706214689265536,1
87,2557,3005,1779,7341,375,43,123,123,21,66,3,0.6432697279052954,1.0,0.45311997539264187,8384.957754265275,10200.287773448244,13354.565168000083,1.5926812703626156,2.0,0.3428892636312535,1
88,2561,2996,1775,7332,399,39,91,92,21,95,1,0.643782589881043,1.0,0.4523585102558456,8365.323287897632,10200.287773448244,13354.565168000083,1.5964194937116822,2.0,0.327887323943662,1
89,2575,3030,1792,7397,347,75,130,187,20,59,1,0.6442578696081661,1.0,0.4514870404709491,8349.492508232559,10200.287773448244,13354.565168000083,1.5994463321971422,2.0,0.3364955357142857,1
90,2601,3041,1800,7442,316,78,125,171,22,73,1,0.6446981098528708,1.0,0.4509739318994156,8338.688971002932,10200.287773448244,13354.565168000083,1.6015185617834442,2.0,0.34833333333333333,1
91,2613,3053,1818,7484,291,86,136,206,24,88,1,0.6451057084459719,1.0,0.4503558093517454,8332.342558829017,10200.287773448244,13354.565168000083,1.6027383744382278,2.0,0.35148514851485146,1
92,2618,3064,1817,7499,293,47,115,124,27,91,1,0.6454829234365025,1.0,0.4498335300289809,8324.124828960132,10200.287773448244,13354.565168000083,1.6043206273816013,2.0,0.35057787561915243,1
93,2614,3056,1807,7477,335,49,107,127,26,124,1,0.6458318783558312,1.0,0.44936094328436593,8313.932837819773,10200.287773448244,13354.565168000083,1.6062873526293908,2.0,0.344770337576093,1
94,2620,3063,1811,7494,322,44,134,139,25,105,9,0.6461545675789977,1.0,0.4488379167597369,8302.573767741525,10200.287773448244,13354.565168000083,1.6084849760549378,2.0,0.34953064605190504,1
95,2608,3054,1816,7478,353,51,113,156,24,123,3,0.6464528617615606,1.0,0.44820664131217164,8289.784463860633,10200.287773448244,13354.565168000083,1.6109665126058939,2.0,0.348568281938326,1
96,2641,3078,1819,7538,299,76,148,172,23,80,9,0.6467285133248004,1.0,0.4479774780658632,8282.060534991575,10200.287773448244,13354.565168000083,1.6124689153837086,2.0,0.36998350742166025,1
97,2651,3093,1830,7574,278,72,122,166,26,78,3,0.6469831619591153,1.0,0.4475744550166879,8276.654386684779,10200.287773448244,13354.565168000083,1.613522148452216,2.0,0.3825136612021858,1
98,2653,3092,1840,7585,284,60,113,150,28,98,7,0.6472183401144164,1.0,0.44718132939525257,8271.40646697448,10200.287773448244,13354.565168000083,1.6145458721344792,2.0,0.391304347826087,1
99,2665,3102,1833,7600,289,59,117,141,27,99,4,0.6474354784468358,1.0,0.4469997707289593,8267.087268375684,10200.287773448244,13354.565168000083,1.615389403119726,2.0,0.4015275504637207,1
100,2668,3097,1833,7598,314,45,105,110,28,105,3,0.6476359111927008,1.0,0.4467217932986979,8260.641742708814,10200.287773448244,13354.565168000083,1.6166498419795745,2.0,0.40480087288597927,1
101,2647,3073,1820,7540,391,24,79,79,27,131,2,0.6478208814431642,1.0,0.44632541084311256,8248.1466543585,10200.287773448244,13354.565168000083,1.6190988991379345,2.0,0.37967032967032965,1
102,2636,3067,1814,7517,429,31,92,92,24,111,5,0.6479915462958391,1.0,0.4458728860112088,8231.826674137918,10200.287773448244,13354.565168000083,1.6223088382018984,2.0,0.35501653803748623,1
103,2663,3087,1833,7583,380,60,164,169,22,95,2,0.6481489818630284,1.0,0.4455118143232738,8216.82147979561,10200.287773448244,13354.565168000083,1.6252714265288228,2.0,0.337152209492635,1
104,2648,3067,1820,7535,438,26,73,73,22,116,7,0.6482941881194754,1.0,0.44510940555564915,8198.011496256191,10200.287773448244,13354.565168000083,1.6290005416677873,2.0,0.328021978021978,1
105,2661,3095,1831,7587,396,44,135,141,20,77,4,0.6484280935758762,1.0,0.44464358513420865,8179.111647092408,10200.287773448244,13354.565168000083,1.632764748082085,2.0,0.3233205898416166,1
106,2671,3095,1838,7604,392,52,120,146,20,99,3,0.648551559767553,1.0,0.44427727592046745,8160.8929506802015,10200.287773448244,13354.565168000083,1.6364097959264365,2.0,0.3264417845484222,1
107,2663,3092,1839,7594,417,32,103,103,20,111,3,0.6486653855506477,1.0,0.44378878575373104,8139.671437003368,10200.287773448244,13354.565168000083,1.6406761957601308,2.0,0.31593257205002717,1
108,2672,3101,1835,7608,411,51,139,143,18,119,4,0.6487703112008895,1.0,0.4434451457286279,8118.3180132335665,10200.287773448244,13354.565168000083,1.6449916283435777,2.0,0.30299727520435965,1
109,2687,3111,1844,7642,384,64,121,160,17,82,5,0.6488670223124111,1.0,0.44311257710126956,8100.498477248862,10200.287773448244,13354.565168000083,1.6486102929971338,2.0,0.29718004338394793,1
110,2682,3106,1848,7636,394,38,113,119,17,115,9,0.648956153496203,1.0,0.4426869255597529,8081.136310156901,10200.287773448244,13354.565168000083,1.6525603152139867,2.0,0.2846320346320346,1
111,2673,3096,1844,7613,425,49,101,124,16,120,4,0.6490382918796367,1.0,0.4422951677968532,8060.980819789576,10200.287773448244,13354.565168000083,1.6566923388795125,2.0,0.279826464208243,1
112,2687,3111,1844,7642,388,43,118,118,16,81,16,0.6491139804100367,1.0,0.44202096478496933,8042.712412085353,10200.287773448244,13354.565168000083,1.6604553891461906,2.0,0.2787418655097614,1
113,2676,3110,1843,7629,399,36,98,111,15,104,10,0.649183720966566,1.0,0.44159830490875635,8023.273673942789,10200.287773448244,13354.565168000083,1.6644783302571051,2.0,0.2854042322300597,1
114,2691,3107,1848,7646,390,51,123,135,16,104,6,0.6492479772857499,1.0,0.44135279906962455,8005.156099515219,10200.287773448244,13354.565168000083,1.6682454410612702,2.0,0.29545454545454547,1
115,2689,3117,1848,7654,385,46,112,128,17,98,8,0.649307177706775,1.0,0.44099492264700035,7987.046842678514,10200.287773448244,13354.565168000083,1.672027901056047,2.0,0.2878787878787879,1
116,2708,3131,1855,7694,346,80,131,179,17,82,7,0.6493617177433435,1.0,0.4408068692096197,7973.98283945484,10200.287773448244,13354.565168000083,1.6747672319938298,2.0,0.3159029649595687,1
117,2697,3130,1854,7681,368,40,97,113,19,105,5,0.6494119624893138,1.0,0.4404725375017582,7959.042058781176,10200.287773448244,13354.565168000083,1.677911119123444,2.0,0.313915857605178,1
118,2697,3123,1853,7673,379,37,101,109,18,102,8,0.6494582488656696,1.0,0.44022271186834955,7943.441088684244,10200.287773448244,13354.565168000083,1.6812065475029714,2.0,0.3059902860226659,1
119,2685,3104,1847,7636,423,28,84,86,18,117,7,0.6495008877165351,1.0,0.43991277385486127,7925.067519124085,10200.287773448244,13354.565168000083,1.6851042764965731,2.0,0.30481862479696803,1
0,2165,1448,863,4476,235,34,73,73,27,58,0,0.005937126979132328,0.25182270177863625,1.0037091185524538,5833.333333333333,9166.666666666666,12500.0,2.142857142857143,2.0,0.4727694090382387,2
1,2162,1449,855,4466,263,29,65,65,24,69,0,0.007196379998514438,0.2677364009294535,1.0025266764947434,5833.333333333333,9166.666666666666,12500.0,2.142857142857143,2.0,0.4421052631578947,2
2,2168,1459,865,4492,253,34,79,79,20,50,1,0.008710538214593312,0.2845317043016444,1.0010374781933145,5833.333333333333,9166.666666666666,12500.0,2.142857142857143,2.0,0.4485549132947977,2
3,2175,1465,867,4507,252,33,69,69,18,53,3,0.010560598085962434,0.30322298165117917,0.9992651204503962,5833.333333333333,9166.666666666666,12500.0,2.142857142857143,2.0,0.44982698961937717,2
4,2173,1465,868,4506,264,35,71,71,18,68,3,0.012730556469185243,0.3217290382272119,0.9971617579889239,5833.101381838691,9166.666666666666,12500.0,2.142942352916861,2.0,0.45622119815668205,2
5,2177,1466,872,4515,264,33,72,72,16,57,1,0.015317749668705295,0.3412573175763548,0.9945885903961142,5831.669464559584,9166.666666666666,12500.0,2.1434685343477398,2.0,0.4541284403669725,2
6,2177,1474,876,4527,261,27,73,76,15,56,1,0.01831596559708634,0.3603601863271144,0.9915166611955959,5828.676865268953,9166.666666666666,12500.0,2.1445690486777758,2.0,0.44031311154598834,2
7,2198,1501,890,4589,212,42,102,119,14,39,0,0.02189824151020738,0.38125883192778465,0.9880077193023725,5826.686349114715,9166.666666666666,12503.08988764045,2.145831976958932,2.0,0.45,2
8,2215,1515,894,4624,184,72,104,142,15,64,3,0.026110136836528453,0.4032003838022559,0.984694211381459,5826.686349114715,9166.666666666666,12534.025944498908,2.151141350933242,2.0,0.5055928411633109,2
9,2227,1538,906,4671,151,71,89,144,17,39,0,0.03104106751923469,0.4262506694721337,0.9815825677908132,5826.686349114715,9166.666666666666,12605.799152666745,2.163459365644767,2.0,0.543046357615894,2
10,2211,1532,910,4653,185,36,64,89,20,80,2,0.036636864718646994,0.4486414032385438,0.9768761066871648,5826.686349114715,9166.666666666666,12635.997660526979,2.168642158410817,2.0,0.5346653346653347,2
11,2213,1536,909,4658,192,32,69,76,18,60,2,0.04312064100737781,0.47236227857705465,0.9716506548605995,5826.686349114715,9166.666666666666,12680.230602832587,2.1762335988377295,2.0,0.5258525852585259,2
12,2211,1546,911,4668,193,36,67,88,17,52,1,0.05067004846641543,0.4982230744034597,0.9644170057064692,5826.686349114715,9166.666666666666,12682.708189053557,2.1766588124278425,2.0,0.5268935236004391,2
13,2203,1559,923,4685,188,51,77,119,16,58,2,0.05919208210935782,0.5243279467854213,0.9565328536966973,5826.686349114715,9166.666666666666,12698.565009476273,2.179380225504269,2.0,0.5438786565547129,2
14,2200,1575,932,4707,180,54,71,119,17,46,0,0.06880739078620926,0.5512219264816565,0.9481996855130799,5826.686349114715,9166.666666666666,12741.293228220604,2.1867134190527464,2.0,0.5600858369098712,2
15,2229,1614,956,4799,102,109,122,219,17,27,0,0.07948996020600942,0.5782664827678378,0.9384931509666824,5826.686349114715,9166.666666666666,12769.121492091444,2.1914894207462425,2.0,0.6255230125523012,2
16,2229,1628,963,4820,108,66,92,134,30,68,0,0.09110905216923793,0.6044276011314054,0.927261216105125,5826.686349114715,9166.666666666666,12769.121492091444,2.1914894207462425,2.0,0.6531671858774662,2
17,2251,1664,985,4900,53,102,126,209,30,41,0,0.10331125214377741,0.6277558439109406,0.9154703674010796,5826.686349114715,9166.666666666666,12769.51039934501,2.191556166616925,2.0,0.7086294416243655,2
18,2247,1693,997,4937,48,74,98,158,34,59,0,0.11633125821523235,0.6503129083490858,0.9031404634462037,5826.686349114715,9166.666666666666,12782.395181152173,2.193767506139108,2.0,0.7472417251755266,2
19,2240,1715,1016,4971,47,73,99,166,34,64,0,0.13007561885917499,0.6719447522009572,0.8901120726949645,5826.686349114715,9166.666666666666,12794.5736836476,2.195857631085902,2.0,0.7637795275590551,2
20,2251,1760,1037,5048,1,105,118,218,34,38,0,0.1445408575259574,0.6930314482686326,0.876520736969752,5830.56390404629,9166.666666666666,12805.99873208642,2.196356809192902,2.0,0.7801350048216008,2
21,2193,1820,1066,5079,0,52,67,284,34,32,0,0.15949503467426338,0.7128693154848185,0.8659762849468207,5900.530670894846,9166.666666666666,12852.465526735303,2.178188072156256,2.0,0.7410881801125704,2
22,2213,1817,1070,5100,11,66,100,153,34,77,0,0.1751014386455841,0.7326097367914893,0.854666845729792,5960.719816563522,9166.666666666666,12910.842145856737,2.165987085985884,2.0,0.7663551401869159,2
23,2212,1840,1089,5141,0,68,103,196,34,58,0,0.19107458270008218,0.751370507214175,0.8426022572376582,6024.250526507149,9166.666666666666,12956.154578071122,2.1506666299920765,2.0,0.7860422405876951,2
24,2213,1856,1091,5160,11,58,88,124,34,65,0,0.20688158817840396,0.7675480066511157,0.8277303523161728,6024.250526507149,9166.666666666666,12989.619695945554,2.156221697419499,2.0,0.8047662694775435,2
25,2197,1891,1116,5204,0,72,89,201,34,44,0,0.22298086289971175,0.7833503760023397,0.8136449413043648,6067.042722099624,9166.666666666666,12998.558789069646,2.1424867739469664,2.0,0.8055555555555556,2
26,2159,1933,1144,5236,0,63,82,251,34,48,0,0.23890661317201733,0.7974388707116914,0.8010371378035412,6139.84723476482,9166.666666666666,13029.373554310867,2.122100608714891,2.0,0.7937062937062938,2
27,2139,1966,1162,5267,0,58,74,216,34,40,0,0.25454945337405294,0.8098434768550381,0.7881609418044547,6213.525401581998,9166.666666666666,13036.953465259845,2.098157265429472,2.0,0.7375215146299484,2
28,2122,1995,1182,5299,0,53,73,228,34,39,0,0.2704955314852238,0.8226833277412076,0.7747105952670555,6288.087706400982,9166.666666666666,13036.953465259845,2.0732779302662765,2.0,0.7140439932318104,2
29,2052,2059,1217,5328,0,46,63,361,34,29,0,0.2867312923940126,0.8359588338590138,0.7602636442025987,6363.544758877793,9166.666666666666,13036.953465259845,2.0486936069824866,2.0,0.647493837304848,2
30,2010,2104,1243,5357,0,42,61,350,34,27,0,0.3032627489342509,0.8497187036889748,0.7464784462868133,6439.907295984327,9166.666666666666,13084.29763898646,2.0317524830124984,2.0,0.6082059533386966,2
31,1975,2143,1270,5388,0,39,63,348,34,29,0,0.31942429025761687,0.8621882142364332,0.7323426040084282,6517.186183536139,9166.666666666666,13099.339429973012,2.009968575558706,2.0,0.568503937007874,2
32,1960,2175,1281,5416,0,47,82,337,34,48,0,0.3354151057643676,0.874090666672774,0.7188010017669039,6595.3924177385725,9166.666666666666,13134.495970925585,1.9914654260146571,2.0,0.5183450429352069,2
33,1918,2212,1314,5444,0,44,69,385,34,35,0,0.3510835482381027,0.8851623716956457,0.7066277280591166,6674.537126751436,9181.485834840265,13228.176713878032,1.9818867529944086,2.0,0.4992389649923896,2
34,1901,2244,1330,5475,0,42,70,329,34,36,0,0.3662577610479628,0.8951188234968881,0.6938137237999606,6754.631572272453,9191.763861764115,13261.396345625666,1.9633041719200903,2.0,0.47518796992481205,2
35,1860,2285,1363,5508,0,38,54,380,34,20,0,0.3804957415521409,0.9030623489913814,0.6819056953386665,6835.687151139722,9205.561564191185,13312.710068536031,1.9475306248204158,2.0,0.4416727806309611,2
36,1841,2320,1380,5541,0,46,76,340,34,42,0,0.3943331555509932,0.910443593152779,0.6692754772490311,6917.715396953399,9205.561564191185,13315.025322460995,1.9247720610658552,2.0,0.427536231884058,2
37,1832,2342,1393,5567,0,45,74,316,34,40,0,0.4076829513321127,0.917151644161336,0.657238190943686,7000.72798171684,9205.561564191185,13317.070846810604,1.9022408643200504,2.0,0.40416367552045945,2
38,1793,2387,1419,5599,0,42,67,361,35,32,0,0.42054077032343495,0.9232627552724469,0.6458376050675201,7084.736717497442,9210.289682531235,13356.130500696738,1.8851978603115338,2.0,0.38195912614517263,2
39,1762,2425,1444,5631,3,44,69,372,37,35,0,0.43295838555146643,0.9289603238260531,0.6353973020005471,7169.753558107412,9245.041909580787,13375.665228963684,1.8655683379575514,2.0,0.3656509695290859,2
40,1767,2448,1455,5670,4,49,81,321,42,40,0,0.44474461049448094,0.9338953293401676,0.6251982578699029,7255.7906008047,9249.211242206677,13394.878383828656,1.8460949496451984,2.0,0.36013745704467354,2
41,1745,2489,1481,5715,0,51,97,407,44,49,0,0.45656053726876034,0.9394944214160269,0.6141853303236205,7342.860088014357,9256.725065080016,13394.878383828656,1.8242044956968362,2.0,0.3571910871033086,2
42,1723,2526,1511,5760,2,51,80,398,49,33,0,0.46754229219500465,0.943989766902896,0.6054756119749795,7430.974409070529,9322.496918392786,13394.878383828656,1.8025736123486524,2.0,0.3560555923229649,2
43,1742,2547,1522,5811,1,59,106,344,53,52,0,0.4785968601864478,0.9492496501523283,0.5962971456471299,7520.146101979375,9351.434358768449,13394.878383828656,1.7811992216883918,2.0,0.36662286465177396,2
44,1729,2585,1549,5863,0,62,94,405,55,38,0,0.48925103726524627,0.9543168488210844,0.5875869987624663,7610.387855203127,9408.700589290424,13394.878383828656,1.7600782823007823,2.0,0.3699160748870239,2
45,1724,2627,1563,5914,1,60,94,378,57,38,0,0.4995647366598733,0.9593168488210844,0.57870474597218,7701.712509465565,9443.606259615215,13394.878383828656,1.7392077888347652,2.0,0.37683941138835575,2
46,1740,2646,1580,5966,3,62,105,353,56,51,0,0.5093171863661988,0.963832046553421,0.5701264828408158,7794.133059579151,9453.271144630724,13394.878383828656,1.718584771575855,2.0,0.38544303797468354,2
47,1754,2675,1596,6025,0,67,107,370,58,46,0,0.5190205434505515,0.968832046553421,0.5615426857994918,7887.662656294101,9466.17000058508,13394.878383828656,1.6982062960235722,2.0,0.39974937343358397,2
48,1778,2695,1603,6076,4,64,97,352,61,40,0,0.5284272457398159,0.973832046553421,0.5540254511533625,7982.31460816963,9503.437556691279,13394.878383828656,1.6780694624738857,2.0,0.40923268870867124,2
49,1815,2710,1612,6137,0,70,118,319,62,52,0,0.5375435492588004,0.978832046553421,0.5461075846732227,8078.102383467666,9503.437556691279,13394.878383828656,1.6581714056066064,2.0,0.42245657568238215,2
50,1818,2741,1635,6194,1,69,94,371,64,31,0,0.5463768423075834,0.983832046553421,0.5390762682335267,8175.0396120692785,9560.707816290485,13394.878383828656,1.6385092940776742,2.0,0.43302752293577984,2
51,1857,2751,1643,6251,1,74,124,320,64,60,0,0.554710562345398,0.9884313620688154,0.5329968422161089,8273.140087414109,9607.618188556675,13394.878383828656,1.6190803301162788,2.0,0.4491783323189288,2
52,1895,2761,1650,6306,4,73,121,305,61,63,0,0.5623746371904359,0.9923257037672936,0.5274249526931205,8372.417768463078,9647.558877281142,13394.878383828656,1.5998817491267578,2.0,0.4618181818181818,2
53,1953,2754,1642,6349,19,72,128,264,60,83,0,0.5688229885956666,0.9945622166847392,0.5228033653578829,8472.886781684634,9647.558877281142,13394.878383828656,1.5809108192952155,2.0,0.476857490864799,2
54,2006,2752,1631,6389,32,64,116,220,56,73,0,0.5749901178318838,0.9967844389069614,0.5184271030500717,8574.56142306485,9647.558877281142,13394.878383828656,1.5621648412008058,2.0,0.4880441446965052,2
55,2062,2753,1633,6448,23,72,145,208,53,83,0,0.5804223858927242,0.9981912223241959,0.5148008552841337,8677.456160141628,9647.558877281142,13394.878383828656,1.5436411474316263,2.0,0.49540722596448256,2
56,2112,2763,1639,6514,1,65,139,207,51,66,0,0.5852076926210802,0.9989297737465028,0.5117180505252784,8781.585634063327,9647.558877281142,13394.878383828656,1.5253371022051643,2.0,0.49542403904820015,2
57,2148,2759,1637,6544,15,73,120,170,47,87,0,0.5896368192396981,0.9994853293020585,0.5089892656881839,8886.964661672087,9647.558877281142,13394.878383828656,1.5072501009932453,2.0,0.5039706780696396,2
58,2194,2756,1632,6582,14,62,122,143,46,75,0,0.5938049320522717,1.0,0.5061455474257852,8954.252837132295,9647.558877281142,13394.878383828656,1.4959236272937904,2.0,0.5055147058823529,2
59,2231,2758,1640,6629,11,68,119,151,45,71,0,0.5974411145391194,1.0,0.5030856842358206,8988.520614238272,9647.558877281142,13394.878383828656,1.4902205778568822,2.0,0.5036585365853659,2
60,2264,2762,1634,6660,22,73,134,140,43,102,0,0.6008614480182632,1.0,0.499780059041782,8988.520614238272,9647.558877281142,13394.878383828656,1.4902205778568822,2.0,0.511015911872705,2
61,2283,2769,1631,6683,30,50,114,120,42,80,0,0.6040778288733599,1.0,0.4964274738379498,8988.520614238272,9647.558877281142,13394.878383828656,1.4902205778568822,2.0,0.4996934396076027,2
62,2303,2790,1651,6744,1,82,124,200,40,55,0,0.6071015749158251,1.0,0.4930829543822995,8988.520614238272,9652.469104379974,13394.878383828656,1.4902205778568822,2.0,0.5015142337976983,2
63,2293,2785,1656,6734,47,45,112,136,38,120,0,0.6099434193547616,1.0,0.48972056815359444,8988.520614238272,9652.469104379974,13394.878383828656,1.4902205778568822,2.0,0.482487922705314,2
64,2328,2814,1666,6808,4,86,140,190,37,60,0,0.6126135156043994,1.0,0.4869406378591378,8988.520614238272,9652.469104379974,13394.878383828656,1.4902205778568822,2.0,0.48739495798319327,2
65,2336,2826,1679,6841,6,61,108,159,37,73,0,0.6151214510476155,1.0,0.4840530252846383,8989.782701036846,9652.469104379974,13394.878383828656,1.4900113639324948,2.0,0.47706968433591423,2
66,2343,2827,1676,6846,34,38,91,98,37,82,0,0.6174762678712276,1.0,0.4815198537972958,8989.782701036846,9652.469104379974,13394.878383828656,1.4900113639324948,2.0,0.46241050119331745,2
67,2352,2838,1671,6861,47,54,106,131,38,81,0,0.6196864891423735,1.0,0.4791257854499014,8989.782701036846,9652.469104379974,13394.878383828656,1.4900113639324948,2.0,0.4530221424296828,2
68,2365,2872,1702,6939,2,94,128,241,39,44,0,0.6217601484061834,1.0,0.47677363070243023,9009.814901812519,9652.469104379974,13394.878383828656,1.4866985093260892,2.0,0.4618096357226792,2
69,2380,2865,1698,6943,35,41,105,107,41,97,0,0.623704821247119,1.0,0.4748744355561781,9009.814901812519,9652.469104379974,13394.878383828656,1.4866985093260892,2.0,0.44405182567726736,2
70,2389,2877,1704,6970,46,59,129,159,42,98,0,0.625527657458816,1.0,0.4728134123528597,9009.814901812519,9652.469104379974,13394.878383828656,1.4866985093260892,2.0,0.44072769953051644,2
71,2400,2876,1704,6980,74,53,104,134,43,89,0,0.6272354126960791,1.0,0.4710468158205354,9009.814901812519,9652.469104379974,13394.878383828656,1.4866985093260892,2.0,0.431924882629108,2
72,2412,2892,1718,7022,73,61,128,157,45,82,0,0.6288344787229863,1.0,0.46918555476382373,9009.814901812519,9652.469104379974,13394.878383828656,1.4866985093260892,2.0,0.4214202561117579,2
73,2423,2889,1713,7025,110,50,113,132,46,104,0,0.6303309116087934,1.0,0.46770915982849476,9009.814901812519,9652.469104379974,13394.878383828656,1.4866985093260892,2.0,0.4226503210741389,2
74,2426,2887,1713,7026,152,34,100,100,48,94,0,0.6317304574464385,1.0,0.46618302102770653,9009.814901812519,9652.469104379974,13394.878383828656,1.4866985093260892,2.0,0.39462930531231755,2
75,2426,2888,1702,7016,190,32,85,85,36,87,0,0.6330385753676682,1.0,0.4647903813614224,9009.814901812519,9652.469104379974,13394.878383828656,1.4866985093260892,2.0,0.3895417156286721,2
76,2426,2883,1705,7014,217,34,97,106,30,94,0,0.6342604577979837,1.0,0.46341811297937946,9009.814901812519,9652.469104379974,13394.878383828656,1.4866985093260892,2.0,0.35835777126099705,2
77,2439,2894,1710,7043,211,45,115,123,27,82,0,0.6354010480305753,1.0,0.4621927213077068,9009.814901812519,9652.469104379974,13394.878383828656,1.4866985093260892,2.0,0.347953216374269,2
78,2444,2903,1720,7067,211,69,115,164,27,88,0,0.636465055300723,1.0,0.46091762178357853,9009.814901812519,9652.469104379974,13394.878383828656,1.4866985093260892,2.0,0.363953488372093,2
79,2452,2899,1719,7070,229,45,112,117,29,101,0,0.6374569676124849,1.0,0.45992542586695945,9008.91763084139,9652.469104379974,13394.878383828656,1.4868465816550749,2.0,0.3589296102385108,2
80,2450,2893,1723,7066,258,29,93,100,27,95,0,0.6383810626111629,1.0,0.45878385508722186,9003.548342646285,9652.469104379974,13394.878383828656,1.4877332662704057,2.0,0.3203714451538015,2
81,2465,2909,1728,7102,242,52,102,127,24,62,0,0.6392414168122964,1.0,0.45780943118645506,8999.469129686904,9652.469104379974,13394.878383828656,1.4884076150272512,2.0,0.3258101851851852,2
82,2484,2940,1743,7167,199,90,140,205,25,72,0,0.6400419134955664,1.0,0.45683753114490916,8999.469129686904,9652.469104379974,13394.878383828656,1.4884076150272512,2.0,0.3407917383820998,2
83,2511,2956,1750,7217,172,79,130,172,30,74,1,0.640786249554765,1.0,0.4561911579801331,8999.469129686904,9652.469104379974,13394.878383828656,1.4884076150272512,2.0,0.35428571428571426,2
84,2518,2962,1759,7239,178,59,118,154,35,91,2,0.6414779415674212,1.0,0.45539098693531926,8999.469129686904,9652.469104379974,13394.878383828656,1.4884076150272512,2.0,0.35133598635588403,2
85,2524,2965,1760,7249,199,51,108,127,35,94,0,0.642120331313748,1.0,0.4547155584229181,8999.469129686904,9652.469104379974,13394.878383828656,1.4884076150272512,2.0,0.35170454545454544,2
86,2535,2969,1763,7267,210,55,120,137,31,101,1,0.6427165909376538,1.0,0.4541338932120372,8999.469129686904,9652.469104379974,13394.878383828656,1.4884076150272512,2.0,0.3630175836642087,2
87,2543,2976,1762,7281,218,43,96,108,31,74,1,0.6432697279052954,1.0,0.45357491219258633,8999.469129686904,9652.469104379974,13394.878383828656,1.4884076150272512,2.0,0.369466515323496,2
88,2553,2995,1770,7318,200,74,136,183,28,91,1,0.643782589881043,1.0,0.4529416557625258,8999.469129686904,9652.469104379974,13394.878383828656,1.4884076150272512,2.0,0.3903954802259887,2
89,2559,2982,1777,7318,221,46,88,118,30,82,3,0.6442578696081661,1.0,0.45250576959561056,8999.469129686904,9652.469104379974,13394.878383828656,1.4884076150272512,2.0,0.38942037141249297,2
90,2549,2973,1774,7296,269,29,99,101,30,119,2,0.6446981098528708,1.0,0.4519179353276357,8996.451034701098,9652.469104379974,13394.878383828656,1.4889069403214612,2.0,0.36753100338218714,2
91,2577,3006,1777,7360,222,59,132,153,24,62,1,0.6451057084459719,1.0,0.4515826329808966,8996.451034701098,9652.469104379974,13394.878383828656,1.4889069403214612,2.0,0.37478897017445134,2
92,2578,3013,1786,7377,222,61,124,170,26,101,3,0.6454829234365025,1.0,0.45105619475878933,8996.451034701098,9652.469104379974,13394.878383828656,1.4889069403214612,2.0,0.3908174692049272,2
93,2598,3034,1803,7435,184,79,136,196,28,72,2,0.6458318783558312,1.0,0.45065203356821754,8996.451034701098,9652.469104379974,13394.878383828656,1.4889069403214612,2.0,0.4021075984470327,2
94,2615,3050,1810,7475,173,78,136,175,31,95,1,0.6461545675789977,1.0,0.4503468311415974,8996.451034701098,9652.469104379974,13394.878383828656,1.4889069403214612,2.0,0.3939226519337017,2
95,2604,3030,1795,7429,249,31,85,85,34,127,0,0.6464528617615606,1.0,0.450109459118895,8996.451034701098,9652.469104379974,13394.878383828656,1.4889069403214612,2.0,0.37047353760445684,2
96,2605,3029,1790,7424,270,41,114,114,26,111,2,0.6467285133248004,1.0,0.4498349102331348,8995.070375548994,9652.469104379974,13394.878383828656,1.4891354736078015,2.0,0.3614525139664804,2
97,2598,3014,1789,7401,304,29,85,85,24,99,4,0.6469831619591153,1.0,0.44948328246350555,8989.706660043686,9652.469104379974,13394.878383828656,1.4900239674520772,2.0,0.34935718278367806,2
98,2608,3035,1793,7436,283,39,117,126,21,76,1,0.6472183401144164,1.0,0.4490886895567359,8983.072811949534,9652.469104379974,13394.878383828656,1.491124325076205,2.0,0.339654210819855,2
99,2617,3043,1804,7464,267,52,120,151,19,85,0,0.6474354784468358,1.0,0.4487416753821789,8977.422571283489,9652.469104379974,13394.878383828656,1.4920628139612693,2.0,0.3425720620842572,2
100,2629,3054,1818,7501,242,69,104,155,19,62,2,0.6476359111927008,1.0,0.44846447090409036,8975.639598856438,9652.469104379974,13394.878383828656,1.4923592058592974,2.0,0.3371837183718372,2
101,2624,3046,1809,7479,275,43,97,114,20,111,1,0.6478208814431642,1.0,0.44825586792354494,8971.792450796353,9652.469104379974,13394.878383828656,1.4929991367153954,2.0,0.33720287451630737,2
102,2628,3048,1807,7483,284,39,105,105,18,97,1,0.6479915462958391,1.0,0.448034969828967,8966.16649254682,9652.469104379974,13394.878383828656,1.493935941850202,2.0,0.34311012728278917,2
103,2613,3034,1800,7447,329,26,92,92,18,121,2,0.6481489818630284,1.0,0.4476681734823619,8955.999500184735,9652.469104379974,13394.878383828656,1.4956318815730574,2.0,0.32611111111111113,2
104,2611,3029,1793,7433,349,41,114,114,16,120,2,0.6482941881194754,1.0,0.447387375458146,8943.615366904574,9652.469104379974,13394.878383828656,1.4977028678352795,2.0,0.3162297824874512,2
105,2592,3003,1788,7383,408,24,80,80,14,127,2,0.6484280935758762,1.0,0.4469606524244416,8926.726606504442,9652.469104379974,13394.878383828656,1.5005364199311877,2.0,0.28635346756152125,2
106,2585,3001,1782,7368,427,24,83,83,13,94,5,0.648551559767553,1.0,0.4465260102112738,8907.739889289114,9652.469104379974,13394.878383828656,1.5037347913509451,2.0,0.2570145903479237,2
107,2590,3003,1778,7371,423,36,115,115,13,102,4,0.6486653855506477,1.0,0.4462017906033148,8888.356888447108,9652.469104379974,13394.878383828656,1.5070140130443037,2.0,0.26040494938132736,2
108,2609,3032,1793,7434,364,51,157,178,14,86,2,0.6487703112008895,1.0,0.44577371200911,8870.286592272147,9652.469104379974,13394.878383828656,1.5100840592341587,2.0,0.26380368098159507,2
109,2611,3020,1795,7426,377,32,91,96,14,94,4,0.6488670223124111,1.0,0.44547408280780904,8851.240951728712,9652.469104379974,13394.878383828656,1.513333379678534,2.0,0.26518105849582174,2
110,2622,3036,1804,7462,347,59,119,158,14,77,2,0.648956153496203,1.0,0.44511988417383347,8835.317073873546,9652.469104379974,13394.878383828656,1.5160608580124362,2.0,0.2749445676274945,2
111,2606,3015,1789,7410,397,30,92,96,15,134,7,0.6490382918796367,1.0,0.4447975643581125,8815.99464541071,9652.469104379974,13394.878383828656,1.5193836796170865,2.0,0.2649524874231414,2
112,2617,3028,1798,7443,363,45,123,129,14,86,11,0.6491139804100367,1.0,0.44445141031238095,8798.344869984088,9652.469104379974,13394.878383828656,1.522431614328489,2.0,0.25027808676307006,2
113,2622,3025,1800,7447,360,47,102,120,16,93,10,0.649183720966566,1.0,0.4442015782347049,8781.992390629774,9652.469104379974,13394.878383828656,1.5252664529885893,2.0,0.25222222222222224,2
114,2637,3068,1816,7521,288,99,156,236,16,73,5,0.6492479772857499,1.0,0.4438329310445073,8773.885936115346,9652.469104379974,13394.878383828656,1.526675692088979,2.0,0.2830396475770925,2
115,2665,3087,1830,7582,236,91,129,194,18,64,5,0.649307177706775,1.0,0.4438770216247658,8773.885936115346,9652.469104379974,13394.878383828656,1.526675692088979,2.0,0.3163934426229508,2
116,2672,3104,1835,7611,219,69,124,163,23,89,5,0.6493617177433435,1.0,0.44376592845496016,8773.885936115346,9652.469104379974,13394.878383828656,1.526675692088979,2.0,0.3307901907356948,2
117,2678,3089,1842,7609,238,48,113,128,26,109,3,0.6494119624893138,1.0,0.44380964585049987,8773.885936115346,9652.469104379974,13394.878383828656,1.526675692088979,2.0,0.34256243213897936,2
118,2676,3094,1835,7605,255,45,99,114,25,95,4,0.6494582488656696,1.0,0.443740161443266,8772.73693905412,9652.469104379974,13394.878383828656,1.5268756463217164,2.0,0.3553133514986376,2
119,2679,3098,1835,7612,261,38,114,115,23,101,4,0.6495008877165351,1.0,0.4436568604225996,8769.432222754873,9652.469104379974,13394.878383828656,1.5274510417073186,2.0,0.3564032697547684,2
