anchor,eps,seed,month,junior,total
0.08,0.5,0,0,1.011142061281337,1.0119235095613048
0.08,0.5,0,6,0.99859616284511,1.0015905476028175
0.08,0.5,0,12,1.0134680134680134,1.0099791134834069
0.08,0.5,0,18,0.9738439981317142,0.9741789354473386
0.08,0.5,0,24,0.9793038570084666,0.9810718358038768
0.08,0.5,0,30,0.9753787878787878,0.9734553775743707
0.08,0.5,0,36,0.950485886163813,0.9496418979409131
0.08,0.5,0,42,0.9441189725101397,0.9413943355119826
0.08,0.5,0,48,0.9400352733686067,0.9406109805597095
0.08,0.5,0,54,0.9177158273381295,0.9190952588081774
0.08,0.5,0,60,0.8760563380281691,0.8840118262451672
0.08,0.5,0,66,0.8026740433379438,0.8297539149888143
0.08,0.5,0,72,0.6991468343062416,0.7530971527928711
0.08,0.5,0,78,0.6089285714285714,0.6931056840285282
0.08,0.5,0,84,0.533273381294964,0.6396337475474166
0.08,0.5,0,90,0.48560986751941526,0.6050364479787939
0.08,0.5,0,96,0.4518380642159144,0.5861680558684388
0.08,0.5,0,102,0.467035732259688,0.6201267056530214
0.08,0.5,0,108,0.43293293293293295,0.5822631451417495
0.08,0.5,0,114,0.4401840490797546,0.596694622594968
0.08,0.5,0,120,0.4478497281265447,0.6098203592814371
0.08,0.5,0,126,0.45023207839092316,0.6111249688201547
0.08,0.5,0,132,0.45891472868217054,0.6248441007732601
0.08,0.5,0,138,0.4514811031664964,0.6204162537165511
0.08,0.5,0,144,0.4490717511289513,0.6112463485881208
0.08,0.5,0,150,0.43306693306693306,0.5960328979196904
0.08,0.5,1,0,1.0050761421319796,1.0094064949608064
0.08,0.5,1,6,0.9943529411764706,0.9938398357289527
0.08,0.5,1,12,1.0056657223796035,1.004108650992924
0.08,0.5,1,18,1.005186232909005,1.0009122006841504
0.08,0.5,1,24,0.9926686217008798,0.9926661935178613
0.08,0.5,1,30,0.9473935915829746,0.9433787843771666
0.08,0.5,1,36,0.938872970391595,0.9382230448866266
0.08,0.5,1,42,0.974609375,0.973578674215617
0.08,0.5,1,48,0.9543707973102786,0.9535207994422495
0.08,0.5,1,54,0.9253731343283582,0.9270736253494875
0.08,0.5,1,60,0.873015873015873,0.8863795110593714
0.08,0.5,1,66,0.8197932053175776,0.8521614521136852
0.08,0.5,1,72,0.6528189910979229,0.7066985645933014
0.08,0.5,1,78,0.5496108949416343,0.6372595025809479
0.08,0.5,1,84,0.478852698104035,0.5890249646726331
0.08,0.5,1,90,0.4620412267471091,0.5937728046703965
0.08,0.5,1,96,0.428854734754586,0.568622754491018
0.08,0.5,1,102,0.4111650485436893,0.5514567669172933
0.08,0.5,1,108,0.40465793304221254,0.5457523987830564
0.08,0.5,1,114,0.39835031538088306,0.5431924882629108
0.08,0.5,1,120,0.43134171907756813,0.5878772508242455
0.08,0.5,1,126,0.4072191154041688,0.5568685376661743
0.08,0.5,1,132,0.40846506884242734,0.5595472440944882
0.08,0.5,1,138,0.40884252359662193,0.5618680789600385
0.08,0.5,1,144,0.40461010299166256,0.5549228944246738
0.08,0.5,1,150,0.4159113796576032,0.5735150925024343
0.08,0.75,0,0,1.001392757660167,1.0020247469066366
0.08,0.75,0,6,0.9489939167056621,0.9525107930015906
0.08,0.75,0,12,1.0081770081770083,1.0041773033186354
0.08,0.75,0,18,0.9715086408220458,0.9721404303510759
0.08,0.75,0,24,0.9755409219190969,0.9794754846066135
0.08,0.75,0,30,0.9715909090909091,0.968649885583524
0.08,0.75,0,36,0.9486348912540491,0.9487466427931961
0.08,0.75,0,42,0.9202343397926994,0.916557734204793
0.08,0.75,0,48,0.9144620811287478,0.9154026917325357
0.08,0.75,0,54,0.9181654676258992,0.9204001739886908
0.08,0.75,0,60,0.9070422535211268,0.9178985672049125
0.08,0.75,0,66,0.8234209313047487,0.8543624161073825
0.08,0.75,0,72,0.7193533902110463,0.7754835905237992
0.08,0.75,0,78,0.6392857142857142,0.7341690079965421
0.08,0.75,0,84,0.5822841726618705,0.7083060824068018
0.08,0.75,0,90,0.5340338053905893,0.6788159929313011
0.08,0.75,0,96,0.5104699860400186,0.6726740256814598
0.08,0.75,0,102,0.5314544539506794,0.716374269005848
0.08,0.75,0,108,0.5075075075075075,0.6896050399806155
0.08,0.75,0,114,0.5209611451942741,0.7094227923038974
0.08,0.75,0,120,0.5165595650024716,0.7087425149700599
0.08,0.75,0,126,0.5415162454873647,0.7463207782489398
0.08,0.75,0,132,0.5503875968992248,0.7508106759790472
0.08,0.75,0,138,0.5459652706843718,0.7522299306243806
0.08,0.75,0,144,0.5539387857501255,0.7555988315481986
0.08,0.75,0,150,0.5634365634365635,0.7694726656990808
0.08,0.75,1,0,0.9949238578680203,0.9975363941769317
0.08,0.75,1,6,1.0230588235294118,1.0266940451745379
0.08,0.75,1,12,1.040604343720491,1.0383474092672906
0.08,0.75,1,18,1.008015087223008,1.005473204104903
0.08,0.75,1,24,1.0669599217986314,1.0667139815471967
0.08,0.75,1,30,1.053562888570062,1.0492257915414838
0.08,0.75,1,36,1.0315186246418337,1.031004164738547
0.08,0.75,1,42,0.97802734375,0.977589054022175
0.08,0.75,1,48,0.9817483189241114,0.9818731117824774
0.08,0.75,1,54,0.9489648531535869,0.9527027027027027
0.08,0.75,1,60,0.9278499278499278,0.940162980209546
0.08,0.75,1,66,0.8852781880846874,0.919990446620492
0.08,0.75,1,72,0.8011869436201781,0.872488038277512
0.08,0.75,1,78,0.7110894941634242,0.823322383857344
0.08,0.75,1,84,0.648031113271755,0.7976919453603392
0.08,0.75,1,90,0.6184012066365008,0.7956701532473851
0.08,0.75,1,96,0.5815567674764501,0.7686227544910179
0.08,0.75,1,102,0.5519417475728156,0.7453007518796992
0.08,0.75,1,108,0.5424551188743328,0.742803650830798
0.08,0.75,1,114,0.5652595827268316,0.7701877934272301
0.08,0.75,1,120,0.6111111111111112,0.8369261983261476
0.08,0.75,1,126,0.5856634468734113,0.8074839980305268
0.08,0.75,1,132,0.5864354920958694,0.8068405511811023
0.08,0.75,1,138,0.5757575757575758,0.794174289841117
0.08,0.75,1,144,0.5698871996076508,0.7822064056939502
0.08,0.75,1,150,0.5906344410876133,0.8096397273612463
0.08,1.0,0,0,1.0018570102135562,1.0022497187851518
0.08,1.0,0,6,1.0023397285914835,1.0059077482390366
0.08,1.0,0,12,1.0283790283790284,1.0252958923184032
0.08,1.0,0,18,0.9911256422232602,0.9941109852774632
0.08,1.0,0,24,0.9882408278457196,0.9892816419612315
0.08,1.0,0,30,1.0085227272727273,1.0059496567505721
0.08,1.0,0,36,0.9301249421564091,0.9272605192479857
0.08,1.0,0,42,0.9540333483551149,0.95119825708061
0.08,1.0,0,48,0.955026455026455,0.9559923093356121
0.08,1.0,0,54,0.950089928057554,0.9545454545454546
0.08,1.0,0,60,0.9868544600938968,1.000227427791676
0.08,1.0,0,66,0.8981097279852467,0.932662192393736
0.08,1.0,0,72,0.8396946564885496,0.9093675287980874
0.08,1.0,0,78,0.7709821428571428,0.8880484114977307
0.08,1.0,0,84,0.7203237410071942,0.881185960322651
0.08,1.0,0,90,0.6911831886706259,0.8824828804948089
0.08,1.0,0,96,0.6891577477896697,0.9080874070736652
0.08,1.0,0,102,0.7287367891293407,0.9802631578947368
0.08,1.0,0,108,0.6856856856856857,0.9331233341410226
0.08,1.0,0,114,0.6958077709611452,0.9514060187469167
0.08,1.0,0,120,0.6569451309935739,0.8977245508982036
0.08,1.0,0,126,0.6802475502836514,0.9319032177600399
0.08,1.0,0,132,0.7064599483204135,0.9633325018707907
0.08,1.0,0,138,0.7053115423901941,0.9680376610505451
0.08,1.0,0,144,0.6874059207225288,0.9498539435248295
0.08,1.0,0,150,0.6828171828171828,0.9395258829221094
0.08,1.0,1,0,0.9949238578680203,0.9957446808510638
0.08,1.0,1,6,0.976,0.9783253479352042
0.08,1.0,1,12,0.9924457034938622,0.9920109564026478
0.08,1.0,1,18,0.9721829325789721,0.9689851767388825
0.08,1.0,1,24,0.9926686217008798,0.9912467471019636
0.08,1.0,1,30,0.9115255858440937,0.9112549110238041
0.08,1.0,1,36,0.9068767908309455,0.9055992596020361
0.08,1.0,1,42,0.9326171875,0.9327671620665251
0.08,1.0,1,48,0.946685878962536,0.9460841273530095
0.08,1.0,1,54,0.9513721714010592,0.9529356943150047
0.08,1.0,1,60,0.9191919191919192,0.9327124563445868
0.08,1.0,1,66,0.8916789758739537,0.9281108192022928
0.08,1.0,1,72,0.8491592482690405,0.9248803827751196
0.08,1.0,1,78,0.7835603112840467,0.9124824026278743
0.08,1.0,1,84,0.6922702965483715,0.8596325953838907
0.08,1.0,1,90,0.6817496229260935,0.8854293359279981
0.08,1.0,1,96,0.6514625681705504,0.8701796407185629
0.08,1.0,1,102,0.6199029126213592,0.8395206766917294
0.08,1.0,1,108,0.6094129063561378,0.8319681722443248
0.08,1.0,1,114,0.581756428918001,0.7992957746478874
0.08,1.0,1,120,0.6457023060796646,0.8838447882323104
0.08,1.0,1,126,0.6024402643619725,0.8269325455440669
0.08,1.0,1,132,0.6165221825599184,0.843011811023622
0.08,1.0,1,138,0.6150024838549428,0.8432835820895522
0.08,1.0,1,144,0.6174595389897009,0.8436536180308423
0.08,1.0,1,150,0.5926485397784491,0.810126582278481
0.08,1.25,0,0,1.0,1.0017997750281216
0.08,1.25,0,6,0.9943846513804399,0.9993183367416496
0.08,1.25,0,12,1.0360750360750361,1.0334184265490833
0.08,1.25,0,18,0.9929939280709948,0.9959229898074745
0.08,1.25,0,24,0.9920037629350894,0.9927023945267959
0.08,1.25,0,30,0.9957386363636364,0.9949656750572082
0.08,1.25,0,36,0.968070337806571,0.9677708146821844
0.08,1.25,0,42,0.9445696259576386,0.9444444444444444
0.08,1.25,0,48,0.9391534391534392,0.9408246101260415
0.08,1.25,0,54,0.9433453237410072,0.9451935624184428
0.08,1.25,0,60,1.0,1.0113713895838072
0.08,1.25,0,66,0.9649608114338405,1.0022371364653244
0.08,1.25,0,72,0.9079479119892232,0.9869593566615953
0.08,1.25,0,78,0.8741071428571429,1.0084287875513291
0.08,1.25,0,84,0.8192446043165468,1.0039241334205362
0.08,1.25,0,90,0.8090452261306532,1.0318091451292246
0.08,1.25,0,96,0.8045602605863192,1.0599234061725613
0.08,1.25,0,102,0.8303975842979366,1.118664717348928
0.08,1.25,0,108,0.8468468468468469,1.1521686455052096
0.08,1.25,0,114,0.873721881390593,1.1998026640355204
0.08,1.25,0,120,0.8685121107266436,1.1937724550898203
0.08,1.25,0,126,0.9195461578133058,1.2621601396857072
0.08,1.25,0,132,0.9333333333333333,1.2788725367922176
0.08,1.25,0,138,0.9131767109295199,1.2581764122893955
0.08,1.25,0,144,0.9152032112393377,1.2570593962999026
0.08,1.25,0,150,0.9315684315684316,1.2774552491533624
0.08,1.25,1,0,0.9907706506691278,0.9937290033594625
0.08,1.25,1,6,0.9750588235294118,0.9751311886835501
0.08,1.25,1,12,0.983947119924457,0.9819675873088336
0.08,1.25,1,18,1.016030174446016,1.0155074116305587
0.08,1.25,1,24,1.0488758553274682,1.0487343269458245
0.08,1.25,1,30,0.9196556671449068,0.9172636930899006
0.08,1.25,1,36,0.9202483285577842,0.9185562239703841
0.08,1.25,1,42,0.95166015625,0.9502241094597782
0.08,1.25,1,48,0.9447646493756003,0.943760167325122
0.08,1.25,1,54,0.9792970630717381,0.9811276794035415
0.08,1.25,1,60,0.9547859547859547,0.9643771827706635
0.08,1.25,1,66,0.9369768586903003,0.9770718891807977
0.08,1.25,1,72,0.8976261127596439,0.9787081339712919
0.08,1.25,1,78,0.8618677042801557,0.996715157203191
0.08,1.25,1,84,0.819640252795333,1.0096561469618464
0.08,1.25,1,90,0.8094519859225742,1.0459742155193383
0.08,1.25,1,96,0.7828458106098165,1.038323353293413
0.08,1.25,1,102,0.7378640776699029,1.0004699248120301
0.08,1.25,1,108,0.7700145560407569,1.0493798268195647
0.08,1.25,1,114,0.7753517709849588,1.0626760563380282
0.08,1.25,1,120,0.8642557651991615,1.1767689576464622
0.08,1.25,1,126,0.836807320793086,1.1501723289020187
0.08,1.25,1,132,0.842937276899541,1.1513287401574803
0.08,1.25,1,138,0.8102334823646299,1.118440057775638
0.08,1.25,1,144,0.805787150564002,1.1081850533807829
0.08,1.25,1,150,0.8091641490433031,1.1112463485881208
0.08,1.5,0,0,1.0,1.0
0.08,1.5,0,6,0.9934487599438465,0.994546693933197
0.08,1.5,0,12,1.0226070226070225,1.017637502900905
0.08,1.5,0,18,1.0177487155534797,1.0158550396375992
0.08,1.5,0,24,1.017403574788335,1.017103762827822
0.08,1.5,0,30,1.0326704545454546,1.0322654462242562
0.08,1.5,0,36,1.022674687644609,1.017009847806625
0.08,1.5,0,42,1.0198287516899505,1.0198257080610023
0.08,1.5,0,48,1.0317460317460319,1.032898953215125
0.08,1.5,0,54,1.0710431654676258,1.0719878207916484
0.08,1.5,0,60,1.076056338028169,1.0911985444621333
0.08,1.5,0,66,1.0852927616413093,1.1243847874720359
0.08,1.5,0,72,1.041311180960934,1.130623777439687
0.08,1.5,0,78,1.0178571428571428,1.1731143289388373
0.08,1.5,0,84,0.9847122302158273,1.2075430564639198
0.08,1.5,0,90,0.998172681589767,1.2732493925336867
0.08,1.5,0,96,1.0153559795253606,1.345122775399865
0.08,1.5,0,102,1.1036738802214394,1.4926900584795322
0.08,1.5,0,108,1.1176176176176176,1.5250787496971165
0.08,1.5,0,114,1.1574642126789365,1.577947705969413
0.08,1.5,0,120,1.1280276816608996,1.5492215568862275
0.08,1.5,0,126,1.2109334708612687,1.662758792716388
0.08,1.5,0,132,1.2521963824289406,1.7111499126964331
0.08,1.5,0,138,1.2793667007150153,1.748017839444995
0.08,1.5,0,144,1.244856999498244,1.7108081791626095
0.08,1.5,0,150,1.2327672327672328,1.6956942428640542
0.08,1.5,1,0,1.0,1.0
0.08,1.5,1,6,1.0,1.0
0.08,1.5,1,12,1.0,1.0
0.08,1.5,1,18,1.0,1.0
0.08,1.5,1,24,0.9921798631476051,0.9914833215046132
0.08,1.5,1,30,0.9842180774748924,0.9815114397966258
0.08,1.5,1,36,0.9947468958930277,0.993521517815826
0.08,1.5,1,42,0.99462890625,0.9924510497758905
0.08,1.5,1,48,0.9668587896253602,0.9695561236346735
0.08,1.5,1,54,0.994703899855561,0.9955731593662628
0.08,1.5,1,60,0.9865319865319865,0.9981373690337602
0.08,1.5,1,66,1.0004923682914821,1.0406018629090041
0.08,1.5,1,72,0.9742828882294757,1.0677033492822967
0.08,1.5,1,78,0.9348249027237354,1.0856405443453778
0.08,1.5,1,84,0.9246475449684006,1.1441356570890249
0.08,1.5,1,90,0.9446958270487682,1.2254925808805643
0.08,1.5,1,96,0.946950917203768,1.2586826347305389
0.08,1.5,1,102,0.9514563106796117,1.2901785714285714
0.08,1.5,1,108,0.9378942261038331,1.2838754973086823
0.08,1.5,1,114,0.9417758369723436,1.2960093896713616
0.08,1.5,1,120,1.029350104821803,1.4138980471722038
0.08,1.5,1,126,1.0264361972547027,1.410635155096012
0.08,1.5,1,132,1.0652728199898012,1.454232283464567
0.08,1.5,1,138,1.069051167411823,1.4687048627828598
0.08,1.5,1,144,1.0794507111329084,1.4820877817319098
0.08,1.5,1,150,1.1304128902316213,1.5464946445959105
0.08,1.75,0,0,1.0078922934076138,1.009673790776153
0.08,1.75,0,6,1.0018717828731867,1.0049988638945695
0.08,1.75,0,12,0.974987974987975,0.9709909491761429
0.08,1.75,0,18,0.964035497431107,0.9657984144960362
0.08,1.75,0,24,0.9002822201317028,0.9017103762827822
0.08,1.75,0,30,0.9176136363636364,0.9176201372997712
0.08,1.75,0,36,0.895881536325775,0.8948075201432408
0.08,1.75,0,42,0.8900405588102749,0.8906318082788671
0.08,1.75,0,48,0.8963844797178131,0.8942533646656697
0.08,1.75,0,54,0.9096223021582733,0.9086559373640714
0.08,1.75,0,60,0.9727699530516432,0.9847623379576984
0.08,1.75,0,66,0.9898570769940065,1.0308724832214766
0.08,1.75,0,72,0.9663224068253256,1.0484677244077374
0.08,1.75,0,78,0.9339285714285714,1.0957423816727903
0.08,1.75,0,84,0.91681654676259,1.1456289513843472
0.08,1.75,0,90,0.9502055733211512,1.2133863485752154
0.08,1.75,0,96,0.9530013959981387,1.2597431854021175
0.08,1.75,0,102,1.0689481630598894,1.4403021442495128
0.08,1.75,0,108,1.0510510510510511,1.435667555124788
0.08,1.75,0,114,1.1037832310838447,1.51258016773557
0.08,1.75,0,120,1.068709836875927,1.4680239520958085
0.08,1.75,0,126,1.1284167096441464,1.5487652781242205
0.08,1.75,0,132,1.1503875968992248,1.5791968071838363
0.08,1.75,0,138,1.1496424923391215,1.5844895936570862
0.08,1.75,0,144,1.1133968891118917,1.5340798442064265
0.08,1.75,0,150,1.1303696303696305,1.5522496371552976
0.08,1.75,1,0,1.004614674665436,1.005599104143337
0.08,1.75,1,6,1.0301176470588236,1.029660050193931
0.08,1.75,1,12,1.0613786591123702,1.0593471810089021
0.08,1.75,1,18,1.0471475719000471,1.046522234891676
0.08,1.75,1,24,1.0591397849462365,1.0581973030518097
0.08,1.75,1,30,1.0578670492587279,1.0531546105847007
0.08,1.75,1,36,1.0090735434574976,1.010643220731143
0.08,1.75,1,42,1.02685546875,1.025713611700873
0.08,1.75,1,48,1.0398655139289146,1.0388101324657215
0.08,1.75,1,54,1.0760712566201251,1.07618825722274
0.08,1.75,1,60,1.0933140933140932,1.1045401629802096
0.08,1.75,1,66,1.0965041851304775,1.1442560305708145
0.08,1.75,1,72,1.1048466864490603,1.2023923444976077
0.08,1.75,1,78,1.043774319066148,1.209526044110746
0.08,1.75,1,84,1.0330578512396693,1.2960433349034386
0.08,1.75,1,90,1.0658622423328306,1.4098759425930432
0.08,1.75,1,96,1.0823004462072385,1.4476646706586827
0.08,1.75,1,102,1.104368932038835,1.4976503759398496
0.08,1.75,1,108,1.1363415817564289,1.547156564474608
0.08,1.75,1,114,1.1673944687045124,1.6023474178403756
0.08,1.75,1,120,1.2573375262054507,1.7301547045396906
0.08,1.75,1,126,1.2399593289273005,1.6989167897587396
0.08,1.75,1,132,1.2758796532381438,1.7455708661417322
0.08,1.75,1,138,1.2617983109786388,1.7342320654790564
0.08,1.75,1,144,1.2089259440902402,1.6569395017793593
0.08,1.75,1,150,1.2693856998992952,1.7461051606621227
0.08,2.0,0,0,0.9986072423398329,1.001124859392576
0.08,2.0,0,6,0.9990641085634067,1.001136105430584
0.08,2.0,0,12,1.0317460317460319,1.0285449060106753
0.08,2.0,0,18,0.9925268566090611,0.9961494903737259
0.08,2.0,0,24,1.0079962370649107,1.0077537058152795
0.08,2.0,0,30,1.025094696969697,1.0242562929061785
0.08,2.0,0,36,0.9523368810735771,0.9518800358102059
0.08,2.0,0,42,0.9378098242451555,0.9342047930283225
0.08,2.0,0,48,0.9259259259259259,0.9262977996154668
0.08,2.0,0,54,0.9703237410071942,0.9739016963897347
0.08,2.0,0,60,1.0140845070422535,1.0252444848760518
0.08,2.0,0,66,1.0437989857076995,1.0879194630872484
0.08,2.0,0,72,1.0031432420296362,1.105629211041078
0.08,2.0,0,78,0.9683035714285714,1.1396153014912471
0.08,2.0,0,84,0.9073741007194245,1.198168737737083
0.08,2.0,0,90,0.9556875285518501,1.2816434724983432
0.08,2.0,0,96,1.0465332712889717,1.38860103626943
0.08,2.0,0,102,1.1847005535983894,1.594785575048733
0.08,2.0,0,108,1.1336336336336337,1.54543251756724
0.08,2.0,0,114,1.1717791411042944,1.6043413912185496
0.08,2.0,0,120,1.166584280771132,1.6047904191616766
0.08,2.0,0,126,1.2398143372872614,1.7001746071339485
0.08,2.0,0,132,1.261498708010336,1.7306061361935645
0.08,2.0,0,138,1.2885597548518897,1.7628840436075321
0.08,2.0,0,144,1.2844957350727546,1.7677702044790653
0.08,2.0,0,150,1.2642357642357642,1.7375423318819545
0.08,2.0,1,0,0.9963082602676512,1.0
0.08,2.0,1,6,0.9915294117647059,0.9924709103353867
0.08,2.0,1,12,0.9881964117091596,0.9867610134672449
0.08,2.0,1,18,0.9952852428099953,0.9940706955530216
0.08,2.0,1,24,1.0332355816226784,1.0326472675656495
0.08,2.0,1,30,1.0153036824485893,1.0087820660966027
0.08,2.0,1,36,1.0009551098376313,1.0
0.08,2.0,1,42,1.01806640625,1.0115593300306676
0.08,2.0,1,48,1.0235350624399615,1.0230072042760865
0.08,2.0,1,54,1.0698122291766972,1.0745573159366262
0.08,2.0,1,60,1.0731120731120731,1.0870779976717113
0.08,2.0,1,66,1.1324470704086658,1.1788870312873179
0.08,2.0,1,72,1.1300692383778437,1.2488038277511961
0.08,2.0,1,78,1.063715953307393,1.2817925856405443
0.08,2.0,1,84,1.0680602819640252,1.3478568064060292
0.08,2.0,1,90,1.1422825540472599,1.4886888834833374
0.08,2.0,1,96,1.1408031730292514,1.5166467065868263
0.08,2.0,1,102,1.1466019417475728,1.5620300751879699
0.08,2.0,1,108,1.1994177583697234,1.6234495670489117
0.08,2.0,1,114,1.1960213488597768,1.6305164319248826
0.08,2.0,1,120,1.2893081761006289,1.7714937864570124
0.08,2.0,1,126,1.2780884595831215,1.758493353028065
0.08,2.0,1,132,1.304946455889852,1.7851870078740157
0.08,2.0,1,138,1.290114257327372,1.7710640346653828
0.08,2.0,1,144,1.2957332025502697,1.775326215895611
0.08,2.0,1,150,1.3695871097683787,1.8802336903602725
0.08,2.25,0,0,0.9948932219127206,0.997525309336333
0.08,2.25,0,6,0.984089845577913,0.9875028402635765
0.08,2.25,0,12,1.011063011063011,1.0067300997911348
0.08,2.25,0,18,0.962634283045306,0.9642129105322763
0.08,2.25,0,24,0.9741298212605832,0.9744583808437857
0.08,2.25,0,30,1.0014204545454546,0.9997711670480549
0.08,2.25,0,36,0.9204072188801481,0.916965085049239
0.08,2.25,0,42,0.9373591707976566,0.9357298474945533
0.08,2.25,0,48,0.951058201058201,0.9487289040803247
0.08,2.25,0,54,0.9802158273381295,0.982166159199652
0.08,2.25,0,60,1.0568075117370892,1.0741414600864225
0.08,2.25,0,66,1.0640848317196865,1.1149888143176734
0.08,2.25,0,72,0.9842837898518186,1.1241034557704848
0.08,2.25,0,78,0.959375,1.1653339096606872
0.08,2.25,0,84,0.8678057553956835,1.2326139088729018
0.08,2.25,0,90,0.9333028780264961,1.3236138723216258
0.08,2.25,0,96,1.0232666356444857,1.4311781932867762
0.08,2.25,0,102,1.1540010065425264,1.5665204678362572
0.08,2.25,0,108,1.2012012012012012,1.6406590743881755
0.08,2.25,0,114,1.2551124744376279,1.7168228909718797
0.08,2.25,0,120,1.2441917943648046,1.7020359281437125
0.08,2.25,0,126,1.3476018566271273,1.8416063856323273
0.08,2.25,0,132,1.3886304909560723,1.892242454477426
0.08,2.25,0,138,1.4254341164453523,1.945986124876115
0.08,2.25,0,144,1.415454089312594,1.9352482960077897
0.08,2.25,0,150,1.4090909090909092,1.930817610062893
0.08,2.25,1,0,1.0009229349330873,1.0029115341545354
0.08,2.25,1,6,1.0075294117647058,1.0093543235227014
0.08,2.25,1,12,0.9886685552407932,0.9872175302442365
0.08,2.25,1,18,0.9698255539839699,0.9685290763968073
0.08,2.25,1,24,0.9858260019550342,0.9865152590489709
0.08,2.25,1,30,0.967479674796748,0.9676450196440952
0.08,2.25,1,36,0.9742120343839542,0.9780194354465526
0.08,2.25,1,42,1.001953125,1.0018872375560273
0.08,2.25,1,48,1.0240153698366954,1.0246339762956078
0.08,2.25,1,54,1.0741454020221473,1.0773532152842498
0.08,2.25,1,60,1.1202501202501203,1.1338766006984866
0.08,2.25,1,66,1.0802560315115706,1.1191784093623118
0.08,2.25,1,72,1.1186943620178043,1.2430622009569379
0.08,2.25,1,78,1.0053501945525292,1.2763960581886438
0.08,2.25,1,84,0.9538162372386971,1.3570419218087613
0.08,2.25,1,90,1.0889894419306183,1.4959863780102165
0.08,2.25,1,96,1.1467526028755577,1.5647904191616766
0.08,2.25,1,102,1.1844660194174756,1.6231203007518797
0.08,2.25,1,108,1.2392042697719554,1.681956470863562
0.08,2.25,1,114,1.245511887433285,1.6988262910798122
0.08,2.25,1,120,1.380503144654088,1.894242962211514
0.08,2.25,1,126,1.376715810879512,1.8874938453963566
0.08,2.25,1,132,1.3977562468128506,1.907726377952756
0.08,2.25,1,138,1.3954297069051167,1.91478093403948
0.08,2.25,1,144,1.3845022069641981,1.899644128113879
0.08,2.25,1,150,1.487915407854985,2.0296981499513147
0.08,2.5,0,0,0.9944289693593314,0.9961754780652419
0.08,2.5,0,6,0.9990641085634067,0.9997727789138832
0.08,2.5,0,12,1.050986050986051,1.0494314226038524
0.08,2.5,0,18,0.9934609995329285,0.9950169875424688
0.08,2.5,0,24,1.0028222013170274,1.0066134549600911
0.08,2.5,0,30,1.0241477272727273,1.0203661327231122
0.08,2.5,0,36,1.02313743637205,1.0226051924798567
0.08,2.5,0,42,1.010815682739973,1.0089324618736384
0.08,2.5,0,48,0.9982363315696648,0.9989318521683401
0.08,2.5,0,54,1.027428057553957,1.0304480208786428
0.08,2.5,0,60,1.1464788732394366,1.1617011598817375
0.08,2.5,0,66,1.1083448593822038,1.1879194630872483
0.08,2.5,0,72,0.9896722047597665,1.2040860682460335
0.08,2.5,0,78,0.9232142857142858,1.2444348389885456
0.08,2.5,0,84,0.8799460431654677,1.313930673642904
0.08,2.5,0,90,0.9337597076290544,1.4106472277446434
0.08,2.5,0,96,1.0446719404374127,1.5149808515431404
0.08,2.5,0,102,1.175138399597383,1.7039473684210527
0.08,2.5,0,108,1.2427427427427427,1.7574509328810273
0.08,2.5,0,114,1.3507157464212678,1.8554514060187468
0.08,2.5,0,120,1.3534354918437963,1.8603592814371257
0.08,2.5,0,126,1.4172253739040743,1.95061112496882
0.08,2.5,0,132,1.4439276485788113,1.9835370416562734
0.08,2.5,0,138,1.4167517875383044,1.9487115956392467
0.08,2.5,0,144,1.4295032614149523,1.9793086660175268
0.08,2.5,0,150,1.349150849150849,1.851717464925012
0.08,2.5,1,0,1.0,1.002239641657335
0.08,2.5,1,6,1.0211764705882354,1.0187086470454028
0.08,2.5,1,12,1.0108593012275733,1.007304268431865
0.08,2.5,1,18,0.9882131070249882,0.9858608893956671
0.08,2.5,1,24,0.9990224828934506,0.9981074047788029
0.08,2.5,1,30,0.9885222381635581,0.9859024728449272
0.08,2.5,1,36,1.0143266475644699,1.0104118463674225
0.08,2.5,1,42,1.0654296875,1.062278839348903
0.08,2.5,1,48,1.0787704130643612,1.0778526609342318
0.08,2.5,1,54,1.1126624939817045,1.1162628145386766
0.08,2.5,1,60,1.0615680615680616,1.0738067520372525
0.08,2.5,1,66,1.1693746922698178,1.2221160735610221
0.08,2.5,1,72,1.1379821958456973,1.2923444976076555
0.08,2.5,1,78,1.0058365758754864,1.339277334584702
0.08,2.5,1,84,0.9528439474963539,1.4128591615638249
0.08,2.5,1,90,1.025138260432378,1.5397713451714912
0.08,2.5,1,96,1.1313832424392662,1.607425149700599
0.08,2.5,1,102,1.2024271844660195,1.648966165413534
0.08,2.5,1,108,1.2484230955846676,1.6955300725485607
0.08,2.5,1,114,1.2838427947598254,1.7619718309859156
0.08,2.5,1,120,1.4156184486373165,1.944458534111083
0.08,2.5,1,126,1.3960345704117947,1.914081733136386
0.08,2.5,1,132,1.4089750127485976,1.9328248031496063
0.08,2.5,1,138,1.3815201192250373,1.902262879152624
0.08,2.5,1,144,1.3889161353604709,1.9036773428232503
0.08,2.5,1,150,1.4566968781470293,1.9931840311587148
0.15,0.5,0,0,1.011142061281337,1.0119235095613048
0.15,0.5,0,6,0.99859616284511,1.0015905476028175
0.15,0.5,0,12,1.0134680134680134,1.012996054769088
0.15,0.5,0,18,0.9864549276039234,0.9877689694224235
0.15,0.5,0,24,0.9849482596425212,0.9851767388825542
0.15,0.5,0,30,0.993844696969697,0.9906178489702517
0.15,0.5,0,36,0.966682091624248,0.9639659803043867
0.15,0.5,0,42,0.9260928346101848,0.9270152505446623
0.15,0.5,0,48,0.9074074074074074,0.9070711386455885
0.15,0.5,0,54,0.8808453237410072,0.8832100913440626
0.15,0.5,0,60,0.8788732394366198,0.9003866272458494
0.15,0.5,0,66,0.7952973720608575,0.8431767337807606
0.15,0.5,0,72,0.6852267624607095,0.7598348185177135
0.15,0.5,0,78,0.5857142857142857,0.6855413875081046
0.15,0.5,0,84,0.5233812949640287,0.6483540440374973
0.15,0.5,0,90,0.4632252169940612,0.5902363596200574
0.15,0.5,0,96,0.4313634248487669,0.5656679432304573
0.15,0.5,0,102,0.4544539506794162,0.6059941520467836
0.15,0.5,0,108,0.4394394394394394,0.5936515628786043
0.15,0.5,0,114,0.4493865030674847,0.608781450419339
0.15,0.5,0,120,0.40434997528423133,0.5525748502994012
0.15,0.5,0,126,0.4161939143888602,0.5644799201795959
0.15,0.5,0,132,0.4377260981912145,0.5954103267647792
0.15,0.5,0,138,0.4177732379979571,0.5691278493557979
0.15,0.5,0,144,0.4340190667335675,0.5905550146056475
0.15,0.5,0,150,0.42357642357642356,0.5856313497822931
0.15,0.5,1,0,1.0050761421319796,1.0094064949608064
0.15,0.5,1,6,0.9943529411764706,0.9938398357289527
0.15,0.5,1,12,1.0056657223796035,1.004108650992924
0.15,0.5,1,18,1.0023573785950024,0.9979475484606614
0.15,0.5,1,24,1.001466275659824,1.001892595221197
0.15,0.5,1,30,0.9340028694404591,0.9302056852322625
0.15,0.5,1,36,0.9364851957975168,0.93521517815826
0.15,0.5,1,42,0.92236328125,0.9205001179523472
0.15,0.5,1,48,0.8972142170989433,0.8961189867534278
0.15,0.5,1,54,0.8873375060182956,0.8951537744641193
0.15,0.5,1,60,0.8157768157768158,0.8349243306169966
0.15,0.5,1,66,0.7380600689315608,0.7888703128731789
0.15,0.5,1,72,0.6186943620178041,0.7002392344497608
0.15,0.5,1,78,0.5296692607003891,0.6356170811825435
0.15,0.5,1,84,0.478852698104035,0.6038624587847385
0.15,0.5,1,90,0.4454499748617396,0.5811238141571394
0.15,0.5,1,96,0.4209221616261775,0.5564071856287425
0.15,0.5,1,102,0.3990291262135922,0.5354793233082706
0.15,0.5,1,108,0.39689471130519166,0.5361572665574538
0.15,0.5,1,114,0.3760310528869481,0.5119718309859155
0.15,0.5,1,120,0.40670859538784065,0.56175500887649
0.15,0.5,1,126,0.38739196746314186,0.533481043820778
0.15,0.5,1,132,0.4140744518103009,0.562253937007874
0.15,0.5,1,138,0.4083457526080477,0.55825710158883
0.15,0.5,1,144,0.41000490436488474,0.5601423487544483
0.15,0.5,1,150,0.4335347432024169,0.5939629990262901
0.15,0.75,0,0,1.001392757660167,1.0020247469066366
0.15,0.75,0,6,0.9489939167056621,0.9525107930015906
0.15,0.75,0,12,0.9995189995189995,0.998375493153864
0.15,0.75,0,18,0.9687062120504437,0.9723669309173273
0.15,0.75,0,24,0.9379115710253998,0.9416191562143672
0.15,0.75,0,30,0.9214015151515151,0.9180778032036613
0.15,0.75,0,36,0.8986580286904211,0.9010743061772605
0.15,0.75,0,42,0.896800360522758,0.8938997821350763
0.15,0.75,0,48,0.8950617283950617,0.8974578081606495
0.15,0.75,0,54,0.9001798561151079,0.9032187907785993
0.15,0.75,0,60,0.887793427230047,0.9106208778712759
0.15,0.75,0,66,0.8331028123559244,0.8847874720357942
0.15,0.75,0,72,0.7260889088459811,0.8154748967615736
0.15,0.75,0,78,0.6571428571428571,0.7817160146963475
0.15,0.75,0,84,0.5759892086330936,0.7213865271419229
0.15,0.75,0,90,0.5372316126084971,0.6964877402253148
0.15,0.75,0,96,0.5309446254071661,0.7087181797702186
0.15,0.75,0,102,0.5646703573225968,0.7641325536062378
0.15,0.75,0,108,0.5555555555555556,0.7494548097891931
0.15,0.75,0,114,0.5495910020449898,0.7454366058214109
0.15,0.75,0,120,0.5526445872466633,0.751377245508982
0.15,0.75,0,126,0.5771015987622485,0.786979296582689
0.15,0.75,0,132,0.572609819121447,0.7794961336991768
0.15,0.75,0,138,0.5786516853932584,0.7921209117938554
0.15,0.75,0,144,0.5840441545408931,0.7994157740993184
0.15,0.75,0,150,0.5789210789210789,0.7951136913401065
0.15,0.75,1,0,0.9949238578680203,0.9975363941769317
0.15,0.75,1,6,1.0230588235294118,1.0266940451745379
0.15,0.75,1,12,1.040604343720491,1.0383474092672906
0.15,0.75,1,18,1.0075436115040075,1.0052451539338654
0.15,0.75,1,24,1.0664711632453567,1.0624556422995033
0.15,0.75,1,30,1.0267814442850312,1.0212618442338803
0.15,0.75,1,36,1.0324737344794652,1.03239241092087
0.15,0.75,1,42,1.05322265625,1.0493040811512149
0.15,0.75,1,48,0.9985590778097982,1.0006971880083662
0.15,0.75,1,54,0.9792970630717381,0.9848555452003728
0.15,0.75,1,60,0.9196729196729196,0.9448195576251455
0.15,0.75,1,66,0.8877400295420975,0.9453069023166946
0.15,0.75,1,72,0.8194856577645895,0.9188995215311004
0.15,0.75,1,78,0.7276264591439688,0.8615673392773345
0.15,0.75,1,84,0.6490034030140982,0.8158266603862458
0.15,0.75,1,90,0.6485671191553545,0.8433471174896618
0.15,0.75,1,96,0.616757560733763,0.8210778443113772
0.15,0.75,1,102,0.5815533980582525,0.7859492481203008
0.15,0.75,1,108,0.5836972343522562,0.7919494500351042
0.15,0.75,1,114,0.5870936438622029,0.8023474178403756
0.15,0.75,1,120,0.6305031446540881,0.8658381942683236
0.15,0.75,1,126,0.6171835282155567,0.8476120137863121
0.15,0.75,1,132,0.6369199388067313,0.8688484251968503
0.15,0.75,1,138,0.6378539493293591,0.8724121328839672
0.15,0.75,1,144,0.6395291809710643,0.8725978647686833
0.15,0.75,1,150,0.6414904330312186,0.8780428432327166
0.15,1.0,0,0,1.0018570102135562,1.0022497187851518
0.15,1.0,0,6,1.0023397285914835,1.0059077482390366
0.15,1.0,0,12,1.0283790283790284,1.0252958923184032
0.15,1.0,0,18,0.9911256422232602,0.9941109852774632
0.15,1.0,0,24,1.0004703668861712,1.0029646522234892
0.15,1.0,0,30,1.0321969696969697,1.0274599542334095
0.15,1.0,0,36,1.000925497454882,0.9988809310653536
0.15,1.0,0,42,0.9621451104100947,0.9603485838779956
0.15,1.0,0,48,0.9695767195767195,0.9703054902798547
0.15,1.0,0,54,0.9635791366906474,0.9699869508481949
0.15,1.0,0,60,0.9469483568075118,0.9738458039572436
0.15,1.0,0,66,0.888427846934071,0.9472035794183445
0.15,1.0,0,72,0.8082622361921868,0.9095848728537275
0.15,1.0,0,78,0.746875,0.8863194294359196
0.15,1.0,0,84,0.700089928057554,0.8731196860693263
0.15,1.0,0,90,0.6496116948378254,0.8369781312127237
0.15,1.0,0,96,0.6384364820846905,0.844559585492228
0.15,1.0,0,102,0.6904881731253145,0.9359161793372319
0.15,1.0,0,108,0.6916916916916916,0.9469348194814635
0.15,1.0,0,114,0.7167689161554193,0.9810064134188455
0.15,1.0,0,120,0.6950074147305981,0.9554491017964072
0.15,1.0,0,126,0.7271789582258896,1.0027438263906212
0.15,1.0,0,132,0.7436692506459949,1.0217011723621852
0.15,1.0,0,138,0.7323799795709908,1.0081764122893955
0.15,1.0,0,144,0.7295534370296036,0.997809152872444
0.15,1.0,0,150,0.7302697302697303,1.0029027576197387
0.15,1.0,1,0,0.9949238578680203,0.9957446808510638
0.15,1.0,1,6,0.976,0.9783253479352042
0.15,1.0,1,12,0.9924457034938622,0.9920109564026478
0.15,1.0,1,18,0.9721829325789721,0.9689851767388825
0.15,1.0,1,24,0.9926686217008798,0.9912467471019636
0.15,1.0,1,30,0.9244380679100909,0.9207302981280333
0.15,1.0,1,36,0.9398280802292264,0.9375289217954651
0.15,1.0,1,42,0.955078125,0.9537626798773295
0.15,1.0,1,48,0.957252641690682,0.9577039274924471
0.15,1.0,1,54,0.9359653346172364,0.9431500465983225
0.15,1.0,1,60,0.9167869167869168,0.9408614668218859
0.15,1.0,1,66,0.8985721319547021,0.960592309529496
0.15,1.0,1,72,0.8550939663699307,0.9614832535885167
0.15,1.0,1,78,0.7859922178988327,0.9378226184889723
0.15,1.0,1,84,0.7049100631988332,0.8914272256241168
0.15,1.0,1,90,0.6993464052287581,0.9126733154950134
0.15,1.0,1,96,0.6936043629152207,0.921437125748503
0.15,1.0,1,102,0.6548543689320389,0.8902725563909775
0.15,1.0,1,108,0.6768558951965066,0.9155160308916452
0.15,1.0,1,114,0.683163512857836,0.9312206572769953
0.15,1.0,1,120,0.750524109014675,1.0235861019528278
0.15,1.0,1,126,0.7366548042704626,1.0078778926637124
0.15,1.0,1,132,0.7465578786333503,1.0211614173228347
0.15,1.0,1,138,0.7287630402384501,1.0
0.15,1.0,1,144,0.7229033840117705,0.9902728351126928
0.15,1.0,1,150,0.7593152064451159,1.0360272638753651
0.15,1.25,0,0,1.0,1.0017997750281216
0.15,1.25,0,6,0.9943846513804399,0.9993183367416496
0.15,1.25,0,12,1.0360750360750361,1.0334184265490833
0.15,1.25,0,18,0.9934609995329285,0.9961494903737259
0.15,1.25,0,24,1.0014111006585136,1.0020524515393388
0.15,1.25,0,30,0.9900568181818182,0.9890160183066361
0.15,1.25,0,36,0.9865802869042111,0.982094897045658
0.15,1.25,0,42,0.9490761604326273,0.9459694989106754
0.15,1.25,0,48,0.9016754850088183,0.902584917752617
0.15,1.25,0,54,0.9339028776978417,0.939321444106133
0.15,1.25,0,60,0.9910798122065728,1.0136456675005685
0.15,1.25,0,66,0.950207468879668,1.00917225950783
0.15,1.25,0,72,0.8756174225415357,0.9821777874375136
0.15,1.25,0,78,0.8209821428571429,0.9764426194078236
0.15,1.25,0,84,0.8098021582733813,1.013298452147373
0.15,1.25,0,90,0.7971676564641389,1.0284956925115971
0.15,1.25,0,96,0.8022335970218707,1.0671322369903131
0.15,1.25,0,102,0.8711625566180171,1.1734892787524367
0.15,1.25,0,108,0.8743743743743744,1.1875454325175672
0.15,1.25,0,114,0.906441717791411,1.2368031573754317
0.15,1.25,0,120,0.8764211566979733,1.2004790419161677
0.15,1.25,0,126,0.9164517792676637,1.2544275380394114
0.15,1.25,0,132,0.8852713178294573,1.2105263157894737
0.15,1.25,0,138,0.8855975485188968,1.2148166501486621
0.15,1.25,0,144,0.8931259407927747,1.231012658227848
0.15,1.25,0,150,0.8596403596403597,1.1765844218674408
0.15,1.25,1,0,0.9912321181356715,0.993952967525196
0.15,1.25,1,6,0.9844705882352941,0.9849418206707734
0.15,1.25,1,12,0.9759206798866855,0.9728372517690025
0.15,1.25,1,18,1.0061291843470062,1.0059293044469784
0.15,1.25,1,24,1.0381231671554252,1.0387982020345399
0.15,1.25,1,30,1.0143472022955524,1.0124797781372776
0.15,1.25,1,36,0.9608404966571156,0.960666358167515
0.15,1.25,1,42,0.9921875,0.9915074309978769
0.15,1.25,1,48,0.9870317002881844,0.9865210318382523
0.15,1.25,1,54,1.0158883004333172,1.021901211556384
0.15,1.25,1,60,1.0134680134680134,1.0367869615832364
0.15,1.25,1,66,0.9798129000492368,1.0458562216384046
0.15,1.25,1,72,0.9060336300692384,1.0315789473684212
0.15,1.25,1,78,0.8433852140077821,1.0204129516658846
0.15,1.25,1,84,0.7992221682061255,1.0242581252943948
0.15,1.25,1,90,0.8179989944695827,1.0807589394307955
0.15,1.25,1,96,0.8016856717897868,1.0752095808383233
0.15,1.25,1,102,0.8038834951456311,1.0888157894736843
0.15,1.25,1,108,0.7981562348374576,1.0847179967236134
0.15,1.25,1,114,0.7976710334788938,1.089906103286385
0.15,1.25,1,120,0.860062893081761,1.1772761856454477
0.15,1.25,1,126,0.8546009150991357,1.1686361398325948
0.15,1.25,1,132,0.8633350331463538,1.187253937007874
0.15,1.25,1,138,0.8002980625931445,1.0979778526721233
0.15,1.25,1,144,0.8273663560568907,1.1333333333333333
0.15,1.25,1,150,0.8645518630412891,1.1842745861733204
0.15,1.5,0,0,1.0,1.0
0.15,1.5,0,6,0.9934487599438465,0.994546693933197
0.15,1.5,0,12,1.0226070226070225,1.017637502900905
0.15,1.5,0,18,1.0177487155534797,1.0158550396375992
0.15,1.5,0,24,1.017403574788335,1.017103762827822
0.15,1.5,0,30,1.037405303030303,1.0370709382151029
0.15,1.5,0,36,1.03701989819528,1.0322291853178156
0.15,1.5,0,42,1.0189274447949528,1.018082788671024
0.15,1.5,0,48,1.0101410934744268,1.011963255714591
0.15,1.5,0,54,1.0476618705035972,1.053284036537625
0.15,1.5,0,60,1.0629107981220658,1.0882419831703434
0.15,1.5,0,66,1.033656062701706,1.0973154362416107
0.15,1.5,0,72,0.9829366861248316,1.1006302977613562
0.15,1.5,0,78,0.9258928571428572,1.1037389237086666
0.15,1.5,0,84,0.9123201438848921,1.1410507957270548
0.15,1.5,0,90,0.9232526267702147,1.1926220455047494
0.15,1.5,0,96,0.9641693811074918,1.2730344672223475
0.15,1.5,0,102,1.042274786109713,1.4042397660818713
0.15,1.5,0,108,1.0560560560560561,1.4359098618851467
0.15,1.5,0,114,1.0751533742331287,1.4632461766156881
0.15,1.5,0,120,1.0153237765694514,1.3949700598802395
0.15,1.5,0,126,1.0469314079422383,1.4340234472437017
0.15,1.5,0,132,1.0806201550387597,1.4746819655774508
0.15,1.5,0,138,1.0689479060265576,1.472001982160555
0.15,1.5,0,144,1.0361264425489212,1.429649464459591
0.15,1.5,0,150,1.032967032967033,1.4187227866473149
0.15,1.5,1,0,1.0,1.0
0.15,1.5,1,6,1.0,1.0
0.15,1.5,1,12,1.0,1.0
0.15,1.5,1,18,1.0,1.0
0.15,1.5,1,24,0.9912023460410557,0.9919564703099125
0.15,1.5,1,30,0.9789574366331899,0.9755026577305292
0.15,1.5,1,36,0.9670487106017192,0.966682091624248
0.15,1.5,1,42,0.98779296875,0.9882047652748289
0.15,1.5,1,48,0.973583093179635,0.9739716476876598
0.15,1.5,1,54,0.9966297544535387,1.0009319664492078
0.15,1.5,1,60,1.0062530062530062,1.030267753201397
0.15,1.5,1,66,1.0329886755292959,1.1012658227848102
0.15,1.5,1,72,0.9718100890207715,1.1050239234449761
0.15,1.5,1,78,0.9503891050583657,1.1454716095729705
0.15,1.5,1,84,0.9202722411278561,1.1693358455016487
0.15,1.5,1,90,0.9316239316239316,1.2274385794210654
0.15,1.5,1,96,0.9003470500743679,1.2093413173652694
0.15,1.5,1,102,0.9150485436893204,1.2403665413533835
0.15,1.5,1,108,0.9359534206695779,1.2752164755441142
0.15,1.5,1,114,0.950509461426492,1.2964788732394366
0.15,1.5,1,120,1.0157232704402517,1.398173979203652
0.15,1.5,1,126,0.9867819013726487,1.3567208271787297
0.15,1.5,1,132,0.9933707292197859,1.3626968503937007
0.15,1.5,1,138,0.9801291604570294,1.3415984593163217
0.15,1.5,1,144,0.9818538499264345,1.3489916963226571
0.15,1.5,1,150,1.0171198388721048,1.3953261927945473
0.15,1.75,0,0,1.0078922934076138,1.009673790776153
0.15,1.75,0,6,1.0018717828731867,1.0049988638945695
0.15,1.75,0,12,0.974987974987975,0.9709909491761429
0.15,1.75,0,18,0.9654367118169079,0.9676104190260476
0.15,1.75,0,24,0.9863593603010348,0.9863169897377423
0.15,1.75,0,30,0.9720643939393939,0.9679633867276888
0.15,1.75,0,36,0.9426191577973161,0.9393464637421666
0.15,1.75,0,42,0.9305993690851735,0.9265795206971678
0.15,1.75,0,48,0.9312169312169312,0.9301431318094424
0.15,1.75,0,54,0.9437949640287769,0.9512831665941713
0.15,1.75,0,60,1.0220657276995304,1.0438935637934956
0.15,1.75,0,66,0.9926233287229138,1.0516778523489934
0.15,1.75,0,72,0.9622810956443646,1.0819387089763095
0.15,1.75,0,78,0.9419642857142857,1.120164253295872
0.15,1.75,0,84,0.9177158273381295,1.1558752997601918
0.15,1.75,0,90,0.9607126541799909,1.2449745968632648
0.15,1.75,0,96,0.9911586784550954,1.3156116242396936
0.15,1.75,0,102,1.0724710619023654,1.4498050682261208
0.15,1.75,0,108,1.062062062062062,1.4533559486309668
0.15,1.75,0,114,1.1134969325153374,1.5217069560927479
0.15,1.75,0,120,1.1082550667325755,1.5204790419161676
0.15,1.75,0,126,1.1722537390407426,1.6123721626340732
0.15,1.75,0,132,1.186046511627907,1.6208530805687205
0.15,1.75,0,138,1.1664964249233911,1.6045589692765114
0.15,1.75,0,144,1.1776216758655293,1.61952288218111
0.15,1.75,0,150,1.135864135864136,1.5643444605708756
0.15,1.75,1,0,1.004614674665436,1.005599104143337
0.15,1.75,1,6,1.019764705882353,1.0196212639744466
0.15,1.75,1,12,1.0212464589235128,1.0200867381876284
0.15,1.75,1,18,1.0094295143800094,1.0091220068415052
0.15,1.75,1,24,1.063049853372434,1.0634019399101018
0.15,1.75,1,30,1.0406504065040652,1.0362837993991219
0.15,1.75,1,36,1.033906399235912,1.033317908375752
0.15,1.75,1,42,1.0732421875,1.069591884878509
0.15,1.75,1,48,1.079731027857829,1.0794794329537531
0.15,1.75,1,54,1.1324025036109773,1.1381640260950605
0.15,1.75,1,60,1.147186147186147,1.1764842840512224
0.15,1.75,1,66,1.1777449532250124,1.2584189156914258
0.15,1.75,1,72,1.1636993076162216,1.3241626794258374
0.15,1.75,1,78,1.1327821011673151,1.3606288127639605
0.15,1.75,1,84,1.115702479338843,1.4194536033914271
0.15,1.75,1,90,1.1875314228255405,1.5616638287521285
0.15,1.75,1,96,1.19533961328706,1.6035928143712574
0.15,1.75,1,102,1.2106796116504854,1.6393327067669172
0.15,1.75,1,108,1.173216885007278,1.6005148607535689
0.15,1.75,1,114,1.1984473556525959,1.6427230046948358
0.15,1.75,1,120,1.3259958071278826,1.8267816383464368
0.15,1.75,1,126,1.3167259786476868,1.8074839980305268
0.15,1.75,1,132,1.3472718001019888,1.843503937007874
0.15,1.75,1,138,1.2334823646299056,1.6947520462205103
0.15,1.75,1,144,1.2638548307994115,1.7383155397390273
0.15,1.75,1,150,1.312185297079557,1.7986854917234665
0.15,2.0,0,0,0.9986072423398329,1.001124859392576
0.15,2.0,0,6,0.9990641085634067,1.001136105430584
0.15,2.0,0,12,1.0187590187590188,1.016012996054769
0.15,2.0,0,18,1.004203643157403,1.0045300113250284
0.15,2.0,0,24,1.0183443085606774,1.0191562143671609
0.15,2.0,0,30,0.9910037878787878,0.9881006864988559
0.15,2.0,0,36,0.993984266543267,0.9926141450313339
0.15,2.0,0,42,0.9621451104100947,0.9603485838779956
0.15,2.0,0,48,0.9400352733686067,0.9431745353556932
0.15,2.0,0,54,0.9856115107913669,0.9895606785558939
0.15,2.0,0,60,1.0769953051643193,1.1021150784625882
0.15,2.0,0,66,1.046104195481789,1.134675615212528
0.15,2.0,0,72,0.9748540637629097,1.1399695718322105
0.15,2.0,0,78,0.9053571428571429,1.1772206613356386
0.15,2.0,0,84,0.9392985611510791,1.247874427730543
0.15,2.0,0,90,1.020100502512563,1.336867682792136
0.15,2.0,0,96,1.0898092135877153,1.4482991664789366
0.15,2.0,0,102,1.175138399597383,1.5935672514619883
0.15,2.0,0,108,1.2077077077077076,1.645262902834989
0.15,2.0,0,114,1.2765848670756645,1.7402565367538234
0.15,2.0,0,120,1.2338111715274345,1.6960479041916168
0.15,2.0,0,126,1.3249097472924187,1.8109254178099277
0.15,2.0,0,132,1.317312661498708,1.8036916936891993
0.15,2.0,0,138,1.3237997957099081,1.8238354806739345
0.15,2.0,0,144,1.2022077270446563,1.6606621226874392
0.15,2.0,0,150,1.2152847152847153,1.6695694242864054
0.15,2.0,1,0,0.9963082602676512,1.0
0.15,2.0,1,6,1.024,1.0234998859228839
0.15,2.0,1,12,1.0113314447592068,1.0089020771513353
0.15,2.0,1,18,0.9575671852899575,0.9568985176738882
0.15,2.0,1,24,1.0009775171065494,1.0014194464158979
0.15,2.0,1,30,1.0019129603060737,1.0
0.15,2.0,1,36,0.9837631327602674,0.984729291994447
0.15,2.0,1,42,1.03173828125,1.0290162774239207
0.15,2.0,1,48,1.0523535062439962,1.052521496630258
0.15,2.0,1,54,1.092441020702937,1.09762348555452
0.15,2.0,1,60,1.1226551226551227,1.1648428405122235
0.15,2.0,1,66,1.1329394387001477,1.241700501552424
0.15,2.0,1,72,1.0692383778437191,1.2985645933014354
0.15,2.0,1,78,1.002431906614786,1.3352885969028625
0.15,2.0,1,84,1.0228488089450656,1.4199246349505417
0.15,2.0,1,90,1.1367521367521367,1.5589880807589394
0.15,2.0,1,96,1.19533961328706,1.6191616766467065
0.15,2.0,1,102,1.1975728155339807,1.6228853383458646
0.15,2.0,1,108,1.2314410480349345,1.6812543880177861
0.15,2.0,1,114,1.1717612809315867,1.60962441314554
0.15,2.0,1,120,1.2767295597484276,1.75754501648491
0.15,2.0,1,126,1.2714794102694458,1.7513540128015757
0.15,2.0,1,132,1.2881183069862314,1.765748031496063
0.15,2.0,1,138,1.3169398907103824,1.8062108810784785
0.15,2.0,1,144,1.3060323688082394,1.7997627520759194
0.15,2.0,1,150,1.3605236656596174,1.8627069133398246
0.15,2.25,0,0,0.9948932219127206,0.997525309336333
0.15,2.25,0,6,0.984089845577913,0.9875028402635765
0.15,2.25,0,12,1.0115440115440115,1.0069621721977258
0.15,2.25,0,18,1.0023353573096683,1.0029445073612684
0.15,2.25,0,24,0.9849482596425212,0.9881413911060434
0.15,2.25,0,30,1.003787878787879,0.9986270022883296
0.15,2.25,0,36,0.966219342896807,0.9653088630259624
0.15,2.25,0,42,0.9508787742226228,0.9466230936819172
0.15,2.25,0,48,0.9691358024691358,0.9728690450758385
0.15,2.25,0,54,1.0454136690647482,1.050021748586342
0.15,2.25,0,60,1.1084507042253522,1.1507846258812826
0.15,2.25,0,66,1.0599354541263255,1.1733780760626398
0.15,2.25,0,72,0.920071845532106,1.1819169745707454
0.15,2.25,0,78,0.9258928571428572,1.2373027879835747
0.15,2.25,0,84,0.9766187050359713,1.329845214737301
0.15,2.25,0,90,1.0571037003197807,1.4280980781974817
0.15,2.25,0,96,1.088413215449046,1.4660959675602614
0.15,2.25,0,102,1.2536487166582788,1.6951754385964912
0.15,2.25,0,108,1.2467467467467468,1.6966319360310154
0.15,2.25,0,114,1.3348670756646217,1.8157375431672422
0.15,2.25,0,120,1.3153732081067722,1.8019161676646707
0.15,2.25,0,126,1.33161423414131,1.8288850087303568
0.15,2.25,0,132,1.3695090439276485,1.8735345472686455
0.15,2.25,0,138,1.4039836567926456,1.9288899900891971
0.15,2.25,0,144,1.4074259909683893,1.938412852969815
0.15,2.25,0,150,1.3601398601398602,1.8703434929850025
0.15,2.25,1,0,1.0009229349330873,1.0029115341545354
0.15,2.25,1,6,1.0075294117647058,1.0093543235227014
0.15,2.25,1,12,0.9886685552407932,0.9872175302442365
0.15,2.25,1,18,0.9811409712399811,0.9801596351197264
0.15,2.25,1,24,1.0127077223851417,1.0137213153536788
0.15,2.25,1,30,1.010521281683405,1.0097064941067715
0.15,2.25,1,36,1.0038204393505252,1.0020823692734846
0.15,2.25,1,42,1.0361328125,1.0356216088700165
0.15,2.25,1,48,1.0830931796349663,1.0841273530095283
0.15,2.25,1,54,1.1328839672604718,1.1428238583410997
0.15,2.25,1,60,1.1596921596921597,1.2009313154831198
0.15,2.25,1,66,1.1669128508124076,1.2744208263673273
0.15,2.25,1,72,1.162215628090999,1.3220095693779905
0.15,2.25,1,78,1.0851167315175096,1.3742374472078835
0.15,2.25,1,84,1.093339815264949,1.4689119170984455
0.15,2.25,1,90,1.146807440925088,1.610800291899781
0.15,2.25,1,96,1.2439266236985622,1.6768862275449101
0.15,2.25,1,102,1.2655339805825243,1.7161654135338347
0.15,2.25,1,108,1.301795245026686,1.764568219049848
0.15,2.25,1,114,1.299854439592431,1.7767605633802817
0.15,2.25,1,120,1.4439203354297694,1.9761602840476795
0.15,2.25,1,126,1.347737671581088,1.8478581979320532
0.15,2.25,1,132,1.3931667516573176,1.907234251968504
0.15,2.25,1,138,1.3368107302533532,1.838950409244102
0.15,2.25,1,144,1.329573320255027,1.829655990510083
0.15,2.25,1,150,1.3841893252769386,1.8999513145082765
0.15,2.5,0,0,0.9944289693593314,0.9961754780652419
0.15,2.5,0,6,1.0051474029012635,1.0074982958418541
0.15,2.5,0,12,1.0274170274170273,1.0229751682524948
0.15,2.5,0,18,1.0037365716954694,1.0031710079275198
0.15,2.5,0,24,1.0004703668861712,1.0004561003420753
0.15,2.5,0,30,1.0303030303030303,1.0272311212814644
0.15,2.5,0,36,1.008792225821379,1.009623992837959
0.15,2.5,0,42,0.9959441189725101,0.9941176470588236
0.15,2.5,0,48,0.9620811287477954,0.9632557145908994
0.15,2.5,0,54,1.0314748201438848,1.0352327098738583
0.15,2.5,0,60,1.0967136150234742,1.151239481464635
0.15,2.5,0,66,1.0101429230059935,1.1774049217002238
0.15,2.5,0,72,0.8509205208801077,1.1956096500760705
0.15,2.5,0,78,0.8098214285714286,1.244650961746272
0.15,2.5,0,84,0.8232913669064749,1.3215609330717244
0.15,2.5,0,90,0.9186843307446323,1.4177159266622488
0.15,2.5,0,96,0.9851093531875291,1.5131786438387025
0.15,2.5,0,102,1.1565173628585808,1.6966374269005848
0.15,2.5,0,108,1.2757757757757757,1.7695662708989581
0.15,2.5,0,114,1.2413087934560327,1.6941292550567342
0.15,2.5,0,120,1.2357884330202669,1.695808383233533
0.15,2.5,0,126,1.3151108818978856,1.8026939386380643
0.15,2.5,0,132,1.358656330749354,1.8615614866550263
0.15,2.5,0,138,1.3794688457609805,1.8971754212091179
0.15,2.5,0,144,1.3497240341194179,1.8573515092502435
0.15,2.5,0,150,1.2572427572427571,1.723512336719884
0.15,2.5,1,0,1.0,1.002239641657335
0.15,2.5,1,6,1.0131764705882353,1.0123203285420945
0.15,2.5,1,12,0.996222851746931,0.9940652818991098
0.15,2.5,1,18,1.005186232909005,1.001824401368301
0.15,2.5,1,24,1.04594330400782,1.0456588597113792
0.15,2.5,1,30,1.0124342419894787,1.012941992142362
0.15,2.5,1,36,1.0210124164278893,1.020823692734845
0.15,2.5,1,42,1.07470703125,1.0714791224345364
0.15,2.5,1,48,1.1047070124879923,1.106902161282826
0.15,2.5,1,54,1.1617717862301395,1.167986952469711
0.15,2.5,1,60,1.1933621933621934,1.228637951105937
0.15,2.5,1,66,1.1157065484982767,1.3181275376164319
0.15,2.5,1,72,1.062809099901088,1.3933014354066986
0.15,2.5,1,78,1.038910505836576,1.449788831534491
0.15,2.5,1,84,1.0816723383568303,1.5452190296749881
0.15,2.5,1,90,1.2217194570135748,1.6881537338846997
0.15,2.5,1,96,1.3158155676747645,1.7532934131736526
0.15,2.5,1,102,1.3,1.7652725563909775
0.15,2.5,1,108,1.3634158175642892,1.8469459396208752
0.15,2.5,1,114,1.4046579330422124,1.9145539906103286
0.15,2.5,1,120,1.5628930817610063,2.1382196297235607
0.15,2.5,1,126,1.5439755973563802,2.120876415558838
0.15,2.5,1,132,1.5415604283528812,2.112450787401575
0.15,2.5,1,138,1.4893194237456533,2.047905633124699
0.15,2.5,1,144,1.5213339872486513,2.097508896797153
0.15,2.5,1,150,1.4949647532729105,2.0525803310613435
0.25,0.5,0,0,1.011142061281337,1.0119235095613048
0.25,0.5,0,6,0.9981282171268133,1.0013633265167008
0.25,0.5,0,12,1.0245310245310246,1.022511023439313
0.25,0.5,0,18,0.9981317141522653,0.9961494903737259
0.25,0.5,0,24,1.0183443085606774,1.0150513112884834
0.25,0.5,0,30,0.9640151515151515,0.9640732265446225
0.25,0.5,0,36,0.93521517815826,0.9344225604297225
0.25,0.5,0,42,0.8760703019378098,0.8734204793028323
0.25,0.5,0,48,0.8571428571428571,0.8613544114505448
0.25,0.5,0,54,0.802158273381295,0.8083949543279687
0.25,0.5,0,60,0.7347417840375586,0.7566522629065272
0.25,0.5,0,66,0.6523743660673121,0.6993288590604027
0.25,0.5,0,72,0.56757970363718,0.6431210606389915
0.25,0.5,0,78,0.5008928571428571,0.5967149340825589
0.25,0.5,0,84,0.47032374100719426,0.5849138870721604
0.25,0.5,0,90,0.4540886249428963,0.578087033355423
0.25,0.5,0,96,0.4355514192647743,0.5710745663437711
0.25,0.5,0,102,0.45042778057372923,0.6025828460038987
0.25,0.5,0,108,0.44344344344344344,0.595105403440756
0.25,0.5,0,114,0.4570552147239264,0.6171682289097188
0.25,0.5,0,120,0.42857142857142855,0.5846706586826347
0.25,0.5,0,126,0.4657039711191336,0.6323272636567723
0.25,0.5,0,132,0.448062015503876,0.6156148665502619
0.25,0.5,0,138,0.4627170582226762,0.6300792864222002
0.25,0.5,0,144,0.4500752634219769,0.620253164556962
0.25,0.5,0,150,0.44755244755244755,0.6161103047895501
0.25,0.5,1,0,1.0050761421319796,1.0094064949608064
0.25,0.5,1,6,0.9943529411764706,0.9936116814966918
0.25,0.5,1,12,0.993862134088763,0.991782698014152
0.25,0.5,1,18,1.0037718057520038,1.0034207525655645
0.25,0.5,1,24,1.018572825024438,1.0182162290040218
0.25,0.5,1,30,0.975609756097561,0.9743471227178183
0.25,0.5,1,36,0.9617956064947469,0.961591855622397
0.25,0.5,1,42,0.9833984375,0.9806558150507195
0.25,0.5,1,48,0.9370797310278578,0.9374854752498257
0.25,0.5,1,54,0.9080404429465575,0.9168219944082013
0.25,0.5,1,60,0.84992784992785,0.8842840512223515
0.25,0.5,1,66,0.7725258493353028,0.8430857415810843
0.25,0.5,1,72,0.6646884272997032,0.7669856459330143
0.25,0.5,1,78,0.583171206225681,0.7076489910839981
0.25,0.5,1,84,0.4948954788526981,0.6403674046161093
0.25,0.5,1,90,0.4962292609351433,0.6475310143517392
0.25,0.5,1,96,0.46504709965294994,0.6253892215568863
0.25,0.5,1,102,0.44223300970873786,0.6031484962406015
0.25,0.5,1,108,0.438136826783115,0.5988766674467587
0.25,0.5,1,114,0.44784085395439105,0.6133802816901408
0.25,0.5,1,120,0.5,0.6809535886380929
0.25,0.5,1,126,0.4753431621759024,0.6541112752338749
0.25,0.5,1,132,0.47628760836308004,0.6540354330708661
0.25,0.5,1,138,0.4659711872826627,0.6391429947038999
0.25,0.5,1,144,0.46542422756253066,0.6341637010676157
0.25,0.5,1,150,0.4808660624370594,0.6596884128529699
0.25,0.75,0,0,1.001392757660167,1.0020247469066366
0.25,0.75,0,6,0.9489939167056621,0.9525107930015906
0.25,0.75,0,12,0.9995189995189995,0.998375493153864
0.25,0.75,0,18,0.9780476412891173,0.9775764439411099
0.25,0.75,0,24,0.977892756349953,0.978563283922463
0.25,0.75,0,30,0.9933712121212122,0.9908466819221968
0.25,0.75,0,36,0.8991207774178621,0.8988361683079678
0.25,0.75,0,42,0.8517350157728707,0.8490196078431372
0.25,0.75,0,48,0.808641975308642,0.8120059816278573
0.25,0.75,0,54,0.8273381294964028,0.8347107438016529
0.25,0.75,0,60,0.8075117370892019,0.8382988401182625
0.25,0.75,0,66,0.7385892116182573,0.7975391498881432
0.25,0.75,0,72,0.6416704086214639,0.7344055640078244
0.25,0.75,0,78,0.5584821428571428,0.6777609682299546
0.25,0.75,0,84,0.5319244604316546,0.6721168519729671
0.25,0.75,0,90,0.5052535404294198,0.6582725867020102
0.25,0.75,0,96,0.48255002326663565,0.6409101148907411
0.25,0.75,0,102,0.5118268746854555,0.6920077972709552
0.25,0.75,0,108,0.5,0.6806396898473468
0.25,0.75,0,114,0.49642126789366053,0.6734089787863838
0.25,0.75,0,120,0.4957983193277311,0.6752095808383234
0.25,0.75,0,126,0.5136668385765859,0.6989274133200299
0.25,0.75,0,132,0.5286821705426357,0.7161386879521078
0.25,0.75,0,138,0.5286006128702758,0.7267096134786918
0.25,0.75,0,144,0.5273457099849473,0.7251703992210321
0.25,0.75,0,150,0.5369630369630369,0.7404450895016933
0.25,0.75,1,0,0.9949238578680203,0.9975363941769317
0.25,0.75,1,6,1.0230588235294118,1.0266940451745379
0.25,0.75,1,12,1.040604343720491,1.0383474092672906
0.25,0.75,1,18,1.0075436115040075,1.0050171037628277
0.25,0.75,1,24,1.0180840664711632,1.0156139105748758
0.25,0.75,1,30,0.9985652797704447,0.9976889299745783
0.25,0.75,1,36,0.9727793696275072,0.9743174456270245
0.25,0.75,1,42,0.98486328125,0.9820712432177401
0.25,0.75,1,48,0.9510086455331412,0.9525912154310946
0.25,0.75,1,54,0.94174289841117,0.9531686859273066
0.25,0.75,1,60,0.8759018759018758,0.9119906868451688
0.25,0.75,1,66,0.8247168882323979,0.8973011702889897
0.25,0.75,1,72,0.7467853610286844,0.8574162679425837
0.25,0.75,1,78,0.6522373540856031,0.7944626935710933
0.25,0.75,1,84,0.5882352941176471,0.7531794630240226
0.25,0.75,1,90,0.5771744595274007,0.7650206762344928
0.25,0.75,1,96,0.5756073376301438,0.7664670658682635
0.25,0.75,1,102,0.5364077669902912,0.7302631578947368
0.25,0.75,1,108,0.5545851528384279,0.7493564240580388
0.25,0.75,1,114,0.5657447840853954,0.776056338028169
0.25,0.75,1,120,0.6111111111111112,0.8366725843266548
0.25,0.75,1,126,0.5805795627859685,0.7976366322008862
0.25,0.75,1,132,0.5456399796022438,0.750246062992126
0.25,0.75,1,138,0.5399900645802285,0.7474723158401541
0.25,0.75,1,144,0.5335948994605199,0.734282325029656
0.25,0.75,1,150,0.513595166163142,0.7054527750730283
0.25,1.0,0,0,1.0018570102135562,1.0022497187851518
0.25,1.0,0,6,0.99719232569022,0.998863894569416
0.25,1.0,0,12,1.011063011063011,1.0060338825713622
0.25,1.0,0,18,0.9747781410555815,0.9782559456398641
0.25,1.0,0,24,0.9868297271872061,0.9856328392246294
0.25,1.0,0,30,0.9829545454545454,0.9805491990846682
0.25,1.0,0,36,0.9319759370661731,0.9290510295434199
0.25,1.0,0,42,0.8769716088328076,0.8760348583877996
0.25,1.0,0,48,0.8655202821869489,0.8669087801751763
0.25,1.0,0,54,0.8745503597122302,0.8816876903001305
0.25,1.0,0,60,0.9,0.9306345235387764
0.25,1.0,0,66,0.8367911479944675,0.9049217002237137
0.25,1.0,0,72,0.7359676695105523,0.8396000869376222
0.25,1.0,0,78,0.6924107142857143,0.83423384482386
0.25,1.0,0,84,0.6569244604316546,0.8210159145410943
0.25,1.0,0,90,0.6267702147099132,0.8036227081952728
0.25,1.0,0,96,0.6133085155886459,0.8033340842532102
0.25,1.0,0,102,0.6215400100654253,0.831140350877193
0.25,1.0,0,108,0.6316316316316316,0.8478313544947904
0.25,1.0,0,114,0.6559304703476483,0.8818450912678836
0.25,1.0,0,120,0.6337123084527929,0.8634730538922155
0.25,1.0,0,126,0.6704486848891181,0.9159391369418808
0.25,1.0,0,132,0.6956072351421189,0.943127962085308
0.25,1.0,0,138,0.7042900919305414,0.9658077304261645
0.25,1.0,0,144,0.7059708981435022,0.9671372930866602
0.25,1.0,0,150,0.6983016983016983,0.9627479438800194
0.25,1.0,1,0,0.9949238578680203,0.9957446808510638
0.25,1.0,1,6,0.976,0.9783253479352042
0.25,1.0,1,12,0.9924457034938622,0.9920109564026478
0.25,1.0,1,18,0.9721829325789721,0.9689851767388825
0.25,1.0,1,24,0.9789833822091887,0.9775254317482849
0.25,1.0,1,30,0.9799139167862266,0.9761959787381558
0.25,1.0,1,36,0.9689589302769819,0.9683017121702915
0.25,1.0,1,42,1.01123046875,1.0068412361405992
0.25,1.0,1,48,1.005763688760807,1.0092958401115502
0.25,1.0,1,54,1.0096292729898892,1.0232991612301958
0.25,1.0,1,60,0.9648869648869649,1.0048894062863796
0.25,1.0,1,66,0.8931560807483998,0.9801767375208981
0.25,1.0,1,72,0.8259149357072205,0.9641148325358851
0.25,1.0,1,78,0.75,0.9305490380103237
0.25,1.0,1,84,0.6917841516771998,0.8973151201130476
0.25,1.0,1,90,0.6807440925087984,0.9058623206032596
0.25,1.0,1,96,0.6747645017352504,0.9140119760479042
0.25,1.0,1,102,0.6436893203883495,0.8855733082706767
0.25,1.0,1,108,0.6433770014556041,0.8825181371401826
0.25,1.0,1,114,0.6351285783600195,0.8678403755868545
0.25,1.0,1,120,0.6729559748427673,0.924423028151154
0.25,1.0,1,126,0.6761565836298933,0.9293451501723289
0.25,1.0,1,132,0.7052524222335543,0.9645669291338582
0.25,1.0,1,138,0.6984600099354198,0.9552238805970149
0.25,1.0,1,144,0.6939676311917606,0.9525504151838672
0.25,1.0,1,150,0.703423967774421,0.9666504381694255
0.25,1.25,0,0,1.0,1.0017997750281216
0.25,1.25,0,6,0.9943846513804399,0.9993183367416496
0.25,1.25,0,12,1.0360750360750361,1.0334184265490833
0.25,1.25,0,18,0.9934609995329285,0.9961494903737259
0.25,1.25,0,24,0.9990592662276576,0.9974914481185861
0.25,1.25,0,30,0.9886363636363636,0.9846681922196796
0.25,1.25,0,36,0.9578898658028691,0.9547896150402865
0.25,1.25,0,42,0.9283461018476792,0.9283224400871459
0.25,1.25,0,48,0.9047619047619048,0.9072847682119205
0.25,1.25,0,54,0.9410971223021583,0.9512831665941713
0.25,1.25,0,60,0.9704225352112676,1.0104616784171025
0.25,1.25,0,66,0.9248501613646842,1.010738255033557
0.25,1.25,0,72,0.8576560395150427,0.9986959356661596
0.25,1.25,0,78,0.8214285714285714,1.0086449103090556
0.25,1.25,0,84,0.8160971223021583,1.0483976455199477
0.25,1.25,0,90,0.8259479214253084,1.0861497680583168
0.25,1.25,0,96,0.8138669148441136,1.0921378688893895
0.25,1.25,0,102,0.8802214393558128,1.1939571150097466
0.25,1.25,0,108,0.8463463463463463,1.155076326629513
0.25,1.25,0,114,0.8824130879345603,1.2067094227923039
0.25,1.25,0,120,0.8630746416213544,1.1863473053892215
0.25,1.25,0,126,0.9236719958741619,1.2659017211274632
0.25,1.25,0,132,0.9354005167958657,1.2863556996757297
0.25,1.25,0,138,0.9244126659856997,1.2775024777006938
0.25,1.25,0,144,0.9101856497742097,1.252190847127556
0.25,1.25,0,150,0.922077922077922,1.2677793904208998
0.25,1.25,1,0,0.9912321181356715,0.993952967525196
0.25,1.25,1,6,0.9844705882352941,0.9849418206707734
0.25,1.25,1,12,0.9759206798866855,0.9728372517690025
0.25,1.25,1,18,1.00990099009901,1.0072976054732041
0.25,1.25,1,24,0.9530791788856305,0.9515022474568252
0.25,1.25,1,30,0.937350549976088,0.9355211462907326
0.25,1.25,1,36,0.9245463228271251,0.9252660805182785
0.25,1.25,1,42,0.95263671875,0.9509318235432885
0.25,1.25,1,48,0.9654178674351584,0.9663025795956309
0.25,1.25,1,54,0.9638902262879152,0.978331780055918
0.25,1.25,1,60,0.9547859547859547,0.9937136204889406
0.25,1.25,1,66,0.9364844903988183,1.0257941246716025
0.25,1.25,1,72,0.900593471810089,1.0464114832535885
0.25,1.25,1,78,0.8278210116731517,1.012200844673862
0.25,1.25,1,84,0.7894992707826932,1.0169571361281207
0.25,1.25,1,90,0.8154851684263449,1.0834346874239844
0.25,1.25,1,96,0.8160634605850273,1.0991616766467065
0.25,1.25,1,102,0.7932038834951456,1.0763627819548873
0.25,1.25,1,108,0.8078602620087336,1.0999297917154225
0.25,1.25,1,114,0.8102862688015526,1.1056338028169015
0.25,1.25,1,120,0.8757861635220126,1.1993406036013188
0.25,1.25,1,126,0.871377732587697,1.1939931068439193
0.25,1.25,1,132,0.8918918918918919,1.217273622047244
0.25,1.25,1,138,0.8633879781420765,1.1836783822821377
0.25,1.25,1,144,0.8553212358999509,1.1708185053380782
0.25,1.25,1,150,0.9003021148036254,1.2319863680623175
0.25,1.5,0,0,1.0,1.0
0.25,1.5,0,6,0.9934487599438465,0.994546693933197
0.25,1.5,0,12,1.0187590187590188,1.014620561615224
0.25,1.5,0,18,0.998598785614199,0.9970554926387316
0.25,1.5,0,24,1.0141110065851364,1.0120866590649944
0.25,1.5,0,30,1.0331439393939394,1.031350114416476
0.25,1.5,0,36,1.006478482184174,1.0038048343777977
0.25,1.5,0,42,0.9783686345200541,0.9777777777777777
0.25,1.5,0,48,0.941358024691358,0.9438154240546892
0.25,1.5,0,54,0.9824640287769785,0.9913005654632449
0.25,1.5,0,60,1.0183098591549296,1.0550375255856266
0.25,1.5,0,66,0.9893960350391886,1.080089485458613
0.25,1.5,0,72,0.9254602604400539,1.0738969789176267
0.25,1.5,0,78,0.9026785714285714,1.1028744326777609
0.25,1.5,0,84,0.9046762589928058,1.1539132330499238
0.25,1.5,0,90,0.9159433531292828,1.2016788159929312
0.25,1.5,0,96,0.9367147510469986,1.254111286325749
0.25,1.5,0,102,1.0150981378963262,1.3701267056530215
0.25,1.5,0,108,1.013013013013013,1.3755754785558516
0.25,1.5,0,114,0.967280163599182,1.317464232856438
0.25,1.5,0,120,0.9485912011863569,1.3017964071856287
0.25,1.5,0,126,1.001547189272821,1.3719131953105512
0.25,1.5,0,132,1.028423772609819,1.4050885507607882
0.25,1.5,0,138,0.9862104187946884,1.3555500495540138
0.25,1.5,0,144,0.9894631209232313,1.3624634858812075
0.25,1.5,0,150,1.0014985014985014,1.38388969521045
0.25,1.5,1,0,1.0,1.0
0.25,1.5,1,6,1.0,1.0
0.25,1.5,1,12,1.0,1.0
0.25,1.5,1,18,0.9834983498349835,0.9808437856328392
0.25,1.5,1,24,0.9648093841642229,0.9633309675893068
0.25,1.5,1,30,0.9526542324246772,0.950311994453432
0.25,1.5,1,36,0.9508118433619867,0.9525682554372975
0.25,1.5,1,42,0.98876953125,0.9860816230242981
0.25,1.5,1,48,0.9793467819404419,0.9809435277713223
0.25,1.5,1,54,0.9956668271545498,1.0060577819198508
0.25,1.5,1,60,0.9817219817219818,1.020954598370198
0.25,1.5,1,66,0.999507631708518,1.0921901122522093
0.25,1.5,1,72,0.9861523244312562,1.150956937799043
0.25,1.5,1,78,0.9319066147859922,1.1482871891130924
0.25,1.5,1,84,0.9163830821584832,1.1860574658502119
0.25,1.5,1,90,0.9577677224736049,1.2668450498662125
0.25,1.5,1,96,0.9613287059990084,1.2862275449101797
0.25,1.5,1,102,0.9247572815533981,1.25
0.25,1.5,1,108,0.9611838913148957,1.3007254856073016
0.25,1.5,1,114,0.9616690926734595,1.3183098591549296
0.25,1.5,1,120,1.0775681341719077,1.4742581790514837
0.25,1.5,1,126,1.0630401626842907,1.4571639586410634
0.25,1.5,1,132,1.0785313615502294,1.4729330708661417
0.25,1.5,1,138,1.0765027322404372,1.4749638902262878
0.25,1.5,1,144,1.0877881314369788,1.4892052194543297
0.25,1.5,1,150,1.149043303121853,1.5715676728334955
0.25,1.75,0,0,1.0078922934076138,1.009673790776153
0.25,1.75,0,6,1.0018717828731867,1.0047716428084525
0.25,1.75,0,12,1.000962000962001,1.0009282896263634
0.25,1.75,0,18,0.9967304997664642,0.9961494903737259
0.25,1.75,0,24,1.0009407337723424,1.0
0.25,1.75,0,30,0.9872159090909091,0.9860411899313501
0.25,1.75,0,36,0.9102267468764461,0.9082363473589973
0.25,1.75,0,42,0.9148264984227129,0.9098039215686274
0.25,1.75,0,48,0.8725749559082893,0.8739585558641316
0.25,1.75,0,54,0.908273381294964,0.9153979991300566
0.25,1.75,0,60,0.9798122065727699,1.0179667955424152
0.25,1.75,0,66,0.966804979253112,1.0523489932885906
0.25,1.75,0,72,0.9286035024696901,1.074983699195827
0.25,1.75,0,78,0.89375,1.1132483250486276
0.25,1.75,0,84,0.9060251798561151,1.170045781556573
0.25,1.75,0,90,0.9524897213339424,1.2454163905456153
0.25,1.75,0,96,0.9669613773848301,1.2883532327100697
0.25,1.75,0,102,1.0176144942123804,1.3791423001949317
0.25,1.75,0,108,1.0360360360360361,1.4090138114853406
0.25,1.75,0,114,1.0388548057259714,1.4104588061174148
0.25,1.75,0,120,1.0385565991102323,1.4270658682634731
0.25,1.75,0,126,1.1005673027333678,1.5106011474183088
0.25,1.75,0,132,1.1069767441860465,1.5155899226739835
0.25,1.75,0,138,1.1123595505617978,1.5317145688800793
0.25,1.75,0,144,1.1254390366281988,1.5477117818889972
0.25,1.75,0,150,1.1118881118881119,1.5217706821480406
0.25,1.75,1,0,1.004614674665436,1.005599104143337
0.25,1.75,1,6,1.019764705882353,1.0196212639744466
0.25,1.75,1,12,1.0212464589235128,1.0200867381876284
0.25,1.75,1,18,1.0117868929750118,1.014139110604333
0.25,1.75,1,24,1.0679374389051808,1.0693162999763426
0.25,1.75,1,30,1.0296508847441415,1.0277328403050612
0.25,1.75,1,36,1.0358166189111748,1.040259139287367
0.25,1.75,1,42,1.0439453125,1.0450577966501533
0.25,1.75,1,48,1.0393852065321807,1.039507320474088
0.25,1.75,1,54,1.0731824747231584,1.0880708294501398
0.25,1.75,1,60,1.0764790764790764,1.120139697322468
0.25,1.75,1,66,1.1112752338749385,1.228086935753523
0.25,1.75,1,72,1.0751730959446093,1.2815789473684212
0.25,1.75,1,78,1.046692607003891,1.317221961520413
0.25,1.75,1,84,1.0787554691298007,1.4017899199246349
0.25,1.75,1,90,1.1221719457013575,1.4860131354901485
0.25,1.75,1,96,1.1234506693108577,1.5101796407185628
0.25,1.75,1,102,1.1490291262135923,1.556860902255639
0.25,1.75,1,108,1.1766132945172247,1.5953662532178796
0.25,1.75,1,114,1.1989325570111595,1.63943661971831
0.25,1.75,1,120,1.2877358490566038,1.763124524473751
0.25,1.75,1,126,1.2775800711743772,1.7525849335302806
0.25,1.75,1,132,1.2167261601223864,1.6685531496062993
0.25,1.75,1,138,1.2021857923497268,1.6521425132402503
0.25,1.75,1,144,1.196174595389897,1.6434163701067617
0.25,1.75,1,150,1.2522658610271904,1.7159201557935735
0.25,2.0,0,0,0.9986072423398329,1.001124859392576
0.25,2.0,0,6,0.9990641085634067,1.001136105430584
0.25,2.0,0,12,1.0211640211640212,1.020886516593177
0.25,2.0,0,18,0.9789817842129845,0.9812004530011325
0.25,2.0,0,24,0.977892756349953,0.9765108323831243
0.25,2.0,0,30,0.9848484848484849,0.9798627002288329
0.25,2.0,0,36,0.990282276723739,0.9872426141450313
0.25,2.0,0,42,0.9941415051825147,0.989760348583878
0.25,2.0,0,48,1.0229276895943562,1.0239265114291818
0.25,2.0,0,54,1.080935251798561,1.0891692040017398
0.25,2.0,0,60,1.128169014084507,1.1760291107573346
0.25,2.0,0,66,1.086675887505763,1.2210290827740493
0.25,2.0,0,72,1.041311180960934,1.2127798304716366
0.25,2.0,0,78,1.0629464285714285,1.3122973849146315
0.25,2.0,0,84,1.0912769784172662,1.394811423588402
0.25,2.0,0,90,1.1100959342165373,1.456814667550254
0.25,2.0,0,96,1.1563517915309447,1.5550799729668845
0.25,2.0,0,102,1.2808253648716659,1.739522417153996
0.25,2.0,0,108,1.2292292292292293,1.6833050642112914
0.25,2.0,0,114,1.296523517382413,1.7710902812037495
0.25,2.0,0,120,1.2560553633217992,1.7247904191616767
0.25,2.0,0,126,1.3047962867457452,1.7957096532801198
0.25,2.0,0,132,1.344702842377261,1.8358692940883012
0.25,2.0,0,138,1.3197139938712972,1.8139246778989098
0.25,2.0,0,144,1.3326643251379828,1.8330087633885102
0.25,2.0,0,150,1.3546453546453547,1.8616352201257862
0.25,2.0,1,0,0.9963082602676512,1.0
0.25,2.0,1,6,1.024,1.0234998859228839
0.25,2.0,1,12,1.0151085930122756,1.0120976945902762
0.25,2.0,1,18,0.9825553983969826,0.9792474344355758
0.25,2.0,1,24,0.9980449657869013,0.9988171279867518
0.25,2.0,1,30,0.9913916786226685,0.9891379708805177
0.25,2.0,1,36,1.0143266475644699,1.0122628412771866
0.25,2.0,1,42,1.05908203125,1.0556735079028072
0.25,2.0,1,48,1.0811719500480308,1.0813386009760633
0.25,2.0,1,54,1.1328839672604718,1.146318732525629
0.25,2.0,1,60,1.1423761423761423,1.1890570430733411
0.25,2.0,1,66,1.135401280157558,1.250537377597325
0.25,2.0,1,72,1.0969337289812067,1.316267942583732
0.25,2.0,1,78,1.078307392996109,1.3610980760206475
0.25,2.0,1,84,1.08458920758386,1.4505416862929816
0.25,2.0,1,90,1.1895424836601307,1.5859888105083921
0.25,2.0,1,96,1.2062469013386217,1.6253892215568861
0.25,2.0,1,102,1.2058252427184466,1.643092105263158
0.25,2.0,1,108,1.21300339640951,1.6576175988766675
0.25,2.0,1,114,1.2319262493934984,1.6906103286384977
0.25,2.0,1,120,1.370020964360587,1.8835911742328177
0.25,2.0,1,126,1.3497712252160652,1.8503200393894632
0.25,2.0,1,132,1.373278939316675,1.8786909448818898
0.25,2.0,1,138,1.3527074018877299,1.85652383245065
0.25,2.0,1,144,1.36194212849436,1.867141162514828
0.25,2.0,1,150,1.4290030211480362,1.9542356377799415
0.25,2.25,0,0,0.9948932219127206,0.997525309336333
0.25,2.25,0,6,0.989705194197473,0.9927289252442627
0.25,2.25,0,12,0.9913419913419913,0.9886284520770481
0.25,2.25,0,18,0.9757122839794489,0.9773499433748585
0.25,2.25,0,24,0.9651928504233303,0.9646522234891676
0.25,2.25,0,30,0.9891098484848485,0.9862700228832952
0.25,2.25,0,36,0.950948634891254,0.9485228290062668
0.25,2.25,0,42,0.9580892293826048,0.9588235294117647
0.25,2.25,0,48,0.9744268077601411,0.978637043366802
0.25,2.25,0,54,1.0467625899280575,1.0600260983036103
0.25,2.25,0,60,1.0784037558685446,1.1551057539231293
0.25,2.25,0,66,1.0106039649608114,1.1823266219239374
0.25,2.25,0,72,0.9286035024696901,1.2006085633557921
0.25,2.25,0,78,0.9316964285714285,1.2634536416684676
0.25,2.25,0,84,1.039568345323741,1.356442119032047
0.25,2.25,0,90,1.0991320237551394,1.4585818422796555
0.25,2.25,0,96,1.1251744997673336,1.5163325073214688
0.25,2.25,0,102,1.1469552088575743,1.5648148148148149
0.25,2.25,0,108,1.1796796796796796,1.6149745577901624
0.25,2.25,0,114,1.2750511247443763,1.7360631475086334
0.25,2.25,0,120,1.2624814631735046,1.7348502994011976
0.25,2.25,0,126,1.334708612686952,1.8306310800698429
0.25,2.25,0,132,1.3937984496124032,1.9047143926166126
0.25,2.25,0,138,1.4152196118488254,1.9422695738354807
0.25,2.25,0,144,1.3963873557451079,1.9211295034079845
0.25,2.25,0,150,1.3866133866133865,1.9063860667634251
0.25,2.25,1,0,1.0009229349330873,1.0031354983202687
0.25,2.25,1,6,1.0042352941176471,1.0059320100387863
0.25,2.25,1,12,1.0103871576959396,1.0077607852088564
0.25,2.25,1,18,1.0103724658180104,1.0084378563283922
0.25,2.25,1,24,1.0303030303030303,1.0307546723444523
0.25,2.25,1,30,1.0196078431372548,1.0171019181881211
0.25,2.25,1,36,1.0181470869149951,1.0173530772790376
0.25,2.25,1,42,1.0439453125,1.0405756074545884
0.25,2.25,1,48,1.037463976945245,1.0381129444573554
0.25,2.25,1,54,1.1054405392392874,1.1183597390493942
0.25,2.25,1,60,1.0846560846560847,1.1662398137369034
0.25,2.25,1,66,1.0551452486459871,1.2374014807738238
0.25,2.25,1,72,0.9144411473788329,1.2882775119617225
0.25,2.25,1,78,0.8151750972762646,1.3198029094321915
0.25,2.25,1,84,0.8512396694214877,1.402967498822421
0.25,2.25,1,90,0.975867269984917,1.534419849185113
0.25,2.25,1,96,1.0505701536936043,1.5846706586826347
0.25,2.25,1,102,1.1325242718446602,1.619360902255639
0.25,2.25,1,108,1.205240174672489,1.6541071846477884
0.25,2.25,1,114,1.264434740417273,1.7197183098591549
0.25,2.25,1,120,1.3825995807127882,1.8919604362160791
0.25,2.25,1,126,1.3650228774783935,1.8709995076317085
0.25,2.25,1,132,1.3656297807241204,1.8695866141732282
0.25,2.25,1,138,1.3517138599105811,1.8591718825228696
0.25,2.25,1,144,1.3261402648357037,1.8182680901542112
0.25,2.25,1,150,1.4133937562940584,1.9371957156767283
0.25,2.5,0,0,0.9944289693593314,0.9961754780652419
0.25,2.5,0,6,0.9967243799719232,0.9975005680527153
0.25,2.5,0,12,1.002886002886003,0.998375493153864
0.25,2.5,0,18,0.9766464269033162,0.9780294450736127
0.25,2.5,0,24,0.9971777986829727,0.9979475484606614
0.25,2.5,0,30,1.0,0.9977116704805492
0.25,2.5,0,36,1.003701989819528,1.0004476275738585
0.25,2.5,0,42,0.9648490310950879,0.9629629629629629
0.25,2.5,0,48,0.9947089947089947,0.9970091860713522
0.25,2.5,0,54,1.0539568345323742,1.0700304480208787
0.25,2.5,0,60,1.0657276995305165,1.1587445985899476
0.25,2.5,0,66,0.9253112033195021,1.1859060402684565
0.25,2.5,0,72,0.8082622361921868,1.2047381004129538
0.25,2.5,0,78,0.8258928571428571,1.2612924140912039
0.25,2.5,0,84,0.91681654676259,1.3475038151297145
0.25,2.5,0,90,1.0196436729100045,1.398718798321184
0.25,2.5,0,96,1.111679851093532,1.5332282045505745
0.25,2.5,0,102,1.2521389028686463,1.7210038986354776
0.25,2.5,0,108,1.2902902902902902,1.7622970680881997
0.25,2.5,0,114,1.331799591002045,1.8152442032560434
0.25,2.5,0,120,1.3336628769154721,1.8311377245508982
0.25,2.5,0,126,1.3924703455389376,1.9134447493140434
0.25,2.5,0,132,1.4010335917312662,1.917685208281367
0.25,2.5,0,138,1.4106230847803882,1.9338453914767095
0.25,2.5,0,144,1.4224786753637733,1.9605647517039921
0.25,2.5,0,150,1.4475524475524475,1.9808901790033866
0.25,2.5,1,0,1.0,1.002239641657335
0.25,2.5,1,6,1.0131764705882353,1.0123203285420945
0.25,2.5,1,12,0.9929178470254958,0.9904131476831773
0.25,2.5,1,18,1.0155586987270155,1.0134549600912202
0.25,2.5,1,24,1.0039100684261975,1.0030754672344453
0.25,2.5,1,30,1.010521281683405,1.009244280101687
0.25,2.5,1,36,1.0181470869149951,1.0187413234613605
0.25,2.5,1,42,1.04150390625,1.040339702760085
0.25,2.5,1,48,1.079731027857829,1.0829653729955844
0.25,2.5,1,54,1.1482908040442947,1.1642590866728797
0.25,2.5,1,60,1.1370851370851371,1.2176949941792783
0.25,2.5,1,66,1.0625307730182176,1.30117028898973
0.25,2.5,1,72,0.966864490603363,1.363397129186603
0.25,2.5,1,78,0.9348249027237354,1.4185828249648054
0.25,2.5,1,84,1.0038891589693728,1.513424399434762
0.25,2.5,1,90,1.152337858220211,1.6536122597908052
0.25,2.5,1,96,1.2553296975706494,1.7166467065868263
0.25,2.5,1,102,1.278640776699029,1.7337875939849625
0.25,2.5,1,108,1.255215914604561,1.7107418675403698
0.25,2.5,1,114,1.3008248423095585,1.7784037558685446
0.25,2.5,1,120,1.4171907756813418,1.9426832361146336
0.25,2.5,1,126,1.4026436197254704,1.9258985721319548
0.25,2.5,1,132,1.4360020397756246,1.96875
0.25,2.5,1,138,1.425732737208147,1.9566682715454984
0.25,2.5,1,144,1.4149092692496321,1.9451957295373665
0.25,2.5,1,150,1.457703927492447,1.9961051606621227
0.35,0.5,0,0,1.011142061281337,1.0119235095613048
0.35,0.5,0,6,0.9981282171268133,1.0013633265167008
0.35,0.5,0,12,1.0245310245310246,1.022511023439313
0.35,0.5,0,18,0.9883232134516581,0.9861834654586636
0.35,0.5,0,24,0.9920037629350894,0.9922462941847207
0.35,0.5,0,30,0.9928977272727273,0.9878718535469108
0.35,0.5,0,36,0.977788061082832,0.9767233661593554
0.35,0.5,0,42,0.9454709328526363,0.9429193899782136
0.35,0.5,0,48,0.9056437389770723,0.9060029908139287
0.35,0.5,0,54,0.7900179856115108,0.8014354066985646
0.35,0.5,0,60,0.7741784037558685,0.8116897884921538
0.35,0.5,0,66,0.6837252189949286,0.7527964205816555
0.35,0.5,0,72,0.56757970363718,0.6542056074766355
0.35,0.5,0,78,0.5147321428571429,0.6202723146747352
0.35,0.5,0,84,0.4550359712230216,0.5683453237410072
0.35,0.5,0,90,0.4371859296482412,0.5617406671084604
0.35,0.5,0,96,0.41973010702652397,0.5517008335210632
0.35,0.5,0,102,0.4458983392048314,0.597953216374269
0.35,0.5,0,108,0.4034034034034034,0.5468863581293918
0.35,0.5,0,114,0.4125766871165644,0.5614208189442526
0.35,0.5,0,120,0.4018783984181908,0.5508982035928144
0.35,0.5,0,126,0.4198040226921093,0.5724619605886755
0.35,0.5,0,132,0.420671834625323,0.5717136443003242
0.35,0.5,0,138,0.42083758937691523,0.5780475718533201
0.35,0.5,0,144,0.42849974912192673,0.5861733203505355
0.35,0.5,0,150,0.44105894105894106,0.6018384131591679
0.35,0.5,1,0,1.0050761421319796,1.0094064949608064
0.35,0.5,1,6,0.9943529411764706,0.9936116814966918
0.35,0.5,1,12,0.993862134088763,0.991782698014152
0.35,0.5,1,18,1.0037718057520038,1.0029646522234892
0.35,0.5,1,24,1.0195503421309873,1.0177430801987224
0.35,0.5,1,30,0.9789574366331899,0.973884908712734
0.35,0.5,1,36,0.9503342884431709,0.9534937528921795
0.35,0.5,1,42,0.97998046875,0.9785326728001887
0.35,0.5,1,48,0.9538904899135446,0.9581687194980246
0.35,0.5,1,54,0.9142994703899856,0.9275396085740913
0.35,0.5,1,60,0.8321308321308322,0.8726426076833528
0.35,0.5,1,66,0.7336287543082225,0.809410078815381
0.35,0.5,1,72,0.6434223541048467,0.740909090909091
0.35,0.5,1,78,0.5554474708171206,0.6712810886907555
0.35,0.5,1,84,0.5012153621779291,0.6406029203956665
0.35,0.5,1,90,0.48466566113624937,0.63561177329117
0.35,0.5,1,96,0.47545860188398614,0.6301796407185629
0.35,0.5,1,102,0.44902912621359226,0.6066729323308271
0.35,0.5,1,108,0.44590004852013587,0.5998127779077931
0.35,0.5,1,114,0.44347404172731686,0.604225352112676
0.35,0.5,1,120,0.47851153039832284,0.651787978696424
0.35,0.5,1,126,0.46365022877478396,0.6290004923682915
0.35,0.5,1,132,0.4655787863335033,0.6363188976377953
0.35,0.5,1,138,0.45156482861400893,0.6220510351468465
0.35,0.5,1,144,0.44580676802354097,0.6097271648873073
0.35,0.5,1,150,0.47230614300100704,0.6455696202531646
0.35,0.75,0,0,1.001392757660167,1.0020247469066366
0.35,0.75,0,6,0.9953205428170332,0.9997727789138832
0.35,0.75,0,12,1.0327080327080327,1.029241123230448
0.35,0.75,0,18,0.9878561419897244,0.9889014722536806
0.35,0.75,0,24,0.9633113828786454,0.9660205245153934
0.35,0.75,0,30,0.9578598484848485,0.9530892448512586
0.35,0.75,0,36,0.9477093937991671,0.9458370635631155
0.35,0.75,0,42,0.8702118071203244,0.8697167755991285
0.35,0.75,0,48,0.8470017636684304,0.8483230079042939
0.35,0.75,0,54,0.8295863309352518,0.8421052631578947
0.35,0.75,0,60,0.8051643192488263,0.8421651125767569
0.35,0.75,0,66,0.7164591977869986,0.7879194630872484
0.35,0.75,0,72,0.6326897171082173,0.7381004129537058
0.35,0.75,0,78,0.5700892857142857,0.6950507888480657
0.35,0.75,0,84,0.5179856115107914,0.6592544146500982
0.35,0.75,0,90,0.511192325262677,0.6642368014137398
0.35,0.75,0,96,0.4899953466728711,0.6537508447848615
0.35,0.75,0,102,0.5007549068948163,0.6773879142300195
0.35,0.75,0,108,0.4844844844844845,0.6525321056457475
0.35,0.75,0,114,0.49591002044989774,0.6773556980759744
0.35,0.75,0,120,0.4730598121601582,0.6495808383233533
0.35,0.75,0,126,0.5059308922124807,0.6921925667248691
0.35,0.75,0,132,0.517829457364341,0.7081566475430282
0.35,0.75,0,138,0.5178753830439223,0.7128344895936571
0.35,0.75,0,144,0.49523331660812847,0.681110029211295
0.35,0.75,0,150,0.5209790209790209,0.7111756168359942
0.35,0.75,1,0,0.9949238578680203,0.9975363941769317
0.35,0.75,1,6,1.0230588235294118,1.0266940451745379
0.35,0.75,1,12,1.040604343720491,1.0383474092672906
0.35,0.75,1,18,1.007072135785007,1.0045610034207526
0.35,0.75,1,24,1.0596285434995112,1.0579607286491601
0.35,0.75,1,30,1.0267814442850312,1.026115091287266
0.35,0.75,1,36,1.0176695319961795,1.0178158260064785
0.35,0.75,1,42,0.99951171875,0.9957537154989384
0.35,0.75,1,48,0.9812680115273775,0.9837322798047874
0.35,0.75,1,54,0.9484833895040924,0.9650512581547064
0.35,0.75,1,60,0.8874458874458875,0.9327124563445868
0.35,0.75,1,66,0.7912358444116199,0.8755672319082876
0.35,0.75,1,72,0.7250247279920871,0.84688995215311
0.35,0.75,1,78,0.6483463035019456,0.7961051149694979
0.35,0.75,1,84,0.5916383082158483,0.7578897786151673
0.35,0.75,1,90,0.5857214680744093,0.7783994162004378
0.35,0.75,1,96,0.5622211204759544,0.7506586826347306
0.35,0.75,1,102,0.5451456310679612,0.7363721804511278
0.35,0.75,1,108,0.5526443474041728,0.749824479288556
0.35,0.75,1,114,0.5511887433284813,0.755868544600939
0.35,0.75,1,120,0.6011530398322851,0.8196804463606391
0.35,0.75,1,126,0.5216065073716319,0.7151649433776465
0.35,0.75,1,132,0.5390107088220296,0.734005905511811
0.35,0.75,1,138,0.5235966219572777,0.7195474241694753
0.35,0.75,1,144,0.5183913683178029,0.7117437722419929
0.35,0.75,1,150,0.5302114803625377,0.7266309639727361
0.35,1.0,0,0,1.0018570102135562,1.0022497187851518
0.35,1.0,0,6,0.99719232569022,0.998863894569416
0.35,1.0,0,12,1.011063011063011,1.0060338825713622
0.35,1.0,0,18,0.9747781410555815,0.9782559456398641
0.35,1.0,0,24,0.9901222953904045,0.990193842645382
0.35,1.0,0,30,0.9947916666666666,0.9910755148741419
0.35,1.0,0,36,0.9694585839888941,0.9697851387645479
0.35,1.0,0,42,0.9761153672825598,0.9738562091503268
0.35,1.0,0,48,0.9713403880070547,0.9760734885708182
0.35,1.0,0,54,0.9685251798561151,0.9830361026533275
0.35,1.0,0,60,0.9286384976525821,0.972936092790539
0.35,1.0,0,66,0.855232826187183,0.9463087248322147
0.35,1.0,0,72,0.7736865738661877,0.911106281243208
0.35,1.0,0,78,0.7263392857142857,0.8979900583531446
0.35,1.0,0,84,0.7014388489208633,0.8968824940047961
0.35,1.0,0,90,0.654179990863408,0.8577424342831897
0.35,1.0,0,96,0.6705444392740809,0.8932191935120523
0.35,1.0,0,102,0.7005535983895319,0.9490740740740741
0.35,1.0,0,108,0.6866866866866866,0.9403925369517809
0.35,1.0,0,114,0.7014314928425358,0.9588061174148989
0.35,1.0,0,120,0.6633712308452793,0.9118562874251497
0.35,1.0,0,126,0.7044868488911811,0.9643302569219256
0.35,1.0,0,132,0.6919896640826874,0.9466201047642804
0.35,1.0,0,138,0.6920326864147089,0.9544103072348861
0.35,1.0,0,144,0.6743602609131962,0.928919182083739
0.35,1.0,0,150,0.6768231768231768,0.9342041606192549
0.35,1.0,1,0,0.9949238578680203,0.9957446808510638
0.35,1.0,1,6,0.976,0.9783253479352042
0.35,1.0,1,12,0.9924457034938622,0.9920109564026478
0.35,1.0,1,18,0.9721829325789721,0.9689851767388825
0.35,1.0,1,24,0.9726295210166178,0.9680624556422995
0.35,1.0,1,30,0.9282639885222381,0.924196903166166
0.35,1.0,1,36,0.9474689589302769,0.9456270245256826
0.35,1.0,1,42,0.9599609375,0.9598962019344185
0.35,1.0,1,48,0.9510086455331412,0.9530560074366721
0.35,1.0,1,54,0.9581126624939817,0.9718080149114632
0.35,1.0,1,60,0.9033189033189033,0.9452852153667055
0.35,1.0,1,66,0.8498276710979813,0.9407690470503941
0.35,1.0,1,72,0.7957467853610287,0.9382775119617225
0.35,1.0,1,78,0.7188715953307393,0.9035664007508212
0.35,1.0,1,84,0.6985901798736023,0.9142722562411681
0.35,1.0,1,90,0.7295123177476118,0.965215276088543
0.35,1.0,1,96,0.7238472979672781,0.9664670658682635
0.35,1.0,1,102,0.7092233009708738,0.9598214285714286
0.35,1.0,1,108,0.70790878214459,0.9641937748654341
0.35,1.0,1,114,0.6986899563318777,0.9593896713615023
0.35,1.0,1,120,0.7416142557651991,1.0192746639614507
0.35,1.0,1,126,0.7437722419928826,1.0248645987198424
0.35,1.0,1,132,0.7633860275369709,1.0423228346456692
0.35,1.0,1,138,0.7327372081470442,1.0077034183919114
0.35,1.0,1,144,0.6812162824914174,0.9345195729537367
0.35,1.0,1,150,0.716515609264854,0.9834469328140214
0.35,1.25,0,0,1.0,1.0017997750281216
0.35,1.25,0,6,0.9943846513804399,0.9993183367416496
0.35,1.25,0,12,1.0360750360750361,1.0334184265490833
0.35,1.25,0,18,0.9943951424567959,0.9929784824462061
0.35,1.25,0,24,1.0103480714957667,1.0086659064994299
0.35,1.25,0,30,1.0014204545454546,0.9988558352402745
0.35,1.25,0,36,0.981952799629801,0.9800805729632945
0.35,1.25,0,42,0.9161784587652095,0.9126361655773421
0.35,1.25,0,48,0.8990299823633157,0.9017303994872891
0.35,1.25,0,54,0.9069244604316546,0.9214876033057852
0.35,1.25,0,60,0.9014084507042254,0.9470093245394587
0.35,1.25,0,66,0.8736745043798986,0.9691275167785235
0.35,1.25,0,72,0.8105074090704985,0.9532710280373832
0.35,1.25,0,78,0.7736607142857143,0.958288307758807
0.35,1.25,0,84,0.7837230215827338,1.014170481796381
0.35,1.25,0,90,0.8053905893101873,1.068478020764303
0.35,1.25,0,96,0.8157282456956724,1.0973192160396485
0.35,1.25,0,102,0.8882737795671867,1.2051656920077973
0.35,1.25,0,108,0.9069069069069069,1.2343106372667798
0.35,1.25,0,114,0.9330265848670757,1.2723236309817465
0.35,1.25,0,120,0.8759268413247652,1.1976047904191616
0.35,1.25,0,126,0.9143888602372356,1.2511848341232228
0.35,1.25,0,132,0.9183462532299742,1.2491893240209528
0.35,1.25,0,138,0.9269662921348315,1.2678394449950445
0.35,1.25,0,144,0.9272453587556447,1.2750730282375853
0.35,1.25,0,150,0.9295704295704296,1.2810836961780359
0.35,1.25,1,0,0.9912321181356715,0.993952967525196
0.35,1.25,1,6,0.9844705882352941,0.9849418206707734
0.35,1.25,1,12,0.9759206798866855,0.9728372517690025
0.35,1.25,1,18,1.00990099009901,1.0072976054732041
0.35,1.25,1,24,0.9530791788856305,0.9517388218594748
0.35,1.25,1,30,0.9340028694404591,0.9290501502195516
0.35,1.25,1,36,0.944603629417383,0.9416936603424341
0.35,1.25,1,42,0.97509765625,0.9700401037980656
0.35,1.25,1,48,0.9817483189241114,0.9821055077852661
0.35,1.25,1,54,0.9744824265767934,0.9913793103448276
0.35,1.25,1,60,0.9692159692159692,1.0225844004656577
0.35,1.25,1,66,0.9350073855243722,1.0415572008598042
0.35,1.25,1,72,0.8976261127596439,1.063397129186603
0.35,1.25,1,78,0.8176070038910506,1.011731581417175
0.35,1.25,1,84,0.7856101118133204,1.0221384832783798
0.35,1.25,1,90,0.8250377073906485,1.1026514230114328
0.35,1.25,1,96,0.8309370352007932,1.1195209580838323
0.35,1.25,1,102,0.8135922330097087,1.106907894736842
0.35,1.25,1,108,0.8209606986899564,1.1193540837818863
0.35,1.25,1,114,0.8083454633672974,1.1103286384976525
0.35,1.25,1,120,0.8553459119496856,1.1722039056555922
0.35,1.25,1,126,0.8408744280630401,1.1514032496307238
0.35,1.25,1,132,0.8393676695563488,1.1505905511811023
0.35,1.25,1,138,0.8231495280675608,1.1352912855079442
0.35,1.25,1,144,0.8396272682687592,1.1489916963226572
0.35,1.25,1,150,0.8731117824773413,1.194255111976631
0.35,1.5,0,0,1.0,1.0
0.35,1.5,0,6,0.9934487599438465,0.994546693933197
0.35,1.5,0,12,1.0187590187590188,1.014620561615224
0.35,1.5,0,18,0.9929939280709948,0.9925254813137033
0.35,1.5,0,24,0.9995296331138288,1.001140250855188
0.35,1.5,0,30,1.0,0.9979405034324943
0.35,1.5,0,36,0.966682091624248,0.9653088630259624
0.35,1.5,0,42,0.925191527715187,0.9228758169934641
0.35,1.5,0,48,0.923721340388007,0.924802392651143
0.35,1.5,0,54,0.9532374100719424,0.9717268377555459
0.35,1.5,0,60,1.0023474178403755,1.055719808960655
0.35,1.5,0,66,0.9608114338404795,1.07248322147651
0.35,1.5,0,72,0.8985181859003143,1.066507281025864
0.35,1.5,0,78,0.8821428571428571,1.0976874864923276
0.35,1.5,0,84,0.8898381294964028,1.1495530848048834
0.35,1.5,0,90,0.9049794426678849,1.200132538104705
0.35,1.5,0,96,0.9450907398790135,1.262897048884884
0.35,1.5,0,102,1.0161046804227478,1.3696393762183237
0.35,1.5,0,108,1.0235235235235236,1.3905984976980859
0.35,1.5,0,114,1.0567484662576687,1.442032560434139
0.35,1.5,0,120,1.0286702916460702,1.4093413173652694
0.35,1.5,0,126,1.0928313563692624,1.4946370666001496
0.35,1.5,0,132,1.1136950904392764,1.5240708406086305
0.35,1.5,0,138,0.9805924412665986,1.3520812685827552
0.35,1.5,0,144,1.0040140491721024,1.38412852969815
0.35,1.5,0,150,1.020979020979021,1.403725205611998
0.35,1.5,1,0,1.0,1.0
0.35,1.5,1,6,1.0,1.0
0.35,1.5,1,12,1.001416430594901,0.9990869664460169
0.35,1.5,1,18,0.9891560584629892,0.9872291904218928
0.35,1.5,1,24,0.9594330400782014,0.9588360539389638
0.35,1.5,1,30,0.9689143950263032,0.9648717356135891
0.35,1.5,1,36,0.9799426934097422,0.9805645534474781
0.35,1.5,1,42,1.021484375,1.0176928520877566
0.35,1.5,1,48,1.0244956772334295,1.028119916337439
0.35,1.5,1,54,1.0606644198363024,1.0801491146318734
0.35,1.5,1,60,1.03992303992304,1.0963911525029104
0.35,1.5,1,66,1.035450516986706,1.1530929066157154
0.35,1.5,1,72,0.9915924826904056,1.168421052631579
0.35,1.5,1,78,0.9571984435797666,1.1900516189582355
0.35,1.5,1,84,0.9402041808458921,1.2183231276495525
0.35,1.5,1,90,0.9934640522875817,1.3142787642909268
0.35,1.5,1,96,0.9826474962816063,1.3233532934131738
0.35,1.5,1,102,0.962135922330097,1.3038063909774436
0.35,1.5,1,108,0.9631246967491509,1.313362976831266
0.35,1.5,1,114,0.9864143619602135,1.350469483568075
0.35,1.5,1,120,1.0859538784067087,1.482881055034238
0.35,1.5,1,126,1.0396542958820538,1.4251600196947316
0.35,1.5,1,132,1.0566037735849056,1.4466043307086613
0.35,1.5,1,138,1.0228514654744163,1.4041887337506018
0.35,1.5,1,144,0.9970573810691515,1.368208778173191
0.35,1.5,1,150,1.0659617321248742,1.4615384615384615
0.35,1.75,0,0,1.0078922934076138,1.009673790776153
0.35,1.75,0,6,1.0018717828731867,1.0047716428084525
0.35,1.75,0,12,0.9889369889369889,0.9839870039452309
0.35,1.75,0,18,0.9715086408220458,0.973272933182333
0.35,1.75,0,24,0.9943555973659455,0.9940706955530216
0.35,1.75,0,30,0.9739583333333334,0.9697940503432494
0.35,1.75,0,36,0.9426191577973161,0.9391226499552372
0.35,1.75,0,42,0.9076160432627309,0.9052287581699346
0.35,1.75,0,48,0.8791887125220459,0.8805810724204229
0.35,1.75,0,54,0.927158273381295,0.941278816876903
0.35,1.75,0,60,1.0220657276995304,1.071412326586309
0.35,1.75,0,66,0.9764868603042877,1.101565995525727
0.35,1.75,0,72,0.9151324651998204,1.1034557704846772
0.35,1.75,0,78,0.8825892857142857,1.1372379511562567
0.35,1.75,0,84,0.887589928057554,1.2071070416394158
0.35,1.75,0,90,0.9634536317953404,1.3032913629335101
0.35,1.75,0,96,1.003257328990228,1.3550349177742735
0.35,1.75,0,102,1.0770005032712633,1.46588693957115
0.35,1.75,0,108,1.0665665665665667,1.4560213229949115
0.35,1.75,0,114,1.096114519427403,1.4967932905772077
0.35,1.75,0,120,1.0682155215027187,1.4697005988023952
0.35,1.75,0,126,1.1758638473439917,1.6066350710900474
0.35,1.75,0,132,1.2191214470284237,1.6557745073584436
0.35,1.75,0,138,1.215526046986721,1.6741823587710605
0.35,1.75,0,144,1.1986954340190668,1.6504381694255112
0.35,1.75,0,150,1.101898101898102,1.5145137880986939
0.35,1.75,1,0,1.004614674665436,1.005599104143337
0.35,1.75,1,6,1.019764705882353,1.0196212639744466
0.35,1.75,1,12,1.0212464589235128,1.0200867381876284
0.35,1.75,1,18,1.0117868929750118,1.014139110604333
0.35,1.75,1,24,1.0640273704789833,1.0650579607286492
0.35,1.75,1,30,1.0473457675753228,1.0446036514906403
0.35,1.75,1,36,1.051098376313276,1.0502082369273484
0.35,1.75,1,42,1.07470703125,1.0719509318235434
0.35,1.75,1,48,1.1027857829010568,1.106902161282826
0.35,1.75,1,54,1.156957149735195,1.1763746505125816
0.35,1.75,1,60,1.1457431457431457,1.2218859138533178
0.35,1.75,1,66,1.136878385032004,1.2770480057320277
0.35,1.75,1,72,1.129574678536103,1.3377990430622009
0.35,1.75,1,78,1.107490272373541,1.3784608165180667
0.35,1.75,1,84,1.118133203694701,1.463259538389072
0.35,1.75,1,90,1.18350930115636,1.5740695694478228
0.35,1.75,1,96,1.228061477441745,1.647185628742515
0.35,1.75,1,102,1.095631067961165,1.488486842105263
0.35,1.75,1,108,1.1295487627365357,1.5450503159372806
0.35,1.75,1,114,1.1669092673459485,1.597887323943662
0.35,1.75,1,120,1.2914046121593292,1.7661678924676643
0.35,1.75,1,126,1.2313167259786477,1.6846381093057607
0.35,1.75,1,132,1.2192758796532381,1.6695374015748032
0.35,1.75,1,138,1.2116244411326378,1.6651420317766008
0.35,1.75,1,144,1.213339872486513,1.6704626334519572
0.35,1.75,1,150,1.2280966767371602,1.6850048685491723
0.35,2.0,0,0,1.0078922934076138,1.00607424071991
0.35,2.0,0,6,0.9873654656059897,0.9900022722108611
0.35,2.0,0,12,1.0091390091390091,1.0037131585054537
0.35,2.0,0,18,1.0009341429238674,1.0006795016987542
0.35,2.0,0,24,0.9962370649106302,0.9958950969213227
0.35,2.0,0,30,1.0009469696969697,1.0006864988558353
0.35,2.0,0,36,0.985654789449329,0.9818710832587287
0.35,2.0,0,42,0.9923388913925192,0.9893246187363834
0.35,2.0,0,48,0.9977954144620811,1.0014954069643238
0.35,2.0,0,54,1.0409172661870503,1.0576337538060026
0.35,2.0,0,60,1.1150234741784038,1.1698885603820788
0.35,2.0,0,66,1.0562471184877824,1.198434004474273
0.35,2.0,0,72,1.004041311180961,1.216909367528798
0.35,2.0,0,78,1.0178571428571428,1.2749081478279662
0.35,2.0,0,84,1.0202338129496402,1.3257030739045128
0.35,2.0,0,90,1.092736409319324,1.43870112657389
0.35,2.0,0,96,1.1489064681247092,1.5278215814372607
0.35,2.0,0,102,1.253145445395068,1.6927387914230019
0.35,2.0,0,108,1.2682682682682682,1.7223164526290284
0.35,2.0,0,114,1.331799591002045,1.8209176122348298
0.35,2.0,0,120,1.3079584775086506,1.7925748502994012
0.35,2.0,0,126,1.4007220216606497,1.9139436268396108
0.35,2.0,0,132,1.4180878552971576,1.9304065851833374
0.35,2.0,0,138,1.432073544433095,1.960356788899901
0.35,2.0,0,144,1.4320120421475162,1.9683544303797469
0.35,2.0,0,150,1.364135864135864,1.873971940009676
0.35,2.0,1,0,0.9963082602676512,1.0
0.35,2.0,1,6,1.024,1.023728040155145
0.35,2.0,1,12,0.9933899905571294,0.9910979228486647
0.35,2.0,1,18,0.9858557284299858,0.9847206385404789
0.35,2.0,1,24,1.013685239491691,1.01277501774308
0.35,2.0,1,30,0.9684361549497847,0.9655650566212156
0.35,2.0,1,36,0.9990448901623686,0.9972235076353541
0.35,2.0,1,42,1.0439453125,1.0405756074545884
0.35,2.0,1,48,1.0754082612872238,1.0783174529398094
0.35,2.0,1,54,1.1097737120847375,1.1286113699906803
0.35,2.0,1,60,1.121212121212121,1.191385331781141
0.35,2.0,1,66,1.1265386509108812,1.2717936470026272
0.35,2.0,1,72,1.1078140454995054,1.3308612440191387
0.35,2.0,1,78,1.1035992217898833,1.3775222900046926
0.35,2.0,1,84,1.1244530870199319,1.4625529910504005
0.35,2.0,1,90,1.1825037707390649,1.572610070542447
0.35,2.0,1,96,1.181457610312345,1.5889820359281437
0.35,2.0,1,102,1.149514563106796,1.5641447368421053
0.35,2.0,1,108,1.1688500727802038,1.593962087526328
0.35,2.0,1,114,1.2018437651625424,1.6413145539906104
0.35,2.0,1,120,1.3453878406708595,1.8435201623129596
0.35,2.0,1,126,1.3319776309100153,1.830379123584441
0.35,2.0,1,132,1.3059663437021927,1.7878937007874016
0.35,2.0,1,138,1.3075012419274714,1.794174289841117
0.35,2.0,1,144,1.3089749877390877,1.792170818505338
0.35,2.0,1,150,1.339375629405841,1.8388510223953263
0.35,2.25,0,0,0.9948932219127206,0.997525309336333
0.35,2.25,0,6,0.9901731399157697,0.9904567143830948
0.35,2.25,0,12,1.0057720057720059,1.0027848688790904
0.35,2.25,0,18,0.9925268566090611,0.9947904869762174
0.35,2.25,0,24,1.0230479774223895,1.0244013683010262
0.35,2.25,0,30,1.0113636363636365,1.0093821510297483
0.35,2.25,0,36,1.024988431281814,1.0235004476275738
0.35,2.25,0,42,1.021180712032447,1.017211328976035
0.35,2.25,0,48,1.0511463844797178,1.054261909848323
0.35,2.25,0,54,1.1124100719424461,1.140713353632014
0.35,2.25,0,60,1.1356807511737088,1.245167159426882
0.35,2.25,0,66,1.0507146150299678,1.2791946308724833
0.35,2.25,0,72,1.0130220026942074,1.311019343620952
0.35,2.25,0,78,1.0732142857142857,1.3795115625675383
0.35,2.25,0,84,1.1263489208633093,1.4776542402441684
0.35,2.25,0,90,1.1836455002284147,1.5632869449966866
0.35,2.25,0,96,1.2145183806421591,1.6350529398513178
0.35,2.25,0,102,1.3512833417211878,1.8365009746588694
0.35,2.25,0,108,1.3568568568568569,1.850496728858735
0.35,2.25,0,114,1.429959100204499,1.9511593487913172
0.35,2.25,0,120,1.32377656945131,1.8174850299401197
0.35,2.25,0,126,1.4115523465703972,1.9363931154901473
0.35,2.25,0,132,1.4294573643410853,1.95460214517336
0.35,2.25,0,138,1.4290091930541369,1.9675421209117938
0.35,2.25,0,144,1.3707977922729553,1.8843719571567672
0.35,2.25,0,150,1.3616383616383616,1.8742138364779874
0.35,2.25,1,0,1.0009229349330873,1.0031354983202687
0.35,2.25,1,6,1.0042352941176471,1.0061601642710472
0.35,2.25,1,12,1.018413597733711,1.0189454462451495
0.35,2.25,1,18,1.0018859028760019,0.9995438996579248
0.35,2.25,1,24,1.0317693059628543,1.0324106931629997
0.35,2.25,1,30,0.9516977522716403,0.9486942454356367
0.35,2.25,1,36,0.9780324737344794,0.9747801943544655
0.35,2.25,1,42,1.04248046875,1.041519226232602
0.35,2.25,1,48,1.0172910662824208,1.021612828259354
0.35,2.25,1,54,1.0423688011555128,1.0626747437092265
0.35,2.25,1,60,1.03992303992304,1.1373690337601863
0.35,2.25,1,66,1.0157557853274248,1.2116073561022211
0.35,2.25,1,72,0.9129574678536103,1.2617224880382776
0.35,2.25,1,78,0.8633268482490273,1.2951665884561239
0.35,2.25,1,84,0.9445794846864366,1.3780028261893547
0.35,2.25,1,90,1.0945198592257417,1.5086353685234737
0.35,2.25,1,96,1.135845314823996,1.5403592814371256
0.35,2.25,1,102,1.1286407766990292,1.5397086466165413
0.35,2.25,1,108,1.1426491994177583,1.5555815586239177
0.35,2.25,1,114,1.1843765162542454,1.6204225352112676
0.35,2.25,1,120,1.2819706498951782,1.7692112604615775
0.35,2.25,1,126,1.291814946619217,1.7678483505662235
0.35,2.25,1,132,1.3018867924528301,1.7763287401574803
0.35,2.25,1,138,1.2796820665673125,1.7597496389022629
0.35,2.25,1,144,1.2908288376655224,1.7679715302491104
0.35,2.25,1,150,1.3157099697885197,1.8074488802336903
0.35,2.5,0,0,0.9944289693593314,0.9961754780652419
0.35,2.5,0,6,1.0051474029012635,1.0074982958418541
0.35,2.5,0,12,0.9947089947089947,0.9911812485495475
0.35,2.5,0,18,0.9724427837459131,0.9712344280860702
0.35,2.5,0,24,0.9896519285042333,0.9913340935005701
0.35,2.5,0,30,1.0151515151515151,1.0105263157894737
0.35,2.5,0,36,0.983341045812124,0.9807520143240823
0.35,2.5,0,42,0.9914375844975214,0.9908496732026144
0.35,2.5,0,48,1.0321869488536155,1.033112582781457
0.35,2.5,0,54,1.058453237410072,1.0776424532405393
0.35,2.5,0,60,1.06056338028169,1.1730725494655447
0.35,2.5,0,66,0.9446749654218534,1.1926174496644295
0.35,2.5,0,72,0.8450830713964975,1.2158226472505977
0.35,2.5,0,78,0.85625,1.2850659174411065
0.35,2.5,0,84,0.9514388489208633,1.3784608676695007
0.35,2.5,0,90,1.0657834627683873,1.47117296222664
0.35,2.5,0,96,1.1275011633317822,1.5638657355260193
0.35,2.5,0,102,1.2929038751887267,1.7587719298245614
0.35,2.5,0,108,1.3068068068068068,1.7807123818754542
0.35,2.5,0,114,1.3813905930470347,1.8813517513566849
0.35,2.5,0,120,1.3489866534849233,1.851497005988024
0.35,2.5,0,126,1.329035585353275,1.8251434272886007
0.35,2.5,0,132,1.372093023255814,1.8790222000498877
0.35,2.5,0,138,1.3912155260469867,1.9184836471754212
0.35,2.5,0,144,1.381334671349724,1.899464459591042
0.35,2.5,0,150,1.3021978021978022,1.7885824866956943
0.35,2.5,1,0,1.0,1.002239641657335
0.35,2.5,1,6,1.0216470588235294,1.0205338809034907
0.35,2.5,1,12,0.9844192634560907,0.9821958456973294
0.35,2.5,1,18,1.0018859028760019,1.0025085518814139
0.35,2.5,1,24,1.0259042033235581,1.0260231842914596
0.35,2.5,1,30,0.9626972740315638,0.9607118095678299
0.35,2.5,1,36,0.9742120343839542,0.97686256362795
0.35,2.5,1,42,1.05859375,1.0552016985138004
0.35,2.5,1,48,1.0787704130643612,1.0838949570067395
0.35,2.5,1,54,1.1179585941261434,1.156570363466915
0.35,2.5,1,60,1.0865800865800865,1.2041909196740397
0.35,2.5,1,66,1.0024618414574102,1.290900406018629
0.35,2.5,1,72,0.973293768545994,1.362200956937799
0.35,2.5,1,78,0.9683852140077821,1.4211637728765838
0.35,2.5,1,84,1.0379192999513855,1.5136599152143193
0.35,2.5,1,90,1.2031171442936148,1.658477256142058
0.35,2.5,1,96,1.270699058006941,1.705868263473054
0.35,2.5,1,102,1.2563106796116505,1.7102913533834587
0.35,2.5,1,108,1.2882096069868996,1.7563772525157968
0.35,2.5,1,114,1.3076176613294517,1.7936619718309859
0.35,2.5,1,120,1.4533542976939204,1.9875729140248541
0.35,2.5,1,126,1.4224707676664972,1.950270802560315
0.35,2.5,1,132,1.450790413054564,1.9808070866141732
0.35,2.5,1,138,1.4247391952309985,1.958353394318729
0.35,2.5,1,144,1.4315841098577735,1.9670225385527877
0.35,2.5,1,150,1.4949647532729105,2.0479552093476143
0.45,0.5,0,0,1.011606313834726,1.01214848143982
0.45,0.5,0,6,0.9939167056621432,0.9938650306748467
0.45,0.5,0,12,0.9826839826839827,0.9805059178463681
0.45,0.5,0,18,0.9645025688930406,0.9637599093997735
0.45,0.5,0,24,0.9731890874882408,0.9719498289623717
0.45,0.5,0,30,0.9640151515151515,0.9597254004576659
0.45,0.5,0,36,0.944932901434521,0.9442703670546105
0.45,0.5,0,42,0.8454258675078864,0.8440087145969499
0.45,0.5,0,48,0.8196649029982364,0.8186284981841487
0.45,0.5,0,54,0.7585431654676259,0.7751196172248804
0.45,0.5,0,60,0.7215962441314554,0.7625653854901069
0.45,0.5,0,66,0.6353158137390502,0.7064876957494407
0.45,0.5,0,72,0.5478221823080377,0.6370354270810693
0.45,0.5,0,78,0.49508928571428573,0.5964988113248325
0.45,0.5,0,84,0.4613309352517986,0.5718334423370395
0.45,0.5,0,90,0.4403837368661489,0.5615197702672852
0.45,0.5,0,96,0.4346207538389949,0.5649921153412931
0.45,0.5,0,102,0.4489179667840966,0.5986842105263158
0.45,0.5,0,108,0.4269269269269269,0.5752362490913496
0.45,0.5,0,114,0.4534764826175869,0.610014800197336
0.45,0.5,0,120,0.4522985664854177,0.6162874251497006
0.45,0.5,0,126,0.45435791645177925,0.6148665502619107
0.45,0.5,0,132,0.4532299741602067,0.6181092541780993
0.45,0.5,0,138,0.4606741573033708,0.627601585728444
0.45,0.5,0,144,0.44706472654290014,0.615141187925998
0.45,0.5,0,150,0.44955044955044954,0.6175616835994194
0.45,0.5,1,0,1.0050761421319796,1.0094064949608064
0.45,0.5,1,6,0.9943529411764706,0.9936116814966918
0.45,0.5,1,12,0.993862134088763,0.991782698014152
0.45,0.5,1,18,0.9778406412069779,0.9781071835803877
0.45,0.5,1,24,0.9838709677419355,0.9836763662171752
0.45,0.5,1,30,0.973218555714969,0.9690316616593483
0.45,0.5,1,36,0.9297994269340975,0.9273484497917631
0.45,0.5,1,42,0.92333984375,0.9209719273413541
0.45,0.5,1,48,0.840057636887608,0.8445270741343249
0.45,0.5,1,54,0.7958594126143477,0.8119757688723206
0.45,0.5,1,60,0.6984126984126984,0.740395809080326
0.45,0.5,1,66,0.6253077301821762,0.6990685454979699
0.45,0.5,1,72,0.5647873392680515,0.6633971291866029
0.45,0.5,1,78,0.5063229571984436,0.6269357109338339
0.45,0.5,1,84,0.44385026737967914,0.5741874705605275
0.45,0.5,1,90,0.4384112619406737,0.5767453174410119
0.45,0.5,1,96,0.43976202280614773,0.5844311377245509
0.45,0.5,1,102,0.41699029126213594,0.5657894736842105
0.45,0.5,1,108,0.4129063561377972,0.5626023870816756
0.45,0.5,1,114,0.4143619602134886,0.5666666666666667
0.45,0.5,1,120,0.45440251572327045,0.6216079127567842
0.45,0.5,1,126,0.4550076258261312,0.619645494830133
0.45,0.5,1,132,0.465068842427333,0.6291830708661418
0.45,0.5,1,138,0.4570293094883259,0.6283100625902744
0.45,0.5,1,144,0.45855811672388425,0.631079478054567
0.45,0.5,1,150,0.4551863041289023,0.621713729308666
0.45,0.75,0,0,1.001392757660167,1.0020247469066366
0.45,0.75,0,6,0.9953205428170332,0.9997727789138832
0.45,0.75,0,12,1.0327080327080327,1.029009050823857
0.45,0.75,0,18,0.9789817842129845,0.9805209513023783
0.45,0.75,0,24,0.9797742238946379,0.9808437856328392
0.45,0.75,0,30,0.9962121212121212,0.9940503432494279
0.45,0.75,0,36,0.9541878759833411,0.9496418979409131
0.45,0.75,0,42,0.9296980621901757,0.9246187363834423
0.45,0.75,0,48,0.8849206349206349,0.8886989959410383
0.45,0.75,0,54,0.8313848920863309,0.84688995215311
0.45,0.75,0,60,0.7892018779342723,0.8342051398680919
0.45,0.75,0,66,0.7169202397418165,0.8013422818791947
0.45,0.75,0,72,0.6277503367759317,0.7402738535101065
0.45,0.75,0,78,0.5379464285714286,0.6609033931272963
0.45,0.75,0,84,0.4914568345323741,0.6291693917593199
0.45,0.75,0,90,0.5052535404294198,0.6573889993373094
0.45,0.75,0,96,0.504885993485342,0.6690696102725839
0.45,0.75,0,102,0.5420231504781077,0.7290448343079922
0.45,0.75,0,108,0.5495495495495496,0.7509086503513448
0.45,0.75,0,114,0.5547034764826176,0.7523433645781944
0.45,0.75,0,120,0.5546218487394958,0.7580838323353294
0.45,0.75,0,126,0.5745229499742135,0.7817410825642305
0.45,0.75,0,132,0.5850129198966408,0.7964579695684709
0.45,0.75,0,138,0.5817160367722165,0.7950941526263627
0.45,0.75,0,144,0.5845459106874059,0.8011197663096398
0.45,0.75,0,150,0.5884115884115884,0.8084179970972424
0.45,0.75,1,0,0.9949238578680203,0.9975363941769317
0.45,0.75,1,6,1.0230588235294118,1.0266940451745379
0.45,0.75,1,12,1.040604343720491,1.0383474092672906
0.45,0.75,1,18,1.0132013201320131,1.0107183580387686
0.45,0.75,1,24,1.0698924731182795,1.0676602791577952
0.45,0.75,1,30,1.0301291248206599,1.026115091287266
0.45,0.75,1,36,1.0171919770773639,1.01388246182323
0.45,0.75,1,42,0.9931640625,0.9919792403868837
0.45,0.75,1,48,0.9596541786743515,0.9623518475482221
0.45,0.75,1,54,0.9239287433798749,0.9415191053122087
0.45,0.75,1,60,0.8581048581048581,0.9138533178114087
0.45,0.75,1,66,0.7769571639586411,0.8786720802483878
0.45,0.75,1,72,0.6879327398615233,0.8224880382775119
0.45,0.75,1,78,0.5787937743190662,0.7238385734396997
0.45,0.75,1,84,0.5454545454545454,0.7107866227037212
0.45,0.75,1,90,0.5575666163901458,0.7399659450255412
0.45,0.75,1,96,0.5285076846802181,0.7089820359281437
0.45,0.75,1,102,0.5131067961165049,0.6983082706766918
0.45,0.75,1,108,0.517224648229015,0.7039550666978703
0.45,0.75,1,114,0.5240174672489083,0.715962441314554
0.45,0.75,1,120,0.5723270440251572,0.7849353284301294
0.45,0.75,1,126,0.5693950177935944,0.7813884785819794
0.45,0.75,1,132,0.5874553799082101,0.7994586614173228
0.45,0.75,1,138,0.568802781917536,0.7787674530572942
0.45,0.75,1,144,0.5605689063266307,0.766073546856465
0.45,0.75,1,150,0.5715005035246727,0.7870009737098345
0.45,1.0,0,0,1.0018570102135562,1.0022497187851518
0.45,1.0,0,6,0.99719232569022,0.998863894569416
0.45,1.0,0,12,1.011063011063011,1.0060338825713622
0.45,1.0,0,18,0.9757122839794489,0.9780294450736127
0.45,1.0,0,24,0.989181561618062,0.9913340935005701
0.45,1.0,0,30,0.9621212121212122,0.962929061784897
0.45,1.0,0,36,0.970846830171217,0.9666517457475381
0.45,1.0,0,42,0.9224876070301938,0.9213507625272331
0.45,1.0,0,48,0.8721340388007055,0.8782311471907712
0.45,1.0,0,54,0.8817446043165468,0.8997390169638974
0.45,1.0,0,60,0.7713615023474178,0.8171480554923811
0.45,1.0,0,66,0.722913785154449,0.8062639821029083
0.45,1.0,0,72,0.6663673102828918,0.7809171919148011
0.45,1.0,0,78,0.6325892857142857,0.7769613140263669
0.45,1.0,0,84,0.6052158273381295,0.7743623283191629
0.45,1.0,0,90,0.592964824120603,0.7777777777777778
0.45,1.0,0,96,0.5998138669148441,0.802658256364046
0.45,1.0,0,102,0.6386512330145949,0.8723196881091618
0.45,1.0,0,108,0.6376376376376376,0.8684274291252726
0.45,1.0,0,114,0.6554192229038854,0.8914652195362605
0.45,1.0,0,120,0.5991102323282254,0.8203592814371258
0.45,1.0,0,126,0.62867457452295,0.8530805687203792
0.45,1.0,0,132,0.6015503875968993,0.8176602644050885
0.45,1.0,0,138,0.59244126659857,0.8104558969276512
0.45,1.0,0,144,0.5890617160060211,0.804284323271665
0.45,1.0,0,150,0.5909090909090909,0.8067247218190614
0.45,1.0,1,0,0.9949238578680203,0.9957446808510638
0.45,1.0,1,6,0.976,0.9783253479352042
0.45,1.0,1,12,0.9924457034938622,0.9920109564026478
0.45,1.0,1,18,0.9891560584629892,0.9863169897377423
0.45,1.0,1,24,1.0141739980449658,1.010409273716584
0.45,1.0,1,30,0.9803921568627451,0.9787381557661197
0.45,1.0,1,36,0.9426934097421203,0.9416936603424341
0.45,1.0,1,42,0.9912109375,0.9872611464968153
0.45,1.0,1,48,0.9903938520653218,0.9937253079247037
0.45,1.0,1,54,0.9191141068849302,0.9394221808014911
0.45,1.0,1,60,0.8460798460798461,0.8987194412107101
0.45,1.0,1,66,0.7730182176267848,0.8695963697157869
0.45,1.0,1,72,0.6785361028684471,0.8069377990430622
0.45,1.0,1,78,0.627431906614786,0.7850774284373534
0.45,1.0,1,84,0.6193485658726301,0.8078191238813001
0.45,1.0,1,90,0.6264454499748617,0.8314278764290927
0.45,1.0,1,96,0.6222112047595438,0.838562874251497
0.45,1.0,1,102,0.6053398058252427,0.8179041353383458
0.45,1.0,1,108,0.5992236778262979,0.814884156330447
0.45,1.0,1,114,0.6103833090732654,0.8328638497652582
0.45,1.0,1,120,0.6441299790356394,0.884352016231296
0.45,1.0,1,126,0.6522623284189121,0.8931560807483998
0.45,1.0,1,132,0.6772055073941866,0.921013779527559
0.45,1.0,1,138,0.6552409339294585,0.894077997111218
0.45,1.0,1,144,0.6532614026483571,0.8920521945432978
0.45,1.0,1,150,0.675730110775428,0.9230769230769231
0.45,1.25,0,0,1.0,1.0017997750281216
0.45,1.25,0,6,0.9943846513804399,0.9993183367416496
0.45,1.25,0,12,1.0283790283790284,1.0271524715711302
0.45,1.25,0,18,0.9556282111163008,0.9599093997734994
0.45,1.25,0,24,0.9783631232361242,0.976738882554162
0.45,1.25,0,30,1.006155303030303,1.0011441647597255
0.45,1.25,0,36,0.97686256362795,0.9760519247985676
0.45,1.25,0,42,0.9513294276701216,0.94880174291939
0.45,1.25,0,48,0.9470899470899471,0.9497970519119846
0.45,1.25,0,54,0.947841726618705,0.9693344932579382
0.45,1.25,0,60,0.9690140845070423,1.0245622015010234
0.45,1.25,0,66,0.91701244813278,1.0243847874720358
0.45,1.25,0,72,0.8491243825774585,1.0063029776135624
0.45,1.25,0,78,0.8191964285714286,1.0138318564944888
0.45,1.25,0,84,0.7778776978417267,0.9969478962284718
0.45,1.25,0,90,0.7775239835541343,1.0174508504528386
0.45,1.25,0,96,0.7780362959516054,1.0369452579409777
0.45,1.25,0,102,0.7966784096628082,1.0791910331384016
0.45,1.25,0,108,0.8153153153153153,1.1114611097649625
0.45,1.25,0,114,0.8588957055214724,1.1743956586087814
0.45,1.25,0,120,0.837864557587741,1.155688622754491
0.45,1.25,0,126,0.8927282104177411,1.2249937640309303
0.45,1.25,0,132,0.9162790697674419,1.2494387627837367
0.45,1.25,0,138,0.9080694586312564,1.2477700693756195
0.45,1.25,0,144,0.8389362769693929,1.157010710808179
0.45,1.25,0,150,0.8366633366633367,1.1480406386066764
0.45,1.25,1,0,0.9912321181356715,0.993952967525196
0.45,1.25,1,6,0.9844705882352941,0.9849418206707734
0.45,1.25,1,12,0.9759206798866855,0.9728372517690025
0.45,1.25,1,18,1.00990099009901,1.0072976054732041
0.45,1.25,1,24,0.947702834799609,0.9462976105985332
0.45,1.25,1,30,0.9029172644667623,0.9017795239195747
0.45,1.25,1,36,0.9106972301814709,0.9095326237852845
0.45,1.25,1,42,0.94482421875,0.9410238263741448
0.45,1.25,1,48,0.9082612872238233,0.9121543109458518
0.45,1.25,1,54,0.9186326432354357,0.9398881640260951
0.45,1.25,1,60,0.8917748917748918,0.9529685681024447
0.45,1.25,1,66,0.8852781880846874,0.9959398137090996
0.45,1.25,1,72,0.8402571711177053,0.999043062200957
0.45,1.25,1,78,0.7806420233463035,0.9666823087752229
0.45,1.25,1,84,0.7608167233835683,0.9898728214790391
0.45,1.25,1,90,0.7823026646556058,1.040865969350523
0.45,1.25,1,96,0.7521070897372335,1.0150898203592815
0.45,1.25,1,102,0.7131067961165048,0.9678101503759399
0.45,1.25,1,108,0.7244056283357594,0.9873625087760356
0.45,1.25,1,114,0.7370208636584182,1.0086854460093897
0.45,1.25,1,120,0.7824947589098532,1.0730408318539184
0.45,1.25,1,126,0.7671581087951195,1.0551452486459871
0.45,1.25,1,132,0.776134625191229,1.0661909448818898
0.45,1.25,1,138,0.7685047193243915,1.0558497833413578
0.45,1.25,1,144,0.7690044139283962,1.0512455516014234
0.45,1.25,1,150,0.8152064451158106,1.1090555014605648
0.45,1.5,0,0,0.999535747446611,0.9997750281214848
0.45,1.5,0,6,0.9775386055217595,0.9768234492160872
0.45,1.5,0,12,1.0043290043290043,0.9976792759340914
0.45,1.5,0,18,0.9775805698271836,0.9796149490373726
0.45,1.5,0,24,0.9896519285042333,0.9883694412770809
0.45,1.5,0,30,0.9483901515151515,0.9448512585812358
0.45,1.5,0,36,0.9467838963442851,0.9440465532676813
0.45,1.5,0,42,0.9026588553402434,0.9010893246187364
0.45,1.5,0,48,0.91005291005291,0.9124118778038881
0.45,1.5,0,54,0.9348021582733813,0.948238364506307
0.45,1.5,0,60,0.9615023474178404,1.0166022287923584
0.45,1.5,0,66,0.9100968188105117,1.0178970917225951
0.45,1.5,0,72,0.8819039066008083,1.0402086502934145
0.45,1.5,0,78,0.8339285714285715,1.0412794467257402
0.45,1.5,0,84,0.845773381294964,1.0845868759537824
0.45,1.5,0,90,0.8620374600274098,1.1256903026286724
0.45,1.5,0,96,0.8673801768264309,1.1678305924757828
0.45,1.5,0,102,0.9718168092601912,1.317007797270955
0.45,1.5,0,108,0.9629629629629629,1.3142718681851224
0.45,1.5,0,114,0.99079754601227,1.3490379871731624
0.45,1.5,0,120,0.9728126544735541,1.334131736526946
0.45,1.5,0,126,1.040742650850954,1.4255425293090547
0.45,1.5,0,132,1.027390180878553,1.3963581940633574
0.45,1.5,0,138,1.031664964249234,1.4184836471754212
0.45,1.5,0,144,1.019568489713999,1.4048198636806233
0.45,1.5,0,150,1.0274725274725274,1.4119496855345912
0.45,1.5,1,0,1.0,1.0
0.45,1.5,1,6,1.0,1.0
0.45,1.5,1,12,1.001416430594901,0.9990869664460169
0.45,1.5,1,18,0.9891560584629892,0.9872291904218928
0.45,1.5,1,24,0.9403714565004888,0.9399101017269932
0.45,1.5,1,30,0.9583931133428981,0.9547030275017333
0.45,1.5,1,36,0.9340974212034384,0.9326700601573346
0.45,1.5,1,42,0.986328125,0.9853739089407879
0.45,1.5,1,48,0.989433237271854,0.9946548919358587
0.45,1.5,1,54,1.0163697640828118,1.0354147250698975
0.45,1.5,1,60,1.023088023088023,1.0854481955762514
0.45,1.5,1,66,0.9871984244214672,1.1127298781944113
0.45,1.5,1,72,0.9737883283877349,1.1703349282296651
0.45,1.5,1,78,0.9236381322957199,1.164476771468794
0.45,1.5,1,84,0.9047156052503647,1.1940650023551578
0.45,1.5,1,90,0.9411764705882353,1.26198005351496
0.45,1.5,1,96,0.9583539910758553,1.2931736526946107
0.45,1.5,1,102,0.9490291262135923,1.287593984962406
0.45,1.5,1,108,0.9810771470160117,1.3274046337467822
0.45,1.5,1,114,0.970402717127608,1.328169014084507
0.45,1.5,1,120,1.0838574423480083,1.4813593710372812
0.45,1.5,1,126,1.0721911540416877,1.465288035450517
0.45,1.5,1,132,1.0785313615502294,1.47121062992126
0.45,1.5,1,138,1.0680576254346745,1.4622051035146846
0.45,1.5,1,144,1.0765080922020598,1.4735468564650058
0.45,1.5,1,150,1.1002014098690835,1.5063291139240507
0.45,1.75,0,0,1.0078922934076138,1.009673790776153
0.45,1.75,0,6,0.9939167056621432,0.9952283571915473
0.45,1.75,0,12,1.0428090428090429,1.0380598746809004
0.45,1.75,0,18,1.0056048575432042,1.0083805209513024
0.45,1.75,0,24,1.0338664158043274,1.0344355758266819
0.45,1.75,0,30,1.037405303030303,1.032036613272311
0.45,1.75,0,36,0.9865802869042111,0.9836615935541629
0.45,1.75,0,42,0.9598918431726002,0.955119825708061
0.45,1.75,0,48,0.9466490299823633,0.9491561632129887
0.45,1.75,0,54,0.983363309352518,1.0028273162244454
0.45,1.75,0,60,1.0507042253521126,1.1100750511712532
0.45,1.75,0,66,1.0110650069156293,1.1353467561521253
0.45,1.75,0,72,0.9277054333183655,1.1464898935014127
0.45,1.75,0,78,0.9245535714285714,1.1795980116706288
0.45,1.75,0,84,0.9406474820143885,1.2278177458033572
0.45,1.75,0,90,0.9022384650525354,1.1882041086812458
0.45,1.75,0,96,0.9297347603536529,1.2448749718405046
0.45,1.75,0,102,1.0367388022143935,1.4071637426900585
0.45,1.75,0,108,1.0710710710710711,1.458929004119215
0.45,1.75,0,114,1.079243353783231,1.475826344351258
0.45,1.75,0,120,1.070192782995551,1.468502994011976
0.45,1.75,0,126,1.1196493037648272,1.5382888500873035
0.45,1.75,0,132,1.1643410852713179,1.5911698677974557
0.45,1.75,0,138,1.1542390194075587,1.5862239841427155
0.45,1.75,0,144,1.1791269443050678,1.6204965920155794
0.45,1.75,0,150,1.2107892107892109,1.657716497339139
0.45,1.75,1,0,1.004614674665436,1.005599104143337
0.45,1.75,1,6,1.019764705882353,1.0196212639744466
0.45,1.75,1,12,1.0264400377714826,1.0260214562885186
0.45,1.75,1,18,1.0363036303630364,1.0364880273660204
0.45,1.75,1,24,1.0532746823069403,1.0529926661935178
0.45,1.75,1,30,1.0612147297943568,1.0596256066558816
0.45,1.75,1,36,1.036771728748806,1.0388708931050439
0.45,1.75,1,42,1.064453125,1.0615711252653928
0.45,1.75,1,48,1.100864553314121,1.102021845224262
0.45,1.75,1,54,1.131921039961483,1.158434296365331
0.45,1.75,1,60,1.121212121212121,1.1979045401629802
0.45,1.75,1,66,1.1245691777449531,1.2775256747074277
0.45,1.75,1,72,1.112265084075173,1.3428229665071771
0.45,1.75,1,78,1.100194552529183,1.4038010323791648
0.45,1.75,1,84,1.0442391832766165,1.3789448893075835
0.45,1.75,1,90,1.1075917546505782,1.4860131354901485
0.45,1.75,1,96,1.0877540902330194,1.4776047904191616
0.45,1.75,1,102,1.0771844660194174,1.468515037593985
0.45,1.75,1,108,1.0776322173702086,1.4701614790545285
0.45,1.75,1,114,1.1179039301310043,1.5300469483568075
0.45,1.75,1,120,1.2017819706498951,1.6510271366979457
0.45,1.75,1,126,1.2043721403152008,1.65780403741999
0.45,1.75,1,132,1.2218255991840898,1.6680610236220472
0.45,1.75,1,138,1.2141082960755092,1.6663456909003371
0.45,1.75,1,144,1.2143207454634626,1.6645314353499407
0.45,1.75,1,150,1.242195367573011,1.7078870496592016
0.45,2.0,0,0,1.0078922934076138,1.00607424071991
0.45,2.0,0,6,0.9934487599438465,0.9975005680527153
0.45,2.0,0,12,1.0125060125060126,1.0088187514504525
0.45,2.0,0,18,0.9869219990658571,0.9848244620611551
0.45,2.0,0,24,0.9962370649106302,0.994526795895097
0.45,2.0,0,30,1.0255681818181819,1.0219679633867278
0.45,2.0,0,36,1.010643220731143,1.006490599820949
0.45,2.0,0,42,1.003605227579991,1.0013071895424837
0.45,2.0,0,48,0.9969135802469136,1.0012817773979918
0.45,2.0,0,54,1.0337230215827338,1.0541539799913007
0.45,2.0,0,60,1.087323943661972,1.1839890834659996
0.45,2.0,0,66,1.0520977408944214,1.2190156599552573
0.45,2.0,0,72,0.9856308935788056,1.2106063899152357
0.45,2.0,0,78,1.0169642857142858,1.29803328290469
0.45,2.0,0,84,1.0611510791366907,1.3911052975801177
0.45,2.0,0,90,1.1183188670625857,1.473602827479567
0.45,2.0,0,96,1.1112145183806421,1.496958774498761
0.45,2.0,0,102,1.2330145948666331,1.6837231968810915
0.45,2.0,0,108,1.2742742742742743,1.738793312333414
0.45,2.0,0,114,1.322597137014315,1.801677355698076
0.45,2.0,0,120,1.3089471082550668,1.7918562874251498
0.45,2.0,0,126,1.370293965961836,1.872037914691943
0.45,2.0,0,132,1.378811369509044,1.8830132202544276
0.45,2.0,0,138,1.402962206332993,1.9274033696729436
0.45,2.0,0,144,1.3356748620170598,1.8376338851022396
0.45,2.0,0,150,1.3251748251748252,1.8205128205128205
0.45,2.0,1,0,0.9963082602676512,1.0
0.45,2.0,1,6,1.024470588235294,1.0239561943874058
0.45,2.0,1,12,1.0174693106704438,1.0162063455832002
0.45,2.0,1,18,1.0245167373880246,1.0244013683010262
0.45,2.0,1,24,1.0796676441837731,1.0783061272770287
0.45,2.0,1,30,1.0621712099473937,1.060087820660966
0.45,2.0,1,36,1.0162368672397326,1.0150393336418324
0.45,2.0,1,42,1.04833984375,1.0478886529841944
0.45,2.0,1,48,1.0922190201729107,1.0950499651405996
0.45,2.0,1,54,1.1338468945594609,1.1756756756756757
0.45,2.0,1,60,1.1332371332371332,1.2235157159487777
0.45,2.0,1,66,1.0979812900049237,1.3064246477191306
0.45,2.0,1,72,1.0356083086053411,1.366267942583732
0.45,2.0,1,78,1.0442607003891051,1.4138901923979352
0.45,2.0,1,84,1.1302868254739913,1.5077720207253886
0.45,2.0,1,90,1.1955756661639014,1.6117732911700315
0.45,2.0,1,96,1.1998016856717897,1.627065868263473
0.45,2.0,1,102,1.196116504854369,1.636748120300752
0.45,2.0,1,108,1.2581271227559436,1.7088696466183009
0.45,2.0,1,114,1.289665211062591,1.7636150234741783
0.45,2.0,1,120,1.419811320754717,1.9401470961197058
0.45,2.0,1,126,1.4026436197254704,1.9209748892171343
0.45,2.0,1,132,1.4140744518103008,1.9313484251968505
0.45,2.0,1,138,1.416294088425236,1.9427058257101588
0.45,2.0,1,144,1.4296223639038745,1.9553973902728352
0.45,2.0,1,150,1.5080563947633434,2.0671859785783835
0.45,2.25,0,0,0.9948932219127206,0.997525309336333
0.45,2.25,0,6,0.9901731399157697,0.9904567143830948
0.45,2.25,0,12,1.0072150072150072,1.004873520538408
0.45,2.25,0,18,0.9976646426903316,0.9988674971687429
0.45,2.25,0,24,0.993414863593603,0.9952109464082098
0.45,2.25,0,30,0.9502840909090909,0.9494279176201373
0.45,2.25,0,36,0.951874132346136,0.9496418979409131
0.45,2.25,0,42,0.9305993690851735,0.9274509803921569
0.45,2.25,0,48,0.9779541446208113,0.9835505233924375
0.45,2.25,0,54,1.0314748201438848,1.072857764245324
0.45,2.25,0,60,1.0821596244131455,1.1701159881737548
0.45,2.25,0,66,1.0345781466113417,1.2
0.45,2.25,0,72,0.9052537045352492,1.2214735926972398
0.45,2.25,0,78,0.9785714285714285,1.2921979684460774
0.45,2.25,0,84,1.0427158273381294,1.3856551122738172
0.45,2.25,0,90,1.1050708085883965,1.461895294897283
0.45,2.25,0,96,1.1693811074918568,1.561612975895472
0.45,2.25,0,102,1.2692501258178157,1.7139376218323588
0.45,2.25,0,108,1.2767767767767768,1.7339471771262418
0.45,2.25,0,114,1.3123721881390593,1.7955106068080908
0.45,2.25,0,120,1.286702916460702,1.7667065868263474
0.45,2.25,0,126,1.3460546673543063,1.8431030182090298
0.45,2.25,0,132,1.3467700258397932,1.8401097530556247
0.45,2.25,0,138,1.3702757916241062,1.8833002973240833
0.45,2.25,0,144,1.3256397390868038,1.8176728334956183
0.45,2.25,0,150,1.349150849150849,1.8575229801644897
0.45,2.25,1,0,1.0009229349330873,1.0031354983202687
0.45,2.25,1,6,1.0042352941176471,1.0061601642710472
0.45,2.25,1,12,0.9848914069877243,0.982652362474321
0.45,2.25,1,18,0.9820839226779821,0.9792474344355758
0.45,2.25,1,24,1.0361681329423265,1.0331204163709486
0.45,2.25,1,30,1.008130081300813,1.0057776750635545
0.45,2.25,1,36,1.0238777459407833,1.024525682554373
0.45,2.25,1,42,1.0869140625,1.084217975937721
0.45,2.25,1,48,1.122958693563881,1.1308389495700675
0.45,2.25,1,54,1.1449205584978335,1.1754426840633738
0.45,2.25,1,60,1.103896103896104,1.2179278230500583
0.45,2.25,1,66,1.0448055145248647,1.2932887508956292
0.45,2.25,1,72,1.0039564787339268,1.358373205741627
0.45,2.25,1,78,0.9678988326848249,1.4061473486625997
0.45,2.25,1,84,1.0296548371414682,1.4995289684408855
0.45,2.25,1,90,1.1784816490698844,1.6360982729262954
0.45,2.25,1,96,1.2221120475954388,1.6550898203592814
0.45,2.25,1,102,1.2009708737864078,1.6407424812030076
0.45,2.25,1,108,1.2508491023774866,1.7030189562368359
0.45,2.25,1,114,1.2489082969432315,1.7152582159624412
0.45,2.25,1,120,1.3590146750524108,1.8668526502662948
0.45,2.25,1,126,1.3431621759023895,1.845642540620384
0.45,2.25,1,132,1.3258541560428352,1.811023622047244
0.45,2.25,1,138,1.2697466467958272,1.7433798748194511
0.45,2.25,1,144,1.295242766061795,1.7755634638196915
0.45,2.25,1,150,1.3449144008056395,1.8449367088607596
0.45,2.5,0,0,1.0,0.9993250843644544
0.45,2.5,0,6,0.9845577912962097,0.9845489661440582
0.45,2.5,0,12,1.0278980278980279,1.0239034578788582
0.45,2.5,0,18,1.002802428771602,1.0024915062287656
0.45,2.5,0,24,1.0178739416745062,1.017787913340935
0.45,2.5,0,30,1.0146780303030303,1.014187643020595
0.45,2.5,0,36,1.017121702915317,1.013876454789615
0.45,2.5,0,42,1.0117169896349707,1.010239651416122
0.45,2.5,0,48,0.972663139329806,0.9805597094637898
0.45,2.5,0,54,1.0566546762589928,1.0778599391039583
0.45,2.5,0,60,1.1126760563380282,1.1842165112576757
0.45,2.5,0,66,0.9322268326417704,1.2210290827740493
0.45,2.5,0,72,0.8298158958239784,1.2429906542056075
0.45,2.5,0,78,0.8450892857142858,1.2973849146315106
0.45,2.5,0,84,0.9361510791366906,1.3891432308698495
0.45,2.5,0,90,1.0484239378711742,1.4879611221559532
0.45,2.5,0,96,1.1624011167985109,1.5866186077945483
0.45,2.5,0,102,1.307498741821842,1.777046783625731
0.45,2.5,0,108,1.3283283283283283,1.809789193118488
0.45,2.5,0,114,1.3588957055214723,1.8566847557967439
0.45,2.5,0,120,1.3213049925852693,1.8232335329341318
0.45,2.5,0,126,1.407426508509541,1.9329009728111748
0.45,2.5,0,132,1.4377260981912146,1.963083063108007
0.45,2.5,0,138,1.3998978549540346,1.919970267591675
0.45,2.5,0,144,1.418464626191671,1.950827653359299
0.45,2.5,0,150,1.4175824175824177,1.9417029511369135
0.45,2.5,1,0,1.0,1.0024636058230683
0.45,2.5,1,6,1.0178823529411765,1.0198494182067077
0.45,2.5,1,12,1.006137865911237,1.002967359050445
0.45,2.5,1,18,1.0221593587930222,1.020752565564424
0.45,2.5,1,24,1.075268817204301,1.0759403832505323
0.45,2.5,1,30,1.0621712099473937,1.0605500346660504
0.45,2.5,1,36,1.0883476599808979,1.0865340120314668
0.45,2.5,1,42,1.158203125,1.1556970983722576
0.45,2.5,1,48,1.2113352545629203,1.2179874506158495
0.45,2.5,1,54,1.2017332691381801,1.2744641192917054
0.45,2.5,1,60,1.1356421356421356,1.3329452852153667
0.45,2.5,1,66,1.0536681437715412,1.4418438022450442
0.45,2.5,1,72,1.040059347181009,1.5303827751196173
0.45,2.5,1,78,1.0797665369649805,1.5908024401689347
0.45,2.5,1,84,1.180359747204667,1.6363636363636365
0.45,2.5,1,90,1.3413775766716942,1.8355631233276575
0.45,2.5,1,96,1.3842340109072881,1.8716167664670658
0.45,2.5,1,102,1.3975728155339806,1.906015037593985
0.45,2.5,1,108,1.4167879670063077,1.926281301193541
0.45,2.5,1,114,1.4444444444444444,1.980281690140845
0.45,2.5,1,120,1.5922431865828093,2.177783413644433
0.45,2.5,1,126,1.539908490086426,2.119645494830133
0.45,2.5,1,132,1.5767465578786333,2.154527559055118
0.45,2.5,1,138,1.568802781917536,2.155994222436206
0.45,2.5,1,144,1.5394801373222167,2.110320284697509
0.45,2.5,1,150,1.607754279959718,2.205452775073028
